project_id,target_locale,translator_id,role
1,es-ES,475,Translator
1,ja-JP,74,Translator
1,de-DE,97,Translator
1,fr-FR,244,Translator
2,zh-CN,429,Translator
2,de-DE,301,Translator
3,ko-KR,83,Translator
3,ko-KR,321,Reviewer
3,ja-JP,397,Translator
3,ja-JP,255,Reviewer
3,es-ES,390,Translator
3,es-ES,66,Reviewer
4,fr-FR,464,Translator
4,fr-FR,406,Reviewer
4,ja-JP,317,Translator
4,ja-JP,270,Reviewer
4,ko-KR,413,Translator
4,ko-KR,432,Reviewer
4,es-ES,294,Translator
4,es-ES,231,Reviewer
5,es-ES,90,Translator
5,es-ES,161,Reviewer
5,fr-FR,302,Translator
5,fr-FR,162,Reviewer
5,it-IT,492,Translator
5,it-IT,347,Reviewer
5,de-DE,61,Translator
5,de-DE,110,Reviewer
6,ko-KR,235,Translator
6,es-ES,200,Translator
6,fr-FR,484,Translator
7,de-DE,115,Translator
7,en-US,362,Translator
7,fr-FR,3,Translator
7,ja-JP,211,Translator
8,ko-KR,217,Translator
8,ko-KR,490,Reviewer
9,pt-BR,12,Translator
9,pt-BR,337,Reviewer
9,de-DE,97,Translator
9,de-DE,197,Reviewer
9,ja-JP,397,Translator
9,ja-JP,421,Reviewer
9,es-ES,200,Translator
9,es-ES,475,Reviewer
10,da-DK,291,Translator
10,de-DE,142,Translator
11,es-ES,241,Translator
11,fr-FR,3,Translator
11,it-IT,408,Translator
11,de-DE,240,Translator
11,ja-JP,320,Translator
12,en-GB,446,Translator
12,de-DE,110,Translator
12,fr-FR,453,Translator
13,de-DE,115,Translator
13,fr-FR,5,Translator
14,ja-JP,470,Translator
14,ko-KR,217,Translator
14,es-ES,294,Translator
15,es-ES,390,Translator
15,es-ES,263,Reviewer
16,fr-FR,24,Translator
16,fr-FR,162,Reviewer
16,de-DE,339,Translator
16,de-DE,199,Reviewer
16,es-ES,29,Translator
16,es-ES,134,Reviewer
16,da-DK,474,Translator
16,da-DK,400,Reviewer
17,en-US,173,Translator
17,en-US,212,Reviewer
18,it-IT,175,Translator
18,es-ES,390,Translator
19,fr-FR,24,Translator
19,fr-FR,229,Reviewer
19,zh-CN,20,Translator
19,zh-CN,228,Reviewer
19,de-DE,288,Translator
19,de-DE,309,Reviewer
19,es-ES,483,Translator
19,es-ES,90,Reviewer
20,fr-FR,302,Translator
20,fr-FR,444,Reviewer
20,ja-JP,193,Translator
20,ja-JP,320,Reviewer
21,de-DE,424,Translator
21,de-DE,486,Reviewer
22,ja-JP,72,Translator
23,en-GB,324,Translator
23,en-GB,132,Reviewer
24,es-ES,161,Translator
24,es-ES,90,Reviewer
24,pt-BR,12,Translator
24,pt-BR,190,Reviewer
24,fr-FR,91,Translator
24,fr-FR,459,Reviewer
24,it-IT,456,Translator
24,it-IT,465,Reviewer
24,de-DE,240,Translator
24,de-DE,142,Reviewer
25,ja-JP,285,Translator
25,de-DE,199,Translator
25,es-ES,226,Translator
25,fr-FR,326,Translator
26,fr-FR,484,Translator
26,fr-FR,326,Reviewer
26,de-DE,61,Translator
26,de-DE,348,Reviewer
26,zh-CN,136,Translator
26,zh-CN,20,Reviewer
27,de-DE,288,Translator
27,fr-FR,369,Translator
28,ja-JP,366,Translator
28,ja-JP,193,Reviewer
28,ko-KR,445,Translator
28,ko-KR,332,Reviewer
28,es-ES,241,Translator
28,es-ES,483,Reviewer
28,fr-FR,164,Translator
28,fr-FR,180,Reviewer
28,de-DE,48,Translator
28,de-DE,300,Reviewer
29,de-DE,288,Translator
29,de-DE,374,Reviewer
29,pt-BR,104,Translator
29,pt-BR,442,Reviewer
30,de-DE,144,Translator
30,de-DE,424,Reviewer
30,fr-FR,441,Translator
30,fr-FR,363,Reviewer
30,en-GB,480,Translator
30,en-GB,367,Reviewer
31,es-ES,155,Translator
31,de-DE,61,Translator
31,ja-JP,295,Translator
31,fr-FR,365,Translator
32,de-DE,78,Translator
32,de-DE,115,Reviewer
32,fr-FR,225,Translator
32,fr-FR,164,Reviewer
32,ja-JP,470,Translator
32,ja-JP,255,Reviewer
32,es-ES,29,Translator
32,es-ES,483,Reviewer
33,ja-JP,320,Translator
34,de-DE,177,Translator
34,de-DE,370,Reviewer
34,da-DK,389,Translator
34,da-DK,273,Reviewer
34,es-ES,426,Translator
34,es-ES,323,Reviewer
34,fr-FR,244,Translator
34,fr-FR,164,Reviewer
35,ja-JP,266,Translator
35,fr-FR,365,Translator
36,de-DE,424,Translator
36,ja-JP,270,Translator
36,fr-FR,250,Translator
37,ja-JP,491,Translator
37,ja-JP,281,Reviewer
37,fr-FR,180,Translator
37,fr-FR,91,Reviewer
38,de-DE,434,Translator
38,de-DE,224,Reviewer
38,ja-JP,182,Translator
38,ja-JP,366,Reviewer
39,fr-FR,3,Translator
39,fr-FR,363,Reviewer
39,zh-CN,228,Translator
39,zh-CN,96,Reviewer
39,ko-KR,405,Translator
39,ko-KR,316,Reviewer
40,fr-FR,180,Translator
40,fr-FR,82,Reviewer
40,de-DE,177,Translator
40,de-DE,57,Reviewer
40,zh-CN,497,Translator
40,zh-CN,312,Reviewer
41,ja-JP,491,Translator
41,ja-JP,470,Reviewer
42,it-IT,47,Translator
42,it-IT,465,Reviewer
42,pt-BR,411,Translator
42,pt-BR,403,Reviewer
42,de-DE,71,Translator
42,de-DE,144,Reviewer
42,fr-FR,162,Translator
42,fr-FR,363,Reviewer
43,ko-KR,405,Translator
43,ko-KR,235,Reviewer
43,fr-FR,302,Translator
43,fr-FR,459,Reviewer
44,de-DE,142,Translator
44,de-DE,224,Reviewer
44,fr-FR,484,Translator
44,fr-FR,451,Reviewer
44,en-GB,436,Translator
44,en-GB,30,Reviewer
45,ja-JP,491,Translator
45,ja-JP,255,Reviewer
46,zh-CN,50,Translator
46,fr-FR,229,Translator
46,de-DE,71,Translator
47,pt-BR,330,Translator
47,pt-BR,105,Reviewer
47,es-ES,141,Translator
47,es-ES,399,Reviewer
47,fr-FR,406,Translator
47,fr-FR,94,Reviewer
48,it-IT,456,Translator
48,it-IT,492,Reviewer
48,pt-BR,430,Translator
48,pt-BR,10,Reviewer
48,fr-FR,162,Translator
48,fr-FR,169,Reviewer
48,de-DE,110,Translator
48,de-DE,288,Reviewer
48,es-ES,399,Translator
48,es-ES,294,Reviewer
49,es-ES,45,Translator
49,de-DE,56,Translator
50,ja-JP,364,Translator
50,ja-JP,455,Reviewer
50,de-DE,374,Translator
50,de-DE,370,Reviewer
50,zh-CN,232,Translator
50,zh-CN,184,Reviewer
51,en-GB,150,Translator
51,en-GB,487,Reviewer
51,fr-FR,444,Translator
51,fr-FR,380,Reviewer
52,ja-JP,73,Translator
52,ja-JP,364,Reviewer
52,fr-FR,451,Translator
52,fr-FR,244,Reviewer
53,da-DK,290,Translator
53,da-DK,291,Reviewer
53,fr-FR,459,Translator
53,fr-FR,277,Reviewer
54,fr-FR,236,Translator
54,fr-FR,58,Reviewer
54,ja-JP,320,Translator
54,ja-JP,449,Reviewer
54,de-DE,224,Translator
54,de-DE,199,Reviewer
55,fr-FR,423,Translator
56,es-ES,163,Translator
56,es-ES,168,Reviewer
57,it-IT,201,Translator
57,fr-FR,459,Translator
58,ja-JP,281,Translator
58,ja-JP,74,Reviewer
58,de-DE,424,Translator
58,de-DE,486,Reviewer
58,es-ES,263,Translator
58,es-ES,294,Reviewer
58,fr-FR,484,Translator
58,fr-FR,24,Reviewer
59,it-IT,456,Translator
59,it-IT,201,Reviewer
60,nl-NL,307,Translator
60,es-ES,241,Translator
60,de-DE,57,Translator
60,it-IT,416,Translator
60,fr-FR,459,Translator
61,es-ES,66,Translator
61,es-ES,168,Reviewer
61,de-DE,240,Translator
61,de-DE,309,Reviewer
61,ja-JP,73,Translator
61,ja-JP,295,Reviewer
61,fr-FR,459,Translator
61,fr-FR,260,Reviewer
62,zh-CN,204,Translator
62,zh-CN,319,Reviewer
62,ko-KR,321,Translator
62,ko-KR,375,Reviewer
62,ja-JP,364,Translator
62,ja-JP,320,Reviewer
63,ja-JP,254,Translator
63,ja-JP,103,Reviewer
63,zh-CN,228,Translator
63,zh-CN,335,Reviewer
63,de-DE,97,Translator
63,de-DE,300,Reviewer
63,ko-KR,209,Translator
63,ko-KR,316,Reviewer
63,fr-FR,435,Translator
63,fr-FR,380,Reviewer
64,de-DE,199,Translator
64,it-IT,201,Translator
65,de-DE,288,Translator
65,ja-JP,72,Translator
65,fr-FR,162,Translator
66,de-DE,48,Translator
66,de-DE,348,Reviewer
66,fr-FR,406,Translator
66,fr-FR,363,Reviewer
66,en-US,22,Translator
66,en-US,117,Reviewer
66,es-ES,141,Translator
66,es-ES,323,Reviewer
67,de-DE,197,Translator
67,de-DE,348,Reviewer
67,ja-JP,95,Translator
67,ja-JP,182,Reviewer
68,it-IT,152,Translator
68,it-IT,18,Reviewer
68,de-DE,309,Translator
68,de-DE,486,Reviewer
68,es-ES,163,Translator
68,es-ES,483,Reviewer
69,es-ES,66,Translator
69,de-DE,300,Translator
69,fr-FR,444,Translator
70,ko-KR,124,Translator
70,ko-KR,157,Reviewer
70,ja-JP,491,Translator
70,ja-JP,295,Reviewer
70,es-ES,390,Translator
70,es-ES,263,Reviewer
70,de-DE,288,Translator
70,de-DE,339,Reviewer
70,fr-FR,327,Translator
70,fr-FR,91,Reviewer
71,de-DE,288,Translator
71,en-GB,498,Translator
71,fr-FR,158,Translator
72,ja-JP,449,Translator
72,de-DE,374,Translator
73,fr-FR,5,Translator
73,ja-JP,320,Translator
73,de-DE,424,Translator
74,it-IT,465,Translator
74,it-IT,18,Reviewer
74,fr-FR,363,Translator
74,fr-FR,327,Reviewer
74,es-ES,426,Translator
74,es-ES,323,Reviewer
74,ja-JP,73,Translator
74,ja-JP,470,Reviewer
74,de-DE,61,Translator
74,de-DE,56,Reviewer
75,de-DE,224,Translator
75,ja-JP,295,Translator
75,fr-FR,158,Translator
75,es-ES,141,Translator
76,zh-CN,308,Translator
76,zh-CN,497,Reviewer
76,ja-JP,98,Translator
76,ja-JP,317,Reviewer
77,nl-NL,359,Translator
78,de-DE,71,Translator
78,de-DE,199,Reviewer
78,es-ES,263,Translator
78,es-ES,390,Reviewer
78,fr-FR,225,Translator
78,fr-FR,229,Reviewer
78,en-US,173,Translator
78,en-US,496,Reviewer
79,en-GB,367,Translator
79,fr-FR,369,Translator
79,de-DE,339,Translator
80,fr-FR,260,Translator
80,fr-FR,484,Reviewer
80,en-GB,324,Translator
80,en-GB,44,Reviewer
80,de-DE,110,Translator
80,de-DE,352,Reviewer
81,ko-KR,217,Translator
81,ko-KR,88,Reviewer
81,fr-FR,365,Translator
81,fr-FR,435,Reviewer
81,de-DE,144,Translator
81,de-DE,240,Reviewer
81,zh-CN,312,Translator
81,zh-CN,376,Reviewer
82,de-DE,199,Translator
82,de-DE,486,Reviewer
82,ja-JP,281,Translator
82,ja-JP,449,Reviewer
82,es-ES,475,Translator
82,es-ES,141,Reviewer
82,fr-FR,171,Translator
82,fr-FR,322,Reviewer
83,fr-FR,322,Translator
83,de-DE,348,Translator
83,zh-CN,264,Translator
84,fr-FR,3,Translator
84,es-ES,231,Translator
85,zh-CN,264,Translator
85,zh-CN,106,Reviewer
85,fr-FR,91,Translator
85,fr-FR,169,Reviewer
85,ko-KR,405,Translator
85,ko-KR,375,Reviewer
85,ja-JP,351,Translator
85,ja-JP,491,Reviewer
85,de-DE,486,Translator
85,de-DE,97,Reviewer
86,it-IT,152,Translator
86,it-IT,416,Reviewer
86,de-DE,144,Translator
86,de-DE,177,Reviewer
86,nl-NL,391,Translator
86,nl-NL,65,Reviewer
86,pl-PL,388,Translator
86,pl-PL,500,Reviewer
86,es-ES,163,Translator
86,es-ES,231,Reviewer
87,it-IT,36,Translator
87,de-DE,177,Translator
88,ja-JP,98,Translator
88,ja-JP,351,Reviewer
88,es-ES,66,Translator
88,es-ES,263,Reviewer
88,de-DE,240,Translator
88,de-DE,309,Reviewer
88,fr-FR,464,Translator
88,fr-FR,225,Reviewer
89,fr-FR,441,Translator
89,fr-FR,244,Reviewer
89,ja-JP,364,Translator
89,ja-JP,455,Reviewer
89,zh-CN,111,Translator
89,zh-CN,136,Reviewer
90,de-DE,56,Translator
90,es-ES,161,Translator
90,fr-FR,326,Translator
91,fr-FR,435,Translator
91,fr-FR,451,Reviewer
91,en-GB,132,Translator
91,en-GB,68,Reviewer
91,de-DE,57,Translator
91,de-DE,144,Reviewer
92,fr-FR,58,Translator
92,fr-FR,277,Reviewer
92,es-ES,231,Translator
92,es-ES,45,Reviewer
92,ko-KR,331,Translator
92,ko-KR,490,Reviewer
92,de-DE,348,Translator
92,de-DE,61,Reviewer
92,ja-JP,397,Translator
92,ja-JP,98,Reviewer
93,de-DE,110,Translator
93,it-IT,408,Translator
93,es-ES,45,Translator
93,nl-NL,133,Translator
93,fr-FR,363,Translator
93,pl-PL,338,Translator
94,de-DE,224,Translator
94,de-DE,61,Reviewer
94,es-ES,163,Translator
94,es-ES,399,Reviewer
94,fr-FR,363,Translator
94,fr-FR,451,Reviewer
95,de-DE,303,Translator
96,en-US,22,Translator
96,en-US,21,Reviewer
96,de-DE,301,Translator
96,de-DE,339,Reviewer
96,fr-FR,380,Translator
96,fr-FR,381,Reviewer
96,ja-JP,317,Translator
96,ja-JP,266,Reviewer
97,ja-JP,285,Translator
97,ja-JP,73,Reviewer
97,fr-FR,162,Translator
97,fr-FR,229,Reviewer
97,es-ES,390,Translator
97,es-ES,161,Reviewer
97,de-DE,374,Translator
97,de-DE,370,Reviewer
97,it-IT,347,Translator
97,it-IT,428,Reviewer
98,de-DE,199,Translator
98,zh-CN,312,Translator
98,es-ES,161,Translator
99,ja-JP,193,Translator
99,ja-JP,266,Reviewer
99,it-IT,465,Translator
99,it-IT,385,Reviewer
99,de-DE,48,Translator
99,de-DE,374,Reviewer
99,fr-FR,225,Translator
99,fr-FR,380,Reviewer
99,es-ES,475,Translator
99,es-ES,223,Reviewer
100,en-US,212,Translator
100,en-US,11,Reviewer
100,de-DE,57,Translator
100,de-DE,224,Reviewer
100,ja-JP,182,Translator
100,ja-JP,98,Reviewer
100,fr-FR,484,Translator
100,fr-FR,277,Reviewer
101,en-US,357,Translator
101,fr-FR,180,Translator
101,de-DE,370,Translator
102,fr-FR,423,Translator
102,es-ES,241,Translator
102,it-IT,201,Translator
102,nl-NL,89,Translator
102,de-DE,177,Translator
102,pl-PL,356,Translator
103,de-DE,240,Translator
103,es-ES,168,Translator
103,ja-JP,266,Translator
103,fr-FR,164,Translator
104,zh-CN,340,Translator
104,zh-CN,493,Reviewer
104,es-ES,399,Translator
104,es-ES,90,Reviewer
104,fr-FR,380,Translator
104,fr-FR,225,Reviewer
104,de-DE,61,Translator
104,de-DE,300,Reviewer
105,ja-JP,254,Translator
105,ja-JP,295,Reviewer
105,fr-FR,180,Translator
105,fr-FR,24,Reviewer
105,de-DE,71,Translator
105,de-DE,303,Reviewer
105,es-ES,66,Translator
105,es-ES,168,Reviewer
106,fr-FR,451,Translator
106,de-DE,177,Translator
106,zh-CN,489,Translator
107,es-ES,399,Translator
107,es-ES,161,Reviewer
107,ja-JP,320,Translator
107,ja-JP,103,Reviewer
107,it-IT,216,Translator
107,it-IT,347,Reviewer
107,de-DE,78,Translator
107,de-DE,144,Reviewer
107,fr-FR,82,Translator
107,fr-FR,363,Reviewer
108,es-ES,475,Translator
108,es-ES,168,Reviewer
108,pt-BR,40,Translator
108,pt-BR,418,Reviewer
108,it-IT,416,Translator
108,it-IT,347,Reviewer
108,fr-FR,444,Translator
108,fr-FR,229,Reviewer
108,de-DE,301,Translator
108,de-DE,199,Reviewer
109,fr-FR,327,Translator
109,de-DE,48,Translator
110,de-DE,224,Translator
110,de-DE,97,Reviewer
110,fr-FR,260,Translator
110,fr-FR,250,Reviewer
110,en-US,259,Translator
110,en-US,362,Reviewer
110,ja-JP,364,Translator
110,ja-JP,193,Reviewer
111,fr-FR,327,Translator
111,fr-FR,169,Reviewer
111,de-DE,352,Translator
111,de-DE,61,Reviewer
111,es-ES,168,Translator
111,es-ES,483,Reviewer
111,ja-JP,320,Translator
111,ja-JP,295,Reviewer
112,es-ES,168,Translator
112,fr-FR,444,Translator
112,ja-JP,211,Translator
112,de-DE,309,Translator
113,fr-FR,82,Translator
113,fr-FR,435,Reviewer
113,en-GB,150,Translator
113,en-GB,498,Reviewer
113,de-DE,303,Translator
113,de-DE,61,Reviewer
114,fr-FR,369,Translator
114,fr-FR,58,Reviewer
114,da-DK,290,Translator
114,da-DK,19,Reviewer
114,es-ES,163,Translator
114,es-ES,29,Reviewer
114,de-DE,78,Translator
114,de-DE,97,Reviewer
115,es-ES,66,Translator
115,es-ES,263,Reviewer
115,fr-FR,91,Translator
115,fr-FR,365,Reviewer
115,de-DE,301,Translator
115,de-DE,300,Reviewer
116,de-DE,57,Translator
116,de-DE,339,Reviewer
116,fr-FR,250,Translator
116,fr-FR,91,Reviewer
116,es-ES,141,Translator
116,es-ES,163,Reviewer
116,da-DK,189,Translator
116,da-DK,474,Reviewer
117,de-DE,240,Translator
117,de-DE,197,Reviewer
117,en-GB,480,Translator
117,en-GB,44,Reviewer
118,es-ES,426,Translator
118,ja-JP,295,Translator
118,fr-FR,236,Translator
118,de-DE,424,Translator
119,es-ES,263,Translator
119,es-ES,134,Reviewer
120,fr-FR,423,Translator
121,de-DE,374,Translator
121,en-GB,324,Translator
121,fr-FR,250,Translator
122,ja-JP,72,Translator
122,ja-JP,397,Reviewer
122,fr-FR,158,Translator
122,fr-FR,464,Reviewer
123,de-DE,374,Translator
123,ja-JP,366,Translator
123,pt-BR,104,Translator
123,fr-FR,444,Translator
123,es-ES,200,Translator
124,ko-KR,210,Translator
124,ko-KR,344,Reviewer
124,fr-FR,229,Translator
124,fr-FR,171,Reviewer
124,de-DE,370,Translator
124,de-DE,48,Reviewer
124,ja-JP,421,Translator
124,ja-JP,98,Reviewer
124,es-ES,223,Translator
124,es-ES,399,Reviewer
125,de-DE,177,Translator
125,fr-FR,5,Translator
125,ja-JP,295,Translator
126,de-DE,352,Translator
126,de-DE,309,Reviewer
126,ja-JP,295,Translator
126,ja-JP,254,Reviewer
126,es-ES,426,Translator
126,es-ES,101,Reviewer
126,it-IT,152,Translator
126,it-IT,216,Reviewer
127,zh-CN,232,Translator
127,zh-CN,228,Reviewer
127,de-DE,224,Translator
127,de-DE,240,Reviewer
127,ko-KR,124,Translator
127,ko-KR,331,Reviewer
128,fr-FR,327,Translator
128,fr-FR,369,Reviewer
128,ja-JP,255,Translator
128,ja-JP,266,Reviewer
128,de-DE,57,Translator
128,de-DE,48,Reviewer
128,es-ES,90,Translator
128,es-ES,168,Reviewer
129,zh-CN,493,Translator
130,fr-FR,363,Translator
130,fr-FR,229,Reviewer
130,ko-KR,209,Translator
130,ko-KR,157,Reviewer
130,zh-CN,497,Translator
130,zh-CN,16,Reviewer
130,de-DE,71,Translator
130,de-DE,424,Reviewer
130,ja-JP,455,Translator
130,ja-JP,449,Reviewer
131,de-DE,71,Translator
131,de-DE,78,Reviewer
131,pt-BR,185,Translator
131,pt-BR,222,Reviewer
131,fr-FR,484,Translator
131,fr-FR,459,Reviewer
131,ja-JP,285,Translator
131,ja-JP,73,Reviewer
132,da-DK,85,Translator
133,es-ES,134,Translator
133,es-ES,483,Reviewer
133,de-DE,224,Translator
133,de-DE,199,Reviewer
133,en-GB,396,Translator
133,en-GB,139,Reviewer
133,ja-JP,470,Translator
133,ja-JP,255,Reviewer
134,de-DE,240,Translator
134,de-DE,177,Reviewer
134,fr-FR,484,Translator
134,fr-FR,5,Reviewer
134,en-GB,68,Translator
134,en-GB,367,Reviewer
135,ja-JP,455,Translator
135,de-DE,224,Translator
135,fr-FR,484,Translator
135,es-ES,66,Translator
136,fr-FR,277,Translator
136,fr-FR,162,Reviewer
136,es-ES,390,Translator
136,es-ES,161,Reviewer
136,de-DE,115,Translator
136,de-DE,434,Reviewer
136,en-US,259,Translator
136,en-US,34,Reviewer
137,es-ES,155,Translator
137,es-ES,163,Reviewer
137,ja-JP,72,Translator
137,ja-JP,320,Reviewer
137,it-IT,181,Translator
137,it-IT,216,Reviewer
137,fr-FR,229,Translator
137,fr-FR,326,Reviewer
137,de-DE,57,Translator
137,de-DE,240,Reviewer
138,ko-KR,210,Translator
138,ko-KR,432,Reviewer
138,es-ES,200,Translator
138,es-ES,168,Reviewer
138,ja-JP,255,Translator
138,ja-JP,491,Reviewer
139,pt-BR,227,Translator
140,zh-CN,50,Translator
140,fr-FR,327,Translator
140,de-DE,424,Translator
141,ja-JP,73,Translator
141,fr-FR,94,Translator
142,ja-JP,285,Translator
142,ja-JP,254,Reviewer
142,es-ES,141,Translator
142,es-ES,241,Reviewer
142,zh-CN,495,Translator
142,zh-CN,50,Reviewer
142,fr-FR,327,Translator
142,fr-FR,180,Reviewer
142,de-DE,57,Translator
142,de-DE,303,Reviewer
143,de-DE,301,Translator
143,es-ES,483,Translator
143,pt-BR,268,Translator
143,ja-JP,366,Translator
144,es-ES,390,Translator
144,nl-NL,245,Translator
144,de-DE,486,Translator
145,de-DE,303,Translator
145,de-DE,339,Reviewer
145,ja-JP,221,Translator
145,ja-JP,254,Reviewer
145,it-IT,181,Translator
145,it-IT,201,Reviewer
146,fr-FR,423,Translator
146,ja-JP,351,Translator
147,es-ES,226,Translator
147,ja-JP,254,Translator
147,ko-KR,413,Translator
147,de-DE,486,Translator
148,de-DE,115,Translator
148,de-DE,424,Reviewer
148,es-ES,66,Translator
148,es-ES,163,Reviewer
148,ja-JP,317,Translator
148,ja-JP,73,Reviewer
148,it-IT,18,Translator
148,it-IT,216,Reviewer
148,fr-FR,451,Translator
148,fr-FR,277,Reviewer
149,zh-CN,2,Translator
149,zh-CN,99,Reviewer
149,de-DE,352,Translator
149,de-DE,424,Reviewer
150,it-IT,408,Translator
150,it-IT,416,Reviewer
150,es-ES,66,Translator
150,es-ES,483,Reviewer
150,pl-PL,425,Translator
150,pl-PL,147,Reviewer
150,nl-NL,166,Translator
150,nl-NL,196,Reviewer
150,de-DE,339,Translator
150,de-DE,115,Reviewer
151,ja-JP,470,Translator
151,fr-FR,451,Translator
151,de-DE,197,Translator
151,es-ES,231,Translator
152,ja-JP,98,Translator
152,ja-JP,182,Reviewer
152,es-ES,263,Translator
152,es-ES,294,Reviewer
152,fr-FR,225,Translator
152,fr-FR,459,Reviewer
152,ko-KR,83,Translator
152,ko-KR,217,Reviewer
153,es-ES,231,Translator
153,es-ES,141,Reviewer
153,ko-KR,490,Translator
153,ko-KR,207,Reviewer
153,de-DE,57,Translator
153,de-DE,142,Reviewer
154,it-IT,416,Translator
154,es-ES,155,Translator
155,fr-FR,327,Translator
155,zh-CN,493,Translator
155,de-DE,352,Translator
156,fr-FR,82,Translator
156,fr-FR,327,Reviewer
156,ja-JP,351,Translator
156,ja-JP,270,Reviewer
156,es-ES,161,Translator
156,es-ES,323,Reviewer
156,de-DE,424,Translator
156,de-DE,97,Reviewer
157,ja-JP,98,Translator
157,ja-JP,254,Reviewer
157,it-IT,47,Translator
157,it-IT,175,Reviewer
158,fr-FR,236,Translator
158,it-IT,456,Translator
158,nl-NL,350,Translator
158,pl-PL,304,Translator
158,de-DE,224,Translator
158,es-ES,294,Translator
159,de-DE,424,Translator
159,de-DE,144,Reviewer
160,fr-FR,180,Translator
160,fr-FR,58,Reviewer
160,de-DE,71,Translator
160,de-DE,486,Reviewer
160,en-GB,480,Translator
160,en-GB,30,Reviewer
161,de-DE,142,Translator
161,de-DE,48,Reviewer
162,fr-FR,459,Translator
162,fr-FR,277,Reviewer
162,ja-JP,211,Translator
162,ja-JP,187,Reviewer
162,ko-KR,267,Translator
162,ko-KR,297,Reviewer
163,en-GB,446,Translator
163,en-GB,313,Reviewer
163,ja-JP,255,Translator
163,ja-JP,95,Reviewer
163,es-ES,241,Translator
163,es-ES,134,Reviewer
163,de-DE,56,Translator
163,de-DE,352,Reviewer
163,fr-FR,441,Translator
163,fr-FR,326,Reviewer
164,de-DE,288,Translator
164,de-DE,56,Reviewer
164,zh-CN,16,Translator
164,zh-CN,50,Reviewer
164,fr-FR,444,Translator
164,fr-FR,406,Reviewer
165,es-ES,141,Translator
165,es-ES,66,Reviewer
166,es-ES,161,Translator
166,es-ES,134,Reviewer
166,de-DE,301,Translator
166,de-DE,57,Reviewer
166,fr-FR,277,Translator
166,fr-FR,82,Reviewer
166,ja-JP,494,Translator
166,ja-JP,74,Reviewer
167,ja-JP,193,Translator
167,ja-JP,187,Reviewer
168,es-ES,223,Translator
169,fr-FR,406,Translator
169,fr-FR,451,Reviewer
169,de-DE,199,Translator
169,de-DE,78,Reviewer
169,ja-JP,320,Translator
169,ja-JP,95,Reviewer
170,es-ES,29,Translator
170,fr-FR,423,Translator
170,ja-JP,421,Translator
170,de-DE,300,Translator
171,pt-BR,40,Translator
171,pt-BR,418,Reviewer
171,es-ES,226,Translator
171,es-ES,76,Reviewer
171,fr-FR,24,Translator
171,fr-FR,365,Reviewer
171,de-DE,309,Translator
171,de-DE,288,Reviewer
171,it-IT,408,Translator
171,it-IT,456,Reviewer
172,es-ES,161,Translator
172,ja-JP,98,Translator
172,de-DE,144,Translator
172,fr-FR,381,Translator
173,fr-FR,33,Translator
173,fr-FR,369,Reviewer
173,es-ES,390,Translator
173,es-ES,263,Reviewer
173,ja-JP,320,Translator
173,ja-JP,455,Reviewer
173,de-DE,48,Translator
173,de-DE,78,Reviewer
174,de-DE,434,Translator
174,de-DE,199,Reviewer
174,es-ES,294,Translator
174,es-ES,426,Reviewer
174,zh-CN,99,Translator
174,zh-CN,111,Reviewer
174,fr-FR,58,Translator
174,fr-FR,327,Reviewer
175,de-DE,115,Translator
175,de-DE,78,Reviewer
175,fr-FR,171,Translator
175,fr-FR,3,Reviewer
175,zh-CN,228,Translator
175,zh-CN,16,Reviewer
175,ja-JP,73,Translator
175,ja-JP,182,Reviewer
176,de-DE,97,Translator
176,de-DE,56,Reviewer
176,es-ES,101,Translator
176,es-ES,263,Reviewer
176,fr-FR,369,Translator
176,fr-FR,302,Reviewer
177,es-ES,390,Translator
177,it-IT,408,Translator
177,ja-JP,491,Translator
178,es-ES,426,Translator
178,es-ES,29,Reviewer
178,en-US,468,Translator
178,en-US,233,Reviewer
178,fr-FR,158,Translator
178,fr-FR,169,Reviewer
178,de-DE,142,Translator
178,de-DE,370,Reviewer
179,fr-FR,91,Translator
179,fr-FR,94,Reviewer
179,ja-JP,211,Translator
179,ja-JP,449,Reviewer
180,de-DE,71,Translator
180,de-DE,48,Reviewer
180,es-ES,200,Translator
180,es-ES,226,Reviewer
181,es-ES,231,Translator
181,ja-JP,73,Translator
181,de-DE,61,Translator
181,fr-FR,277,Translator
182,fr-FR,58,Translator
182,fr-FR,244,Reviewer
182,en-GB,198,Translator
182,en-GB,498,Reviewer
182,ja-JP,295,Translator
182,ja-JP,317,Reviewer
182,es-ES,90,Translator
182,es-ES,29,Reviewer
182,de-DE,61,Translator
182,de-DE,486,Reviewer
183,de-DE,197,Translator
183,de-DE,224,Reviewer
184,fr-FR,229,Translator
184,de-DE,97,Translator
184,zh-CN,493,Translator
185,en-GB,367,Translator
185,de-DE,71,Translator
186,fr-FR,158,Translator
186,fr-FR,162,Reviewer
187,de-DE,434,Translator
187,ko-KR,149,Translator
187,zh-CN,111,Translator
187,fr-FR,24,Translator
187,ja-JP,73,Translator
188,fr-FR,277,Translator
188,fr-FR,225,Reviewer
188,en-GB,436,Translator
188,en-GB,121,Reviewer
188,de-DE,78,Translator
188,de-DE,348,Reviewer
189,de-DE,78,Translator
189,de-DE,56,Reviewer
189,en-GB,212,Translator
189,en-GB,313,Reviewer
189,fr-FR,158,Translator
189,fr-FR,5,Reviewer
190,it-IT,152,Translator
190,it-IT,36,Reviewer
190,de-DE,434,Translator
190,de-DE,57,Reviewer
191,fr-FR,94,Translator
191,fr-FR,225,Reviewer
191,zh-CN,111,Translator
191,zh-CN,335,Reviewer
192,de-DE,142,Translator
192,zh-CN,99,Translator
192,es-ES,141,Translator
192,fr-FR,453,Translator
193,ko-KR,124,Translator
193,ko-KR,207,Reviewer
193,es-ES,141,Translator
193,es-ES,399,Reviewer
193,ja-JP,103,Translator
193,ja-JP,254,Reviewer
193,de-DE,78,Translator
193,de-DE,300,Reviewer
193,fr-FR,327,Translator
193,fr-FR,94,Reviewer
194,de-DE,374,Translator
195,ko-KR,179,Translator
195,ko-KR,157,Reviewer
195,fr-FR,229,Translator
195,fr-FR,484,Reviewer
196,ko-KR,209,Translator
196,ko-KR,235,Reviewer
196,de-DE,424,Translator
196,de-DE,486,Reviewer
196,ja-JP,255,Translator
196,ja-JP,364,Reviewer
196,zh-CN,136,Translator
196,zh-CN,204,Reviewer
196,fr-FR,158,Translator
196,fr-FR,225,Reviewer
197,fr-FR,260,Translator
197,fr-FR,169,Reviewer
197,es-ES,241,Translator
197,es-ES,200,Reviewer
197,de-DE,142,Translator
197,de-DE,374,Reviewer
197,ja-JP,421,Translator
197,ja-JP,211,Reviewer
197,ko-KR,321,Translator
197,ko-KR,267,Reviewer
198,it-IT,443,Translator
198,it-IT,18,Reviewer
198,de-DE,78,Translator
198,de-DE,142,Reviewer
198,es-ES,294,Translator
198,es-ES,241,Reviewer
199,ja-JP,255,Translator
199,fr-FR,369,Translator
199,de-DE,97,Translator
199,es-ES,155,Translator
200,en-GB,125,Translator
200,en-GB,498,Reviewer
201,en-US,21,Translator
201,ja-JP,366,Translator
201,fr-FR,459,Translator
201,de-DE,177,Translator
202,de-DE,110,Translator
202,de-DE,224,Reviewer
203,zh-CN,495,Translator
203,ja-JP,266,Translator
203,fr-FR,406,Translator
203,de-DE,309,Translator
203,es-ES,141,Translator
204,fr-FR,244,Translator
204,de-DE,339,Translator
204,ja-JP,295,Translator
205,en-GB,396,Translator
206,es-ES,390,Translator
206,es-ES,399,Reviewer
207,es-ES,168,Translator
207,ko-KR,157,Translator
208,es-ES,323,Translator
208,es-ES,231,Reviewer
209,fr-FR,225,Translator
209,fr-FR,326,Reviewer
209,de-DE,197,Translator
209,de-DE,434,Reviewer
210,fr-FR,82,Translator
210,fr-FR,322,Reviewer
210,ja-JP,364,Translator
210,ja-JP,103,Reviewer
210,es-ES,200,Translator
210,es-ES,223,Reviewer
210,zh-CN,204,Translator
210,zh-CN,184,Reviewer
210,de-DE,301,Translator
210,de-DE,486,Reviewer
211,de-DE,57,Translator
211,fr-FR,244,Translator
212,fr-FR,423,Translator
212,fr-FR,327,Reviewer
213,es-ES,101,Translator
213,es-ES,200,Reviewer
213,fr-FR,229,Translator
213,fr-FR,441,Reviewer
213,de-DE,56,Translator
213,de-DE,309,Reviewer
213,en-US,315,Translator
213,en-US,318,Reviewer
214,pl-PL,206,Translator
214,pl-PL,60,Reviewer
214,fr-FR,244,Translator
214,fr-FR,423,Reviewer
214,es-ES,168,Translator
214,es-ES,141,Reviewer
214,de-DE,110,Translator
214,de-DE,199,Reviewer
214,it-IT,416,Translator
214,it-IT,181,Reviewer
214,nl-NL,167,Translator
214,nl-NL,311,Reviewer
215,es-ES,483,Translator
215,es-ES,155,Reviewer
215,ja-JP,491,Translator
215,ja-JP,397,Reviewer
215,fr-FR,363,Translator
215,fr-FR,380,Reviewer
216,ja-JP,366,Translator
216,ja-JP,221,Reviewer
216,de-DE,339,Translator
216,de-DE,110,Reviewer
216,fr-FR,302,Translator
216,fr-FR,180,Reviewer
217,de-DE,300,Translator
217,de-DE,303,Reviewer
218,fr-FR,365,Translator
218,fr-FR,158,Reviewer
219,fr-FR,453,Translator
219,ja-JP,285,Translator
219,es-ES,163,Translator
219,de-DE,352,Translator
220,de-DE,110,Translator
220,de-DE,71,Reviewer
220,fr-FR,250,Translator
220,fr-FR,171,Reviewer
220,es-ES,426,Translator
220,es-ES,200,Reviewer
221,es-ES,231,Translator
221,fr-FR,459,Translator
221,de-DE,71,Translator
221,ja-JP,211,Translator
222,ko-KR,124,Translator
222,ko-KR,235,Reviewer
223,es-ES,231,Translator
223,es-ES,66,Reviewer
223,de-DE,78,Translator
223,de-DE,339,Reviewer
223,ja-JP,266,Translator
223,ja-JP,470,Reviewer
223,fr-FR,365,Translator
223,fr-FR,171,Reviewer
224,fr-FR,451,Translator
224,fr-FR,225,Reviewer
224,de-DE,144,Translator
224,de-DE,115,Reviewer
224,es-ES,134,Translator
224,es-ES,426,Reviewer
224,ko-KR,210,Translator
224,ko-KR,267,Reviewer
224,ja-JP,285,Translator
224,ja-JP,221,Reviewer
225,fr-FR,435,Translator
225,fr-FR,369,Reviewer
225,nl-NL,145,Translator
225,nl-NL,439,Reviewer
226,fr-FR,453,Translator
226,fr-FR,5,Reviewer
226,de-DE,199,Translator
226,de-DE,424,Reviewer
227,es-ES,76,Translator
227,es-ES,223,Reviewer
228,es-ES,475,Translator
228,es-ES,263,Reviewer
228,en-US,93,Translator
228,en-US,233,Reviewer
228,fr-FR,453,Translator
228,fr-FR,406,Reviewer
228,de-DE,301,Translator
228,de-DE,339,Reviewer
229,es-ES,141,Translator
229,es-ES,390,Reviewer
230,ko-KR,321,Translator
230,ko-KR,375,Reviewer
230,zh-CN,495,Translator
230,zh-CN,319,Reviewer
231,es-ES,399,Translator
231,es-ES,66,Reviewer
231,ja-JP,255,Translator
231,ja-JP,95,Reviewer
231,fr-FR,322,Translator
231,fr-FR,225,Reviewer
231,de-DE,339,Translator
231,de-DE,288,Reviewer
231,it-IT,47,Translator
231,it-IT,175,Reviewer
232,de-DE,197,Translator
232,fr-FR,435,Translator
232,es-ES,390,Translator
232,ja-JP,182,Translator
233,it-IT,456,Translator
233,de-DE,57,Translator
233,nl-NL,62,Translator
233,fr-FR,229,Translator
234,ja-JP,72,Translator
234,ja-JP,281,Reviewer
234,fr-FR,180,Translator
234,fr-FR,423,Reviewer
235,de-DE,71,Translator
235,de-DE,199,Reviewer
235,es-ES,45,Translator
235,es-ES,241,Reviewer
235,da-DK,474,Translator
235,da-DK,137,Reviewer
235,fr-FR,3,Translator
235,fr-FR,94,Reviewer
236,da-DK,189,Translator
236,es-ES,263,Translator
236,de-DE,303,Translator
236,fr-FR,369,Translator
237,fr-FR,406,Translator
237,fr-FR,453,Reviewer
237,ja-JP,470,Translator
237,ja-JP,364,Reviewer
237,de-DE,48,Translator
237,de-DE,301,Reviewer
237,zh-CN,50,Translator
237,zh-CN,232,Reviewer
238,fr-FR,244,Translator
238,fr-FR,459,Reviewer
238,es-ES,134,Translator
238,es-ES,76,Reviewer
238,ja-JP,98,Translator
238,ja-JP,95,Reviewer
238,de-DE,142,Translator
238,de-DE,199,Reviewer
239,fr-FR,171,Translator
239,es-ES,294,Translator
239,de-DE,370,Translator
239,zh-CN,136,Translator
240,ja-JP,421,Translator
240,fr-FR,380,Translator
240,de-DE,197,Translator
240,ko-KR,157,Translator
240,zh-CN,184,Translator
241,ja-JP,320,Translator
241,ja-JP,193,Reviewer
241,de-DE,424,Translator
241,de-DE,71,Reviewer
241,es-ES,475,Translator
241,es-ES,294,Reviewer
241,fr-FR,164,Translator
241,fr-FR,363,Reviewer
242,fr-FR,250,Translator
242,fr-FR,326,Reviewer
242,ko-KR,358,Translator
242,ko-KR,243,Reviewer
243,es-ES,134,Translator
243,es-ES,141,Reviewer
243,de-DE,303,Translator
243,de-DE,61,Reviewer
243,ko-KR,267,Translator
243,ko-KR,149,Reviewer
244,fr-FR,459,Translator
244,fr-FR,464,Reviewer
244,it-IT,385,Translator
244,it-IT,18,Reviewer
244,pt-BR,160,Translator
244,pt-BR,293,Reviewer
244,es-ES,294,Translator
244,es-ES,155,Reviewer
245,de-DE,288,Translator
245,de-DE,486,Reviewer
246,es-ES,399,Translator
246,es-ES,66,Reviewer
247,de-DE,339,Translator
247,de-DE,61,Reviewer
248,fr-FR,169,Translator
248,fr-FR,369,Reviewer
248,de-DE,348,Translator
248,de-DE,197,Reviewer
248,nl-NL,439,Translator
248,nl-NL,167,Reviewer
248,it-IT,456,Translator
248,it-IT,47,Reviewer
249,ja-JP,317,Translator
249,ja-JP,255,Reviewer
249,de-DE,224,Translator
249,de-DE,348,Reviewer
249,fr-FR,5,Translator
249,fr-FR,369,Reviewer
250,ja-JP,351,Translator
250,ja-JP,491,Reviewer
250,de-DE,300,Translator
250,de-DE,110,Reviewer
250,fr-FR,180,Translator
250,fr-FR,322,Reviewer
251,es-ES,141,Translator
251,es-ES,390,Reviewer
251,ja-JP,95,Translator
251,ja-JP,73,Reviewer
251,fr-FR,91,Translator
251,fr-FR,363,Reviewer
251,de-DE,61,Translator
251,de-DE,97,Reviewer
252,es-ES,168,Translator
252,fr-FR,453,Translator
253,it-IT,18,Translator
253,it-IT,175,Reviewer
253,de-DE,197,Translator
253,de-DE,374,Reviewer
253,fr-FR,229,Translator
253,fr-FR,459,Reviewer
253,ja-JP,317,Translator
253,ja-JP,193,Reviewer
253,es-ES,475,Translator
253,es-ES,294,Reviewer
254,fr-FR,24,Translator
254,fr-FR,91,Reviewer
254,de-DE,97,Translator
254,de-DE,115,Reviewer
254,ja-JP,187,Translator
254,ja-JP,211,Reviewer
254,zh-CN,111,Translator
254,zh-CN,99,Reviewer
255,de-DE,240,Translator
255,de-DE,348,Reviewer
255,en-GB,313,Translator
255,en-GB,367,Reviewer
255,fr-FR,180,Translator
255,fr-FR,250,Reviewer
256,de-DE,300,Translator
256,ko-KR,375,Translator
256,fr-FR,91,Translator
256,ja-JP,211,Translator
257,es-ES,45,Translator
257,it-IT,492,Translator
257,fr-FR,236,Translator
258,en-US,22,Translator
258,en-US,21,Reviewer
258,fr-FR,58,Translator
258,fr-FR,380,Reviewer
258,de-DE,240,Translator
258,de-DE,309,Reviewer
259,ja-JP,182,Translator
259,ja-JP,73,Reviewer
259,es-ES,66,Translator
259,es-ES,161,Reviewer
259,de-DE,300,Translator
259,de-DE,57,Reviewer
259,it-IT,152,Translator
259,it-IT,443,Reviewer
259,fr-FR,3,Translator
259,fr-FR,260,Reviewer
260,ja-JP,295,Translator
260,ja-JP,351,Reviewer
261,en-GB,480,Translator
261,en-GB,436,Reviewer
261,fr-FR,82,Translator
261,fr-FR,5,Reviewer
262,es-ES,45,Translator
262,it-IT,385,Translator
262,fr-FR,164,Translator
262,de-DE,486,Translator
263,it-IT,36,Translator
263,it-IT,181,Reviewer
264,fr-FR,441,Translator
264,ja-JP,285,Translator
264,it-IT,443,Translator
264,es-ES,223,Translator
264,de-DE,61,Translator
265,ja-JP,254,Translator
265,ja-JP,494,Reviewer
265,it-IT,492,Translator
265,it-IT,36,Reviewer
265,de-DE,352,Translator
265,de-DE,57,Reviewer
265,fr-FR,484,Translator
265,fr-FR,464,Reviewer
265,es-ES,45,Translator
265,es-ES,155,Reviewer
266,ja-JP,211,Translator
266,ja-JP,98,Reviewer
266,es-ES,76,Translator
266,es-ES,141,Reviewer
266,fr-FR,236,Translator
266,fr-FR,441,Reviewer
266,de-DE,486,Translator
266,de-DE,352,Reviewer
267,ja-JP,491,Translator
267,ja-JP,221,Reviewer
267,fr-FR,260,Translator
267,fr-FR,453,Reviewer
267,ko-KR,209,Translator
267,ko-KR,445,Reviewer
267,es-ES,90,Translator
267,es-ES,45,Reviewer
267,de-DE,97,Translator
267,de-DE,177,Reviewer
268,fr-FR,171,Translator
268,fr-FR,58,Reviewer
268,de-DE,199,Translator
268,de-DE,56,Reviewer
268,ja-JP,364,Translator
268,ja-JP,270,Reviewer
268,zh-CN,335,Translator
268,zh-CN,489,Reviewer
269,de-DE,61,Translator
269,de-DE,288,Reviewer
269,fr-FR,459,Translator
269,fr-FR,91,Reviewer
269,en-US,151,Translator
269,en-US,384,Reviewer
269,ja-JP,254,Translator
269,ja-JP,73,Reviewer
270,en-GB,52,Translator
270,en-GB,212,Reviewer
270,fr-FR,406,Translator
270,fr-FR,91,Reviewer
270,de-DE,434,Translator
270,de-DE,348,Reviewer
271,it-IT,47,Translator
271,it-IT,467,Reviewer
271,es-ES,76,Translator
271,es-ES,141,Reviewer
271,fr-FR,158,Translator
271,fr-FR,91,Reviewer
271,pt-BR,430,Translator
271,pt-BR,227,Reviewer
271,de-DE,434,Translator
271,de-DE,424,Reviewer
272,ja-JP,72,Translator
272,fr-FR,158,Translator
272,ko-KR,210,Translator
272,de-DE,486,Translator
272,zh-CN,264,Translator
273,de-DE,339,Translator
273,de-DE,486,Reviewer
273,ja-JP,72,Translator
273,ja-JP,182,Reviewer
273,es-ES,241,Translator
273,es-ES,294,Reviewer
273,fr-FR,82,Translator
273,fr-FR,260,Reviewer
274,fr-FR,82,Translator
274,fr-FR,158,Reviewer
274,ja-JP,98,Translator
274,ja-JP,455,Reviewer
274,de-DE,300,Translator
274,de-DE,224,Reviewer
274,es-ES,390,Translator
274,es-ES,161,Reviewer
274,zh-CN,184,Translator
274,zh-CN,50,Reviewer
275,es-ES,231,Translator
275,es-ES,475,Reviewer
275,zh-CN,20,Translator
275,zh-CN,497,Reviewer
275,fr-FR,464,Translator
275,fr-FR,180,Reviewer
275,de-DE,199,Translator
275,de-DE,288,Reviewer
276,de-DE,434,Translator
276,de-DE,288,Reviewer
276,en-US,248,Translator
276,en-US,362,Reviewer
277,es-ES,200,Translator
277,es-ES,161,Reviewer
277,fr-FR,369,Translator
277,fr-FR,171,Reviewer
277,it-IT,47,Translator
277,it-IT,347,Reviewer
277,ja-JP,285,Translator
277,ja-JP,449,Reviewer
277,de-DE,57,Translator
277,de-DE,56,Reviewer
278,ja-JP,491,Translator
278,ja-JP,320,Reviewer
278,es-ES,231,Translator
278,es-ES,161,Reviewer
278,it-IT,152,Translator
278,it-IT,443,Reviewer
278,fr-FR,94,Translator
278,fr-FR,459,Reviewer
278,de-DE,142,Translator
278,de-DE,78,Reviewer
279,en-GB,139,Translator
279,en-GB,472,Reviewer
279,de-DE,71,Translator
279,de-DE,61,Reviewer
279,fr-FR,322,Translator
279,fr-FR,250,Reviewer
280,ja-JP,470,Translator
280,ja-JP,73,Reviewer
280,es-ES,66,Translator
280,es-ES,475,Reviewer
280,fr-FR,229,Translator
280,fr-FR,82,Reviewer
280,de-DE,144,Translator
280,de-DE,97,Reviewer
280,zh-CN,184,Translator
280,zh-CN,16,Reviewer
281,de-DE,199,Translator
281,de-DE,309,Reviewer
281,es-ES,399,Translator
281,es-ES,223,Reviewer
282,zh-CN,429,Translator
282,zh-CN,96,Reviewer
282,fr-FR,327,Translator
282,fr-FR,58,Reviewer
282,de-DE,199,Translator
282,de-DE,301,Reviewer
283,ja-JP,193,Translator
283,ja-JP,455,Reviewer
283,fr-FR,322,Translator
283,fr-FR,302,Reviewer
283,es-ES,101,Translator
283,es-ES,168,Reviewer
283,de-DE,78,Translator
283,de-DE,374,Reviewer
284,en-GB,446,Translator
284,fr-FR,423,Translator
284,de-DE,352,Translator
285,fr-FR,260,Translator
285,de-DE,486,Translator
285,ja-JP,74,Translator
285,es-ES,29,Translator
286,de-DE,71,Translator
286,fr-FR,326,Translator
287,zh-CN,136,Translator
287,zh-CN,312,Reviewer
287,de-DE,352,Translator
287,de-DE,424,Reviewer
287,ja-JP,74,Translator
287,ja-JP,494,Reviewer
287,fr-FR,381,Translator
287,fr-FR,464,Reviewer
288,pt-BR,411,Translator
288,it-IT,347,Translator
288,es-ES,241,Translator
289,de-DE,288,Translator
289,fr-FR,322,Translator
289,en-US,315,Translator
289,ja-JP,254,Translator
290,de-DE,303,Translator
290,es-ES,161,Translator
291,fr-FR,435,Translator
291,es-ES,294,Translator
291,de-DE,303,Translator
291,it-IT,216,Translator
292,zh-CN,16,Translator
292,zh-CN,2,Reviewer
292,de-DE,177,Translator
292,de-DE,61,Reviewer
292,fr-FR,459,Translator
292,fr-FR,302,Reviewer
293,fr-FR,369,Translator
293,fr-FR,381,Reviewer
293,de-DE,177,Translator
293,de-DE,348,Reviewer
293,ja-JP,491,Translator
293,ja-JP,254,Reviewer
294,de-DE,97,Translator
294,de-DE,197,Reviewer
294,ja-JP,239,Translator
294,ja-JP,421,Reviewer
294,es-ES,241,Translator
294,es-ES,161,Reviewer
294,fr-FR,162,Translator
294,fr-FR,171,Reviewer
295,ja-JP,266,Translator
295,ja-JP,351,Reviewer
295,de-DE,352,Translator
295,de-DE,57,Reviewer
296,fr-FR,381,Translator
296,fr-FR,162,Reviewer
297,fr-FR,327,Translator
297,fr-FR,365,Reviewer
297,de-DE,71,Translator
297,de-DE,374,Reviewer
297,ja-JP,320,Translator
297,ja-JP,239,Reviewer
297,zh-CN,228,Translator
297,zh-CN,204,Reviewer
298,de-DE,48,Translator
298,de-DE,142,Reviewer
298,es-ES,200,Translator
298,es-ES,29,Reviewer
299,zh-CN,308,Translator
299,fr-FR,5,Translator
300,ja-JP,351,Translator
300,ja-JP,73,Reviewer
300,es-ES,66,Translator
300,es-ES,163,Reviewer
300,fr-FR,244,Translator
300,fr-FR,94,Reviewer
300,de-DE,424,Translator
300,de-DE,110,Reviewer
301,es-ES,29,Translator
301,es-ES,223,Reviewer
301,ko-KR,297,Translator
301,ko-KR,332,Reviewer
302,ko-KR,490,Translator
302,ja-JP,494,Translator
302,fr-FR,365,Translator
303,ko-KR,413,Translator
303,es-ES,101,Translator
303,fr-FR,236,Translator
303,ja-JP,73,Translator
303,de-DE,374,Translator
304,ja-JP,364,Translator
304,ja-JP,281,Reviewer
304,de-DE,224,Translator
304,de-DE,374,Reviewer
304,fr-FR,91,Translator
304,fr-FR,3,Reviewer
304,es-ES,29,Translator
304,es-ES,399,Reviewer
305,it-IT,443,Translator
305,fr-FR,365,Translator
305,nl-NL,359,Translator
305,de-DE,303,Translator
306,en-US,21,Translator
306,en-US,487,Reviewer
306,fr-FR,244,Translator
306,fr-FR,91,Reviewer
306,es-ES,231,Translator
306,es-ES,90,Reviewer
306,de-DE,300,Translator
306,de-DE,71,Reviewer
307,ja-JP,72,Translator
307,ja-JP,281,Reviewer
307,de-DE,199,Translator
307,de-DE,78,Reviewer
307,es-ES,134,Translator
307,es-ES,263,Reviewer
307,fr-FR,94,Translator
307,fr-FR,158,Reviewer
308,de-DE,177,Translator
308,de-DE,486,Reviewer
308,fr-FR,164,Translator
308,fr-FR,158,Reviewer
309,ja-JP,187,Translator
309,ja-JP,98,Reviewer
310,it-IT,492,Translator
310,it-IT,175,Reviewer
310,fr-FR,169,Translator
310,fr-FR,171,Reviewer
310,ja-JP,285,Translator
310,ja-JP,98,Reviewer
310,de-DE,142,Translator
310,de-DE,48,Reviewer
310,es-ES,263,Translator
310,es-ES,155,Reviewer
311,ja-JP,270,Translator
311,fr-FR,277,Translator
312,zh-CN,50,Translator
312,zh-CN,319,Reviewer
313,fr-FR,171,Translator
313,fr-FR,326,Reviewer
313,ko-KR,321,Translator
313,ko-KR,316,Reviewer
313,ja-JP,317,Translator
313,ja-JP,211,Reviewer
314,fr-FR,24,Translator
315,ko-KR,83,Translator
315,ko-KR,210,Reviewer
315,fr-FR,82,Translator
315,fr-FR,24,Reviewer
315,ja-JP,366,Translator
315,ja-JP,421,Reviewer
315,de-DE,300,Translator
315,de-DE,115,Reviewer
315,es-ES,226,Translator
315,es-ES,390,Reviewer
316,ja-JP,421,Translator
316,ja-JP,95,Reviewer
316,es-ES,141,Translator
316,es-ES,200,Reviewer
316,fr-FR,91,Translator
316,fr-FR,158,Reviewer
317,de-DE,110,Translator
317,de-DE,197,Reviewer
317,zh-CN,429,Translator
317,zh-CN,2,Reviewer
317,fr-FR,277,Translator
317,fr-FR,171,Reviewer
317,ja-JP,221,Translator
317,ja-JP,421,Reviewer
317,ko-KR,490,Translator
317,ko-KR,267,Reviewer
318,fr-FR,162,Translator
318,de-DE,78,Translator
318,ja-JP,397,Translator
319,fr-FR,441,Translator
319,es-ES,294,Translator
319,de-DE,71,Translator
319,ja-JP,491,Translator
320,fr-FR,3,Translator
320,fr-FR,380,Reviewer
321,de-DE,142,Translator
321,de-DE,61,Reviewer
321,nl-NL,391,Translator
321,nl-NL,454,Reviewer
321,fr-FR,326,Translator
321,fr-FR,435,Reviewer
321,es-ES,263,Translator
321,es-ES,45,Reviewer
321,it-IT,456,Translator
321,it-IT,492,Reviewer
322,ja-JP,187,Translator
322,ja-JP,72,Reviewer
322,de-DE,71,Translator
322,de-DE,301,Reviewer
322,es-ES,29,Translator
322,es-ES,76,Reviewer
322,fr-FR,5,Translator
322,fr-FR,277,Reviewer
322,ko-KR,124,Translator
322,ko-KR,331,Reviewer
323,de-DE,142,Translator
323,de-DE,486,Reviewer
323,fr-FR,302,Translator
323,fr-FR,229,Reviewer
323,en-GB,178,Translator
323,en-GB,52,Reviewer
324,zh-CN,340,Translator
324,zh-CN,184,Reviewer
324,fr-FR,158,Translator
324,fr-FR,441,Reviewer
324,de-DE,370,Translator
324,de-DE,61,Reviewer
325,de-DE,309,Translator
326,ja-JP,193,Translator
326,ja-JP,221,Reviewer
326,de-DE,240,Translator
326,de-DE,301,Reviewer
326,ko-KR,246,Translator
326,ko-KR,405,Reviewer
326,fr-FR,381,Translator
326,fr-FR,250,Reviewer
326,es-ES,475,Translator
326,es-ES,390,Reviewer
327,de-DE,71,Translator
327,es-ES,263,Translator
328,es-ES,45,Translator
328,ja-JP,103,Translator
328,fr-FR,82,Translator
329,fr-FR,435,Translator
329,fr-FR,453,Reviewer
329,es-ES,323,Translator
329,es-ES,141,Reviewer
329,de-DE,48,Translator
329,de-DE,199,Reviewer
329,en-US,154,Translator
329,en-US,259,Reviewer
330,es-ES,231,Translator
330,es-ES,294,Reviewer
331,fr-FR,5,Translator
331,fr-FR,229,Reviewer
331,de-DE,224,Translator
331,de-DE,301,Reviewer
331,en-GB,436,Translator
331,en-GB,68,Reviewer
332,da-DK,409,Translator
332,da-DK,122,Reviewer
332,de-DE,61,Translator
332,de-DE,115,Reviewer
333,ja-JP,449,Translator
333,ko-KR,332,Translator
333,de-DE,303,Translator
334,pl-PL,425,Translator
334,pl-PL,402,Reviewer
334,fr-FR,380,Translator
334,fr-FR,236,Reviewer
335,de-DE,486,Translator
335,de-DE,110,Reviewer
335,fr-FR,363,Translator
335,fr-FR,484,Reviewer
335,ko-KR,316,Translator
335,ko-KR,83,Reviewer
335,ja-JP,221,Translator
335,ja-JP,455,Reviewer
336,en-US,233,Translator
336,en-US,384,Reviewer
336,de-DE,144,Translator
336,de-DE,197,Reviewer
336,ja-JP,491,Translator
336,ja-JP,270,Reviewer
336,fr-FR,326,Translator
336,fr-FR,464,Reviewer
337,it-IT,385,Translator
337,it-IT,18,Reviewer
337,de-DE,300,Translator
337,de-DE,374,Reviewer
337,ja-JP,193,Translator
337,ja-JP,103,Reviewer
337,fr-FR,453,Translator
337,fr-FR,3,Reviewer
337,es-ES,223,Translator
337,es-ES,390,Reviewer
338,fr-FR,369,Translator
338,de-DE,301,Translator
338,zh-CN,376,Translator
339,en-US,21,Translator
339,fr-FR,260,Translator
339,es-ES,168,Translator
339,de-DE,486,Translator
340,zh-CN,50,Translator
340,zh-CN,319,Reviewer
340,fr-FR,464,Translator
340,fr-FR,444,Reviewer
340,de-DE,199,Translator
340,de-DE,48,Reviewer
341,ko-KR,243,Translator
341,fr-FR,58,Translator
341,ja-JP,366,Translator
342,de-DE,56,Translator
342,de-DE,199,Reviewer
342,fr-FR,302,Translator
342,fr-FR,369,Reviewer
342,ja-JP,266,Translator
342,ja-JP,187,Reviewer
342,it-IT,216,Translator
342,it-IT,465,Reviewer
342,es-ES,483,Translator
342,es-ES,155,Reviewer
343,de-DE,177,Translator
343,de-DE,240,Reviewer
343,it-IT,36,Translator
343,it-IT,152,Reviewer
343,pl-PL,257,Translator
343,pl-PL,219,Reviewer
343,nl-NL,119,Translator
343,nl-NL,311,Reviewer
343,es-ES,223,Translator
343,es-ES,66,Reviewer
344,pt-BR,185,Translator
344,pt-BR,296,Reviewer
345,fr-FR,451,Translator
345,fr-FR,58,Reviewer
345,de-DE,142,Translator
345,de-DE,303,Reviewer
345,en-GB,396,Translator
345,en-GB,44,Reviewer
346,zh-CN,50,Translator
346,de-DE,177,Translator
346,fr-FR,225,Translator
347,ja-JP,320,Translator
347,ja-JP,72,Reviewer
347,de-DE,288,Translator
347,de-DE,115,Reviewer
347,es-ES,134,Translator
347,es-ES,241,Reviewer
347,fr-FR,363,Translator
347,fr-FR,164,Reviewer
348,es-ES,390,Translator
348,fr-FR,484,Translator
348,ja-JP,455,Translator
348,de-DE,197,Translator
348,it-IT,385,Translator
349,de-DE,115,Translator
349,zh-CN,136,Translator
349,fr-FR,381,Translator
349,es-ES,483,Translator
349,ja-JP,449,Translator
350,fr-FR,423,Translator
350,fr-FR,169,Reviewer
350,zh-CN,184,Translator
350,zh-CN,2,Reviewer
351,es-ES,263,Translator
351,ja-JP,211,Translator
351,de-DE,339,Translator
351,fr-FR,169,Translator
352,de-DE,110,Translator
352,zh-CN,493,Translator
352,ko-KR,149,Translator
352,fr-FR,236,Translator
352,ja-JP,103,Translator
353,ja-JP,182,Translator
353,de-DE,142,Translator
353,en-US,362,Translator
353,fr-FR,3,Translator
354,ja-JP,397,Translator
355,de-DE,56,Translator
356,de-DE,115,Translator
356,de-DE,57,Reviewer
356,fr-FR,381,Translator
356,fr-FR,158,Reviewer
357,de-DE,142,Translator
357,ja-JP,95,Translator
357,es-ES,475,Translator
357,ko-KR,217,Translator
358,fr-FR,302,Translator
359,es-ES,141,Translator
359,es-ES,223,Reviewer
359,en-GB,440,Translator
359,en-GB,68,Reviewer
359,ja-JP,221,Translator
359,ja-JP,295,Reviewer
359,de-DE,144,Translator
359,de-DE,177,Reviewer
360,en-GB,324,Translator
360,en-GB,178,Reviewer
361,de-DE,434,Translator
361,de-DE,301,Reviewer
361,es-ES,29,Translator
361,es-ES,223,Reviewer
362,fr-FR,169,Translator
362,fr-FR,435,Reviewer
362,it-IT,428,Translator
362,it-IT,18,Reviewer
362,de-DE,78,Translator
362,de-DE,142,Reviewer
363,zh-CN,96,Translator
363,zh-CN,228,Reviewer
363,fr-FR,380,Translator
363,fr-FR,33,Reviewer
364,fr-FR,229,Translator
364,fr-FR,180,Reviewer
364,de-DE,110,Translator
364,de-DE,348,Reviewer
364,zh-CN,50,Translator
364,zh-CN,376,Reviewer
365,da-DK,215,Translator
365,da-DK,474,Reviewer
365,es-ES,323,Translator
365,es-ES,161,Reviewer
366,de-DE,177,Translator
366,de-DE,78,Reviewer
366,fr-FR,225,Translator
366,fr-FR,82,Reviewer
366,ja-JP,221,Translator
366,ja-JP,351,Reviewer
366,es-ES,263,Translator
366,es-ES,90,Reviewer
367,ja-JP,281,Translator
367,ja-JP,254,Reviewer
368,de-DE,110,Translator
368,en-GB,44,Translator
368,fr-FR,244,Translator
369,nl-NL,62,Translator
369,nl-NL,123,Reviewer
370,fr-FR,464,Translator
370,fr-FR,369,Reviewer
370,en-GB,292,Translator
370,en-GB,125,Reviewer
370,de-DE,486,Translator
370,de-DE,348,Reviewer
371,ja-JP,317,Translator
371,ja-JP,320,Reviewer
371,en-GB,52,Translator
371,en-GB,341,Reviewer
371,fr-FR,164,Translator
371,fr-FR,91,Reviewer
371,es-ES,231,Translator
371,es-ES,161,Reviewer
371,de-DE,78,Translator
371,de-DE,309,Reviewer
372,es-ES,90,Translator
372,es-ES,101,Reviewer
372,fr-FR,5,Translator
372,fr-FR,277,Reviewer
373,de-DE,57,Translator
373,de-DE,224,Reviewer
373,fr-FR,381,Translator
373,fr-FR,451,Reviewer
373,zh-CN,495,Translator
373,zh-CN,96,Reviewer
374,de-DE,486,Translator
374,fr-FR,94,Translator
374,en-GB,212,Translator
375,fr-FR,229,Translator
375,zh-CN,335,Translator
375,es-ES,101,Translator
375,de-DE,486,Translator
376,de-DE,197,Translator
376,de-DE,199,Reviewer
376,it-IT,201,Translator
376,it-IT,467,Reviewer
376,ja-JP,455,Translator
376,ja-JP,449,Reviewer
377,de-DE,48,Translator
377,de-DE,199,Reviewer
377,fr-FR,225,Translator
377,fr-FR,158,Reviewer
377,zh-CN,204,Translator
377,zh-CN,497,Reviewer
378,ja-JP,73,Translator
378,ja-JP,187,Reviewer
378,en-US,34,Translator
378,en-US,173,Reviewer
378,de-DE,301,Translator
378,de-DE,78,Reviewer
378,fr-FR,435,Translator
378,fr-FR,24,Reviewer
379,en-US,212,Translator
379,en-US,384,Reviewer
379,de-DE,370,Translator
379,de-DE,434,Reviewer
379,fr-FR,322,Translator
379,fr-FR,3,Reviewer
379,ja-JP,103,Translator
379,ja-JP,98,Reviewer
380,ja-JP,73,Translator
380,fr-FR,365,Translator
380,es-ES,76,Translator
380,de-DE,339,Translator
381,fr-FR,459,Translator
381,fr-FR,33,Reviewer
381,de-DE,61,Translator
381,de-DE,303,Reviewer
382,fr-FR,229,Translator
382,fr-FR,236,Reviewer
382,en-GB,132,Translator
382,en-GB,292,Reviewer
382,de-DE,303,Translator
382,de-DE,110,Reviewer
383,de-DE,240,Translator
383,pt-BR,431,Translator
383,es-ES,231,Translator
384,es-ES,66,Translator
384,es-ES,390,Reviewer
384,de-DE,56,Translator
384,de-DE,48,Reviewer
384,ja-JP,73,Translator
384,ja-JP,351,Reviewer
384,fr-FR,5,Translator
384,fr-FR,171,Reviewer
385,ja-JP,364,Translator
385,ja-JP,295,Reviewer
385,de-DE,309,Translator
385,de-DE,144,Reviewer
385,ko-KR,246,Translator
385,ko-KR,124,Reviewer
385,fr-FR,327,Translator
385,fr-FR,162,Reviewer
386,es-ES,101,Translator
386,es-ES,168,Reviewer
386,ja-JP,254,Translator
386,ja-JP,366,Reviewer
386,de-DE,348,Translator
386,de-DE,339,Reviewer
386,fr-FR,244,Translator
386,fr-FR,435,Reviewer
387,de-DE,57,Translator
387,de-DE,300,Reviewer
387,fr-FR,326,Translator
387,fr-FR,322,Reviewer
388,it-IT,385,Translator
388,it-IT,18,Reviewer
388,de-DE,352,Translator
388,de-DE,224,Reviewer
388,ja-JP,295,Translator
388,ja-JP,320,Reviewer
389,ja-JP,421,Translator
390,fr-FR,162,Translator
390,es-ES,141,Translator
390,da-DK,19,Translator
390,de-DE,142,Translator
391,de-DE,374,Translator
391,de-DE,370,Reviewer
391,es-ES,168,Translator
391,es-ES,483,Reviewer
391,fr-FR,180,Translator
391,fr-FR,158,Reviewer
391,da-DK,476,Translator
391,da-DK,172,Reviewer
392,en-GB,52,Translator
392,en-GB,313,Reviewer
392,fr-FR,381,Translator
392,fr-FR,406,Reviewer
392,de-DE,374,Translator
392,de-DE,300,Reviewer
393,de-DE,370,Translator
393,de-DE,57,Reviewer
393,it-IT,385,Translator
393,it-IT,416,Reviewer
393,es-ES,200,Translator
393,es-ES,161,Reviewer
393,fr-FR,380,Translator
393,fr-FR,250,Reviewer
394,fr-FR,229,Translator
394,fr-FR,381,Reviewer
395,de-DE,48,Translator
396,es-ES,475,Translator
396,es-ES,76,Reviewer
396,de-DE,303,Translator
396,de-DE,142,Reviewer
396,ko-KR,490,Translator
396,ko-KR,358,Reviewer
396,fr-FR,322,Translator
396,fr-FR,171,Reviewer
396,ja-JP,351,Translator
396,ja-JP,317,Reviewer
397,de-DE,348,Translator
397,de-DE,61,Reviewer
398,de-DE,57,Translator
398,de-DE,348,Reviewer
398,fr-FR,380,Translator
398,fr-FR,435,Reviewer
398,en-GB,313,Translator
398,en-GB,324,Reviewer
399,de-DE,348,Translator
399,de-DE,199,Reviewer
400,de-DE,144,Translator
400,pt-BR,14,Translator
400,fr-FR,322,Translator
401,ko-KR,157,Translator
401,ko-KR,344,Reviewer
401,ja-JP,270,Translator
401,ja-JP,351,Reviewer
401,fr-FR,365,Translator
401,fr-FR,58,Reviewer
402,es-ES,90,Translator
402,de-DE,48,Translator
402,fr-FR,453,Translator
402,en-US,117,Translator
403,de-DE,300,Translator
403,ja-JP,74,Translator
403,fr-FR,277,Translator
403,es-ES,231,Translator
403,zh-CN,319,Translator
404,fr-FR,33,Translator
404,fr-FR,369,Reviewer
404,de-DE,339,Translator
404,de-DE,57,Reviewer
404,ja-JP,421,Translator
404,ja-JP,366,Reviewer
404,ko-KR,321,Translator
404,ko-KR,88,Reviewer
404,zh-CN,50,Translator
404,zh-CN,96,Reviewer
405,fr-FR,229,Translator
405,en-GB,52,Translator
405,de-DE,339,Translator
406,ja-JP,95,Translator
406,ja-JP,255,Reviewer
406,de-DE,240,Translator
406,de-DE,339,Reviewer
406,fr-FR,451,Translator
406,fr-FR,380,Reviewer
406,en-US,11,Translator
406,en-US,315,Reviewer
407,es-ES,390,Translator
407,fr-FR,406,Translator
407,it-IT,443,Translator
407,ja-JP,182,Translator
407,de-DE,144,Translator
408,en-US,154,Translator
408,en-US,93,Reviewer
408,de-DE,71,Translator
408,de-DE,110,Reviewer
408,ja-JP,351,Translator
408,ja-JP,270,Reviewer
408,fr-FR,94,Translator
408,fr-FR,451,Reviewer
409,es-ES,168,Translator
409,es-ES,323,Reviewer
410,fr-FR,162,Translator
410,fr-FR,58,Reviewer
410,zh-CN,50,Translator
410,zh-CN,232,Reviewer
410,ko-KR,405,Translator
410,ko-KR,331,Reviewer
410,de-DE,288,Translator
410,de-DE,370,Reviewer
410,ja-JP,211,Translator
410,ja-JP,351,Reviewer
411,ja-JP,281,Translator
411,fr-FR,326,Translator
412,fr-FR,365,Translator
412,fr-FR,225,Reviewer
413,es-ES,231,Translator
413,fr-FR,82,Translator
413,zh-CN,20,Translator
413,de-DE,142,Translator
414,es-ES,90,Translator
414,es-ES,390,Reviewer
414,fr-FR,260,Translator
414,fr-FR,171,Reviewer
415,ja-JP,72,Translator
415,en-GB,44,Translator
415,fr-FR,5,Translator
416,fr-FR,229,Translator
416,fr-FR,406,Reviewer
416,ja-JP,449,Translator
416,ja-JP,221,Reviewer
416,de-DE,370,Translator
416,de-DE,110,Reviewer
417,it-IT,492,Translator
417,it-IT,175,Reviewer
417,pl-PL,174,Translator
417,pl-PL,425,Reviewer
418,es-ES,426,Translator
418,es-ES,66,Reviewer
418,ja-JP,182,Translator
418,ja-JP,98,Reviewer
418,de-DE,115,Translator
418,de-DE,224,Reviewer
419,es-ES,168,Translator
419,es-ES,390,Reviewer
419,it-IT,467,Translator
419,it-IT,428,Reviewer
419,de-DE,197,Translator
419,de-DE,309,Reviewer
420,es-ES,134,Translator
420,es-ES,90,Reviewer
420,de-DE,240,Translator
420,de-DE,374,Reviewer
421,fr-FR,444,Translator
421,it-IT,347,Translator
422,fr-FR,91,Translator
422,fr-FR,435,Reviewer
422,es-ES,399,Translator
422,es-ES,263,Reviewer
422,it-IT,201,Translator
422,it-IT,467,Reviewer
422,ja-JP,255,Translator
422,ja-JP,221,Reviewer
422,de-DE,301,Translator
422,de-DE,57,Reviewer
423,de-DE,486,Translator
423,de-DE,144,Reviewer
423,fr-FR,180,Translator
423,fr-FR,444,Reviewer
423,es-ES,90,Translator
423,es-ES,45,Reviewer
423,ja-JP,95,Translator
423,ja-JP,98,Reviewer
424,en-GB,498,Translator
424,en-GB,150,Reviewer
424,de-DE,339,Translator
424,de-DE,486,Reviewer
424,fr-FR,5,Translator
424,fr-FR,363,Reviewer
425,de-DE,374,Translator
425,de-DE,177,Reviewer
426,de-DE,78,Translator
426,de-DE,352,Reviewer
426,ja-JP,255,Translator
426,ja-JP,254,Reviewer
426,fr-FR,250,Translator
426,fr-FR,169,Reviewer
426,es-ES,223,Translator
426,es-ES,231,Reviewer
427,da-DK,172,Translator
427,da-DK,273,Reviewer
427,es-ES,66,Translator
427,es-ES,101,Reviewer
427,fr-FR,423,Translator
427,fr-FR,169,Reviewer
427,de-DE,115,Translator
427,de-DE,177,Reviewer
428,fr-FR,322,Translator
428,de-DE,110,Translator
428,ko-KR,490,Translator
428,es-ES,141,Translator
428,ja-JP,270,Translator
429,de-DE,424,Translator
429,de-DE,177,Reviewer
429,ja-JP,351,Translator
429,ja-JP,254,Reviewer
429,fr-FR,277,Translator
429,fr-FR,363,Reviewer
430,de-DE,303,Translator
430,ja-JP,270,Translator
430,en-US,315,Translator
430,fr-FR,236,Translator
431,fr-FR,441,Translator
431,fr-FR,380,Reviewer
431,en-GB,367,Translator
431,en-GB,178,Reviewer
431,de-DE,301,Translator
431,de-DE,199,Reviewer
432,ja-JP,103,Translator
432,fr-FR,164,Translator
432,es-ES,155,Translator
433,en-GB,436,Translator
433,de-DE,142,Translator
433,fr-FR,326,Translator
434,ja-JP,449,Translator
434,de-DE,61,Translator
434,es-ES,29,Translator
435,de-DE,142,Translator
435,de-DE,224,Reviewer
436,de-DE,309,Translator
436,zh-CN,50,Translator
437,fr-FR,277,Translator
437,fr-FR,3,Reviewer
437,de-DE,199,Translator
437,de-DE,303,Reviewer
437,en-GB,121,Translator
437,en-GB,440,Reviewer
438,it-IT,443,Translator
438,es-ES,163,Translator
439,it-IT,428,Translator
439,it-IT,408,Reviewer
440,fr-FR,94,Translator
440,fr-FR,164,Reviewer
441,es-ES,399,Translator
441,fr-FR,33,Translator
442,fr-FR,365,Translator
442,es-ES,483,Translator
442,de-DE,71,Translator
442,ja-JP,397,Translator
443,da-DK,290,Translator
443,da-DK,279,Reviewer
443,de-DE,348,Translator
443,de-DE,240,Reviewer
443,fr-FR,169,Translator
443,fr-FR,484,Reviewer
443,es-ES,141,Translator
443,es-ES,483,Reviewer
444,es-ES,163,Translator
444,es-ES,475,Reviewer
444,ja-JP,72,Translator
444,ja-JP,320,Reviewer
444,de-DE,224,Translator
444,de-DE,303,Reviewer
444,zh-CN,495,Translator
444,zh-CN,99,Reviewer
444,fr-FR,236,Translator
444,fr-FR,250,Reviewer
445,es-ES,90,Translator
445,es-ES,66,Reviewer
445,nl-NL,119,Translator
445,nl-NL,371,Reviewer
446,de-DE,61,Translator
446,fr-FR,260,Translator
446,es-ES,223,Translator
446,ja-JP,455,Translator
447,zh-CN,497,Translator
447,ko-KR,332,Translator
447,de-DE,177,Translator
447,ja-JP,470,Translator
447,fr-FR,3,Translator
448,zh-CN,96,Translator
448,ko-KR,149,Translator
448,fr-FR,171,Translator
448,ja-JP,211,Translator
448,de-DE,486,Translator
449,de-DE,240,Translator
450,de-DE,224,Translator
450,de-DE,301,Reviewer
450,ja-JP,455,Translator
450,ja-JP,364,Reviewer
450,ko-KR,445,Translator
450,ko-KR,413,Reviewer
450,fr-FR,3,Translator
450,fr-FR,260,Reviewer
450,es-ES,168,Translator
450,es-ES,241,Reviewer
451,fr-FR,453,Translator
451,fr-FR,381,Reviewer
451,en-US,93,Translator
451,en-US,259,Reviewer
451,de-DE,61,Translator
451,de-DE,486,Reviewer
451,ja-JP,281,Translator
451,ja-JP,211,Reviewer
452,ja-JP,364,Translator
452,de-DE,309,Translator
453,de-DE,56,Translator
453,de-DE,240,Reviewer
454,es-ES,29,Translator
454,es-ES,141,Reviewer
455,de-DE,110,Translator
455,ja-JP,320,Translator
455,fr-FR,484,Translator
455,en-US,362,Translator
456,ja-JP,98,Translator
456,de-DE,57,Translator
456,fr-FR,250,Translator
456,es-ES,226,Translator
457,en-US,383,Translator
457,fr-FR,162,Translator
457,es-ES,483,Translator
457,de-DE,110,Translator
458,ja-JP,182,Translator
458,es-ES,226,Translator
458,fr-FR,162,Translator
458,ko-KR,344,Translator
458,de-DE,56,Translator
459,it-IT,347,Translator
459,it-IT,416,Reviewer
459,fr-FR,58,Translator
459,fr-FR,365,Reviewer
459,de-DE,240,Translator
459,de-DE,197,Reviewer
459,ja-JP,397,Translator
459,ja-JP,366,Reviewer
459,es-ES,226,Translator
459,es-ES,29,Reviewer
460,zh-CN,228,Translator
460,de-DE,97,Translator
460,fr-FR,365,Translator
461,zh-CN,376,Translator
461,de-DE,110,Translator
461,fr-FR,158,Translator
461,ja-JP,455,Translator
461,ko-KR,413,Translator
462,en-US,362,Translator
462,ja-JP,255,Translator
463,ja-JP,182,Translator
463,ja-JP,72,Reviewer
463,de-DE,61,Translator
463,de-DE,57,Reviewer
464,de-DE,71,Translator
464,de-DE,424,Reviewer
464,es-ES,90,Translator
464,es-ES,29,Reviewer
464,it-IT,36,Translator
464,it-IT,492,Reviewer
464,pt-BR,222,Translator
464,pt-BR,404,Reviewer
464,fr-FR,244,Translator
464,fr-FR,158,Reviewer
465,es-ES,200,Translator
465,es-ES,155,Reviewer
465,ja-JP,397,Translator
465,ja-JP,470,Reviewer
465,fr-FR,444,Translator
465,fr-FR,180,Reviewer
465,de-DE,97,Translator
465,de-DE,374,Reviewer
466,ja-JP,182,Translator
466,ja-JP,266,Reviewer
466,de-DE,434,Translator
466,de-DE,224,Reviewer
466,es-ES,399,Translator
466,es-ES,294,Reviewer
466,fr-FR,327,Translator
466,fr-FR,5,Reviewer
466,pt-BR,403,Translator
466,pt-BR,131,Reviewer
467,en-US,487,Translator
467,en-US,383,Reviewer
467,fr-FR,464,Translator
467,fr-FR,363,Reviewer
468,ja-JP,270,Translator
468,ja-JP,397,Reviewer
468,de-DE,352,Translator
468,de-DE,309,Reviewer
468,fr-FR,82,Translator
468,fr-FR,225,Reviewer
468,es-ES,200,Translator
468,es-ES,29,Reviewer
469,zh-CN,184,Translator
469,es-ES,390,Translator
469,fr-FR,236,Translator
469,de-DE,303,Translator
469,ja-JP,491,Translator
470,de-DE,142,Translator
470,de-DE,224,Reviewer
470,ja-JP,470,Translator
470,ja-JP,494,Reviewer
470,fr-FR,464,Translator
470,fr-FR,158,Reviewer
470,ko-KR,83,Translator
470,ko-KR,316,Reviewer
470,zh-CN,204,Translator
470,zh-CN,264,Reviewer
471,ja-JP,193,Translator
471,ja-JP,317,Reviewer
472,es-ES,426,Translator
472,de-DE,424,Translator
472,ja-JP,73,Translator
473,ja-JP,95,Translator
473,ja-JP,470,Reviewer
473,de-DE,97,Translator
473,de-DE,71,Reviewer
473,fr-FR,236,Translator
473,fr-FR,327,Reviewer
473,es-ES,483,Translator
473,es-ES,66,Reviewer
474,ja-JP,491,Translator
474,ja-JP,295,Reviewer
474,fr-FR,180,Translator
474,fr-FR,327,Reviewer
474,de-DE,56,Translator
474,de-DE,434,Reviewer
474,it-IT,18,Translator
474,it-IT,152,Reviewer
474,es-ES,76,Translator
474,es-ES,168,Reviewer
475,es-ES,161,Translator
475,es-ES,223,Reviewer
475,de-DE,61,Translator
475,de-DE,288,Reviewer
475,ja-JP,239,Translator
475,ja-JP,449,Reviewer
475,ko-KR,432,Translator
475,ko-KR,297,Reviewer
475,fr-FR,33,Translator
475,fr-FR,451,Reviewer
476,de-DE,486,Translator
476,de-DE,56,Reviewer
477,de-DE,97,Translator
478,ja-JP,494,Translator
478,en-US,362,Translator
478,de-DE,352,Translator
478,fr-FR,435,Translator
479,en-US,384,Translator
479,de-DE,309,Translator
480,fr-FR,24,Translator
480,es-ES,161,Translator
481,de-DE,115,Translator
481,de-DE,339,Reviewer
482,de-DE,57,Translator
482,de-DE,56,Reviewer
482,zh-CN,136,Translator
482,zh-CN,16,Reviewer
482,ja-JP,193,Translator
482,ja-JP,187,Reviewer
482,fr-FR,58,Translator
482,fr-FR,326,Reviewer
482,es-ES,200,Translator
482,es-ES,223,Reviewer
483,es-ES,241,Translator
483,es-ES,163,Reviewer
483,de-DE,57,Translator
483,de-DE,348,Reviewer
484,it-IT,201,Translator
484,fr-FR,302,Translator
485,es-ES,134,Translator
485,fr-FR,441,Translator
485,de-DE,309,Translator
485,zh-CN,376,Translator
486,de-DE,61,Translator
486,de-DE,142,Reviewer
486,fr-FR,435,Translator
486,fr-FR,180,Reviewer
486,en-US,357,Translator
486,en-US,212,Reviewer
486,es-ES,226,Translator
486,es-ES,163,Reviewer
487,de-DE,177,Translator
487,de-DE,300,Reviewer
487,zh-CN,16,Translator
487,zh-CN,106,Reviewer
487,fr-FR,24,Translator
487,fr-FR,3,Reviewer
487,ja-JP,95,Translator
487,ja-JP,494,Reviewer
488,de-DE,197,Translator
488,de-DE,300,Reviewer
489,de-DE,144,Translator
489,de-DE,199,Reviewer
489,fr-FR,250,Translator
489,fr-FR,381,Reviewer
489,ko-KR,124,Translator
489,ko-KR,297,Reviewer
489,es-ES,226,Translator
489,es-ES,294,Reviewer
489,ja-JP,193,Translator
489,ja-JP,73,Reviewer
490,de-DE,57,Translator
490,de-DE,309,Reviewer
490,fr-FR,24,Translator
490,fr-FR,164,Reviewer
491,ko-KR,432,Translator
491,ko-KR,267,Reviewer
492,en-US,468,Translator
492,de-DE,61,Translator
493,it-IT,428,Translator
493,it-IT,492,Reviewer
493,de-DE,348,Translator
493,de-DE,300,Reviewer
493,fr-FR,180,Translator
493,fr-FR,423,Reviewer
493,ja-JP,364,Translator
493,ja-JP,95,Reviewer
494,ko-KR,246,Translator
495,de-DE,57,Translator
495,en-GB,68,Translator
495,fr-FR,326,Translator
496,fr-FR,441,Translator
497,en-US,259,Translator
497,en-US,318,Reviewer
497,de-DE,374,Translator
497,de-DE,288,Reviewer
497,fr-FR,369,Translator
497,fr-FR,94,Reviewer
497,ja-JP,74,Translator
497,ja-JP,317,Reviewer
498,ja-JP,295,Translator
498,ja-JP,270,Reviewer
498,fr-FR,327,Translator
498,fr-FR,381,Reviewer
498,es-ES,168,Translator
498,es-ES,323,Reviewer
499,ko-KR,346,Translator
499,ko-KR,344,Reviewer
499,fr-FR,441,Translator
499,fr-FR,171,Reviewer
499,zh-CN,429,Translator
499,zh-CN,99,Reviewer
499,de-DE,78,Translator
499,de-DE,224,Reviewer
499,ja-JP,74,Translator
499,ja-JP,281,Reviewer
500,fr-FR,24,Translator
501,de-DE,352,Translator
501,de-DE,144,Reviewer
501,fr-FR,5,Translator
501,fr-FR,322,Reviewer
502,es-ES,263,Translator
502,es-ES,134,Reviewer
502,de-DE,177,Translator
502,de-DE,97,Reviewer
502,ja-JP,193,Translator
502,ja-JP,254,Reviewer
502,fr-FR,444,Translator
502,fr-FR,58,Reviewer
502,ko-KR,316,Translator
502,ko-KR,235,Reviewer
503,es-ES,223,Translator
503,es-ES,163,Reviewer
503,de-DE,224,Translator
503,de-DE,352,Reviewer
503,ja-JP,98,Translator
503,ja-JP,295,Reviewer
503,fr-FR,326,Translator
503,fr-FR,229,Reviewer
504,de-DE,177,Translator
504,de-DE,110,Reviewer
505,de-DE,110,Translator
505,de-DE,303,Reviewer
506,ja-JP,320,Translator
506,fr-FR,459,Translator
506,es-ES,483,Translator
506,de-DE,370,Translator
506,ko-KR,297,Translator
507,ko-KR,157,Translator
507,ko-KR,217,Reviewer
507,ja-JP,103,Translator
507,ja-JP,255,Reviewer
507,fr-FR,363,Translator
507,fr-FR,162,Reviewer
508,es-ES,76,Translator
508,es-ES,231,Reviewer
509,de-DE,486,Translator
509,zh-CN,495,Translator
509,es-ES,426,Translator
509,ja-JP,270,Translator
509,fr-FR,302,Translator
510,de-DE,300,Translator
510,de-DE,56,Reviewer
510,zh-CN,20,Translator
510,zh-CN,489,Reviewer
510,fr-FR,302,Translator
510,fr-FR,451,Reviewer
511,de-DE,424,Translator
511,es-ES,155,Translator
511,fr-FR,369,Translator
512,fr-FR,369,Translator
512,zh-CN,319,Translator
512,de-DE,240,Translator
513,ja-JP,317,Translator
513,ja-JP,470,Reviewer
513,fr-FR,180,Translator
513,fr-FR,3,Reviewer
513,zh-CN,495,Translator
513,zh-CN,99,Reviewer
513,de-DE,48,Translator
513,de-DE,78,Reviewer
513,ko-KR,375,Translator
513,ko-KR,297,Reviewer
514,fr-FR,302,Translator
514,fr-FR,180,Reviewer
514,zh-CN,96,Translator
514,zh-CN,308,Reviewer
515,fr-FR,169,Translator
515,fr-FR,423,Reviewer
515,es-ES,483,Translator
515,es-ES,200,Reviewer
515,da-DK,279,Translator
515,da-DK,400,Reviewer
516,da-DK,389,Translator
516,da-DK,409,Reviewer
517,ja-JP,187,Translator
517,ja-JP,211,Reviewer
517,fr-FR,277,Translator
517,fr-FR,58,Reviewer
517,en-US,422,Translator
517,en-US,248,Reviewer
517,de-DE,374,Translator
517,de-DE,352,Reviewer
518,zh-CN,489,Translator
518,fr-FR,33,Translator
519,de-DE,78,Translator
519,de-DE,177,Reviewer
519,ko-KR,149,Translator
519,ko-KR,432,Reviewer
520,de-DE,288,Translator
520,de-DE,177,Reviewer
520,en-US,212,Translator
520,en-US,318,Reviewer
520,fr-FR,91,Translator
520,fr-FR,236,Reviewer
520,es-ES,29,Translator
520,es-ES,294,Reviewer
521,fr-FR,381,Translator
521,pt-BR,148,Translator
521,de-DE,48,Translator
521,it-IT,492,Translator
521,es-ES,294,Translator
522,fr-FR,406,Translator
522,fr-FR,158,Reviewer
523,fr-FR,3,Translator
523,de-DE,309,Translator
523,ja-JP,266,Translator
523,es-ES,483,Translator
524,fr-FR,225,Translator
524,es-ES,263,Translator
524,de-DE,434,Translator
525,ja-JP,364,Translator
525,ja-JP,470,Reviewer
525,fr-FR,164,Translator
525,fr-FR,423,Reviewer
525,es-ES,231,Translator
525,es-ES,241,Reviewer
526,es-ES,226,Translator
526,nl-NL,454,Translator
527,it-IT,152,Translator
527,ja-JP,95,Translator
528,ja-JP,470,Translator
528,ja-JP,397,Reviewer
529,fr-FR,435,Translator
529,fr-FR,250,Reviewer
529,de-DE,71,Translator
529,de-DE,177,Reviewer
529,ja-JP,98,Translator
529,ja-JP,366,Reviewer
529,en-GB,487,Translator
529,en-GB,341,Reviewer
529,es-ES,390,Translator
529,es-ES,241,Reviewer
530,de-DE,197,Translator
530,pt-BR,148,Translator
530,fr-FR,3,Translator
530,es-ES,483,Translator
531,ja-JP,317,Translator
531,ja-JP,73,Reviewer
531,es-ES,29,Translator
531,es-ES,231,Reviewer
531,de-DE,57,Translator
531,de-DE,78,Reviewer
531,fr-FR,58,Translator
531,fr-FR,33,Reviewer
532,fr-FR,162,Translator
532,fr-FR,250,Reviewer
532,es-ES,90,Translator
532,es-ES,141,Reviewer
532,de-DE,142,Translator
532,de-DE,348,Reviewer
532,pt-BR,222,Translator
532,pt-BR,403,Reviewer
532,it-IT,201,Translator
532,it-IT,36,Reviewer
533,fr-FR,322,Translator
533,ja-JP,366,Translator
534,fr-FR,406,Translator
534,es-ES,426,Translator
534,it-IT,456,Translator
534,de-DE,240,Translator
535,es-ES,76,Translator
535,es-ES,390,Reviewer
535,pt-BR,296,Translator
535,pt-BR,51,Reviewer
536,es-ES,399,Translator
536,es-ES,294,Reviewer
536,de-DE,301,Translator
536,de-DE,339,Reviewer
536,ko-KR,284,Translator
536,ko-KR,124,Reviewer
536,ja-JP,254,Translator
536,ja-JP,239,Reviewer
536,fr-FR,484,Translator
536,fr-FR,369,Reviewer
537,fr-FR,322,Translator
537,fr-FR,365,Reviewer
537,ja-JP,254,Translator
537,ja-JP,421,Reviewer
538,es-ES,226,Translator
538,es-ES,223,Reviewer
538,pl-PL,206,Translator
538,pl-PL,31,Reviewer
538,it-IT,428,Translator
538,it-IT,492,Reviewer
538,de-DE,434,Translator
538,de-DE,110,Reviewer
538,fr-FR,171,Translator
538,fr-FR,260,Reviewer
538,nl-NL,499,Translator
538,nl-NL,166,Reviewer
539,fr-FR,5,Translator
539,fr-FR,24,Reviewer
539,de-DE,303,Translator
539,de-DE,352,Reviewer
539,es-ES,168,Translator
539,es-ES,90,Reviewer
540,de-DE,78,Translator
540,es-ES,161,Translator
540,fr-FR,158,Translator
540,ja-JP,351,Translator
541,fr-FR,327,Translator
541,de-DE,339,Translator
541,zh-CN,489,Translator
541,ja-JP,239,Translator
542,fr-FR,171,Translator
542,fr-FR,406,Reviewer
542,es-ES,323,Translator
542,es-ES,134,Reviewer
542,it-IT,181,Translator
542,it-IT,175,Reviewer
542,ja-JP,449,Translator
542,ja-JP,74,Reviewer
542,de-DE,301,Translator
542,de-DE,57,Reviewer
543,ja-JP,397,Translator
543,ja-JP,193,Reviewer
543,fr-FR,229,Translator
543,fr-FR,3,Reviewer
543,de-DE,224,Translator
543,de-DE,48,Reviewer
543,es-ES,168,Translator
543,es-ES,475,Reviewer
544,ko-KR,210,Translator
544,ja-JP,270,Translator
544,fr-FR,229,Translator
544,de-DE,199,Translator
544,es-ES,45,Translator
545,de-DE,370,Translator
545,de-DE,61,Reviewer
545,pt-BR,262,Translator
545,pt-BR,403,Reviewer
545,fr-FR,459,Translator
545,fr-FR,94,Reviewer
545,es-ES,66,Translator
545,es-ES,168,Reviewer
546,de-DE,56,Translator
546,de-DE,370,Reviewer
546,fr-FR,91,Translator
546,fr-FR,24,Reviewer
546,es-ES,66,Translator
546,es-ES,223,Reviewer
546,it-IT,175,Translator
546,it-IT,456,Reviewer
547,en-GB,30,Translator
547,en-GB,44,Reviewer
547,fr-FR,435,Translator
547,fr-FR,24,Reviewer
547,de-DE,71,Translator
547,de-DE,199,Reviewer
548,fr-FR,322,Translator
548,fr-FR,453,Reviewer
548,de-DE,301,Translator
548,de-DE,352,Reviewer
548,ko-KR,179,Translator
548,ko-KR,344,Reviewer
548,es-ES,155,Translator
548,es-ES,231,Reviewer
548,ja-JP,491,Translator
548,ja-JP,221,Reviewer
549,fr-FR,464,Translator
550,fr-FR,381,Translator
550,ja-JP,455,Translator
550,de-DE,300,Translator
550,es-ES,134,Translator
550,it-IT,216,Translator
551,de-DE,144,Translator
551,ja-JP,211,Translator
552,de-DE,288,Translator
552,de-DE,300,Reviewer
552,es-ES,426,Translator
552,es-ES,134,Reviewer
552,fr-FR,322,Translator
552,fr-FR,435,Reviewer
552,nl-NL,87,Translator
552,nl-NL,391,Reviewer
552,it-IT,181,Translator
552,it-IT,152,Reviewer
553,ja-JP,211,Translator
553,ja-JP,317,Reviewer
553,fr-FR,363,Translator
553,fr-FR,423,Reviewer
553,es-ES,294,Translator
553,es-ES,66,Reviewer
554,es-ES,155,Translator
554,es-ES,223,Reviewer
555,ja-JP,187,Translator
555,ja-JP,491,Reviewer
556,it-IT,467,Translator
556,it-IT,443,Reviewer
556,nl-NL,391,Translator
556,nl-NL,245,Reviewer
556,fr-FR,250,Translator
556,fr-FR,229,Reviewer
556,de-DE,374,Translator
556,de-DE,71,Reviewer
556,es-ES,29,Translator
556,es-ES,141,Reviewer
557,es-ES,66,Translator
557,es-ES,241,Reviewer
557,nl-NL,439,Translator
557,nl-NL,119,Reviewer
557,fr-FR,365,Translator
557,fr-FR,380,Reviewer
557,it-IT,416,Translator
557,it-IT,175,Reviewer
557,de-DE,370,Translator
557,de-DE,288,Reviewer
558,en-US,93,Translator
558,en-US,233,Reviewer
559,de-DE,197,Translator
559,de-DE,301,Reviewer
559,fr-FR,302,Translator
559,fr-FR,236,Reviewer
559,es-ES,294,Translator
559,es-ES,101,Reviewer
560,zh-CN,493,Translator
560,de-DE,240,Translator
560,fr-FR,158,Translator
561,de-DE,142,Translator
561,de-DE,48,Reviewer
561,fr-FR,24,Translator
561,fr-FR,33,Reviewer
561,en-GB,480,Translator
561,en-GB,498,Reviewer
562,fr-FR,162,Translator
562,fr-FR,5,Reviewer
562,de-DE,300,Translator
562,de-DE,197,Reviewer
562,es-ES,399,Translator
562,es-ES,45,Reviewer
562,pt-BR,41,Translator
562,pt-BR,242,Reviewer
563,zh-CN,429,Translator
563,zh-CN,495,Reviewer
563,de-DE,197,Translator
563,de-DE,424,Reviewer
563,es-ES,29,Translator
563,es-ES,168,Reviewer
563,fr-FR,82,Translator
563,fr-FR,464,Reviewer
564,ja-JP,72,Translator
564,ja-JP,295,Reviewer
564,es-ES,483,Translator
564,es-ES,163,Reviewer
564,fr-FR,244,Translator
564,fr-FR,180,Reviewer
565,ko-KR,405,Translator
565,ko-KR,149,Reviewer
566,fr-FR,423,Translator
566,fr-FR,94,Reviewer
566,en-GB,292,Translator
566,en-GB,472,Reviewer
567,es-ES,134,Translator
567,it-IT,36,Translator
567,fr-FR,171,Translator
568,de-DE,110,Translator
568,ja-JP,221,Translator
568,ko-KR,432,Translator
568,fr-FR,365,Translator
569,de-DE,434,Translator
569,de-DE,309,Reviewer
569,es-ES,134,Translator
569,es-ES,223,Reviewer
569,da-DK,400,Translator
569,da-DK,476,Reviewer
570,de-DE,370,Translator
571,ko-KR,405,Translator
571,ko-KR,445,Reviewer
571,zh-CN,99,Translator
571,zh-CN,2,Reviewer
571,fr-FR,82,Translator
571,fr-FR,33,Reviewer
571,de-DE,56,Translator
571,de-DE,370,Reviewer
571,ja-JP,73,Translator
571,ja-JP,317,Reviewer
572,fr-FR,33,Translator
572,fr-FR,444,Reviewer
573,fr-FR,464,Translator
573,fr-FR,459,Reviewer
573,de-DE,110,Translator
573,de-DE,57,Reviewer
573,es-ES,263,Translator
573,es-ES,226,Reviewer
573,ja-JP,281,Translator
573,ja-JP,95,Reviewer
574,en-GB,487,Translator
574,fr-FR,3,Translator
574,de-DE,374,Translator
575,ja-JP,494,Translator
576,ja-JP,211,Translator
576,ja-JP,470,Reviewer
576,fr-FR,444,Translator
576,fr-FR,24,Reviewer
576,ko-KR,157,Translator
576,ko-KR,305,Reviewer
577,fr-FR,225,Translator
577,fr-FR,322,Reviewer
577,de-DE,348,Translator
577,de-DE,115,Reviewer
577,es-ES,66,Translator
577,es-ES,168,Reviewer
578,fr-FR,444,Translator
578,fr-FR,484,Reviewer
578,zh-CN,495,Translator
578,zh-CN,96,Reviewer
578,de-DE,303,Translator
578,de-DE,348,Reviewer
579,en-US,21,Translator
579,de-DE,303,Translator
579,ja-JP,366,Translator
580,es-ES,141,Translator
580,es-ES,45,Reviewer
580,ja-JP,491,Translator
580,ja-JP,193,Reviewer
580,de-DE,348,Translator
580,de-DE,110,Reviewer
581,de-DE,309,Translator
581,de-DE,224,Reviewer
581,it-IT,443,Translator
581,it-IT,456,Reviewer
581,fr-FR,82,Translator
581,fr-FR,236,Reviewer
582,de-DE,370,Translator
582,ja-JP,255,Translator
582,it-IT,428,Translator
582,fr-FR,164,Translator
583,en-US,383,Translator
583,en-US,468,Reviewer
583,fr-FR,5,Translator
583,fr-FR,441,Reviewer
583,es-ES,66,Translator
583,es-ES,101,Reviewer
583,de-DE,71,Translator
583,de-DE,348,Reviewer
584,es-ES,390,Translator
584,nl-NL,253,Translator
584,fr-FR,441,Translator
585,es-ES,66,Translator
586,ja-JP,239,Translator
586,ja-JP,470,Reviewer
586,fr-FR,453,Translator
586,fr-FR,260,Reviewer
586,es-ES,483,Translator
586,es-ES,226,Reviewer
586,de-DE,486,Translator
586,de-DE,348,Reviewer
587,en-US,173,Translator
587,en-US,357,Reviewer
588,ko-KR,413,Translator
588,ko-KR,83,Reviewer
588,fr-FR,322,Translator
588,fr-FR,225,Reviewer
588,zh-CN,20,Translator
588,zh-CN,42,Reviewer
589,de-DE,56,Translator
589,de-DE,197,Reviewer
589,fr-FR,451,Translator
589,fr-FR,180,Reviewer
589,ko-KR,332,Translator
589,ko-KR,375,Reviewer
589,ja-JP,366,Translator
589,ja-JP,187,Reviewer
589,es-ES,29,Translator
589,es-ES,390,Reviewer
590,es-ES,223,Translator
590,es-ES,241,Reviewer
590,de-DE,97,Translator
590,de-DE,309,Reviewer
591,da-DK,290,Translator
591,da-DK,407,Reviewer
591,de-DE,288,Translator
591,de-DE,142,Reviewer
591,es-ES,90,Translator
591,es-ES,76,Reviewer
591,fr-FR,451,Translator
591,fr-FR,464,Reviewer
592,fr-FR,94,Translator
592,fr-FR,277,Reviewer
592,de-DE,71,Translator
592,de-DE,348,Reviewer
592,it-IT,443,Translator
592,it-IT,216,Reviewer
592,es-ES,231,Translator
592,es-ES,223,Reviewer
593,de-DE,352,Translator
593,de-DE,486,Reviewer
593,ja-JP,239,Translator
593,ja-JP,351,Reviewer
593,es-ES,29,Translator
593,es-ES,483,Reviewer
593,ko-KR,124,Translator
593,ko-KR,246,Reviewer
594,en-GB,341,Translator
594,es-ES,223,Translator
594,fr-FR,406,Translator
594,de-DE,348,Translator
594,ja-JP,455,Translator
595,ko-KR,124,Translator
595,fr-FR,435,Translator
595,de-DE,240,Translator
595,ja-JP,270,Translator
595,es-ES,200,Translator
596,ja-JP,455,Translator
596,fr-FR,158,Translator
596,de-DE,339,Translator
596,es-ES,241,Translator
597,es-ES,263,Translator
597,es-ES,134,Reviewer
597,ja-JP,255,Translator
597,ja-JP,494,Reviewer
597,it-IT,216,Translator
597,it-IT,456,Reviewer
598,ja-JP,285,Translator
598,ko-KR,297,Translator
598,de-DE,486,Translator
598,fr-FR,322,Translator
598,es-ES,29,Translator
599,zh-CN,20,Translator
599,zh-CN,495,Reviewer
599,fr-FR,363,Translator
599,fr-FR,164,Reviewer
599,de-DE,224,Translator
599,de-DE,197,Reviewer
600,es-ES,101,Translator
600,es-ES,323,Reviewer
600,ja-JP,103,Translator
600,ja-JP,182,Reviewer
601,es-ES,223,Translator
601,es-ES,226,Reviewer
601,de-DE,199,Translator
601,de-DE,240,Reviewer
601,fr-FR,435,Translator
601,fr-FR,441,Reviewer
601,ja-JP,72,Translator
601,ja-JP,317,Reviewer
602,de-DE,348,Translator
602,es-ES,426,Translator
603,es-ES,134,Translator
603,es-ES,231,Reviewer
603,ja-JP,320,Translator
603,ja-JP,254,Reviewer
603,pt-BR,41,Translator
603,pt-BR,293,Reviewer
603,de-DE,424,Translator
603,de-DE,144,Reviewer
603,fr-FR,164,Translator
603,fr-FR,171,Reviewer
604,es-ES,263,Translator
604,es-ES,399,Reviewer
604,de-DE,303,Translator
604,de-DE,348,Reviewer
604,zh-CN,489,Translator
604,zh-CN,319,Reviewer
604,ja-JP,494,Translator
604,ja-JP,317,Reviewer
605,it-IT,18,Translator
605,it-IT,465,Reviewer
605,de-DE,142,Translator
605,de-DE,303,Reviewer
605,fr-FR,459,Translator
605,fr-FR,229,Reviewer
605,es-ES,163,Translator
605,es-ES,323,Reviewer
606,es-ES,263,Translator
606,es-ES,76,Reviewer
606,de-DE,71,Translator
606,de-DE,177,Reviewer
606,fr-FR,302,Translator
606,fr-FR,423,Reviewer
607,es-ES,231,Translator
607,es-ES,226,Reviewer
607,de-DE,71,Translator
607,de-DE,224,Reviewer
607,zh-CN,184,Translator
607,zh-CN,376,Reviewer
607,ja-JP,449,Translator
607,ja-JP,270,Reviewer
607,fr-FR,327,Translator
607,fr-FR,250,Reviewer
608,de-DE,48,Translator
608,de-DE,301,Reviewer
608,es-ES,134,Translator
608,es-ES,294,Reviewer
609,de-DE,177,Translator
609,de-DE,370,Reviewer
609,ja-JP,285,Translator
609,ja-JP,72,Reviewer
610,fr-FR,277,Translator
610,zh-CN,2,Translator
610,ja-JP,491,Translator
610,de-DE,57,Translator
610,ko-KR,445,Translator
611,ja-JP,364,Translator
611,ja-JP,494,Reviewer
611,de-DE,142,Translator
611,de-DE,61,Reviewer
612,es-ES,483,Translator
612,es-ES,226,Reviewer
612,ja-JP,95,Translator
612,ja-JP,491,Reviewer
612,fr-FR,327,Translator
612,fr-FR,302,Reviewer
612,de-DE,240,Translator
612,de-DE,301,Reviewer
613,ja-JP,295,Translator
613,ja-JP,182,Reviewer
613,de-DE,301,Translator
613,de-DE,57,Reviewer
614,fr-FR,158,Translator
614,fr-FR,464,Reviewer
614,zh-CN,204,Translator
614,zh-CN,232,Reviewer
615,fr-FR,322,Translator
616,fr-FR,82,Translator
617,fr-FR,444,Translator
617,es-ES,263,Translator
617,zh-CN,264,Translator
617,ja-JP,74,Translator
617,de-DE,309,Translator
618,zh-CN,42,Translator
618,zh-CN,184,Reviewer
618,fr-FR,441,Translator
618,fr-FR,369,Reviewer
618,de-DE,56,Translator
618,de-DE,57,Reviewer
619,es-ES,390,Translator
619,ja-JP,239,Translator
619,de-DE,370,Translator
620,ko-KR,88,Translator
620,ko-KR,83,Reviewer
621,es-ES,426,Translator
621,es-ES,323,Reviewer
621,fr-FR,169,Translator
621,fr-FR,244,Reviewer
621,ja-JP,193,Translator
621,ja-JP,320,Reviewer
621,de-DE,348,Translator
621,de-DE,309,Reviewer
622,en-GB,125,Translator
622,en-GB,396,Reviewer
622,de-DE,224,Translator
622,de-DE,301,Reviewer
622,fr-FR,423,Translator
622,fr-FR,322,Reviewer
623,ja-JP,320,Translator
623,ja-JP,266,Reviewer
623,es-ES,45,Translator
623,es-ES,399,Reviewer
623,de-DE,110,Translator
623,de-DE,339,Reviewer
624,ja-JP,72,Translator
624,de-DE,370,Translator
624,fr-FR,162,Translator
624,zh-CN,335,Translator
625,en-GB,132,Translator
625,en-GB,30,Reviewer
625,de-DE,61,Translator
625,de-DE,71,Reviewer
626,de-DE,352,Translator
626,de-DE,71,Reviewer
627,es-ES,163,Translator
627,es-ES,399,Reviewer
627,fr-FR,3,Translator
627,fr-FR,82,Reviewer
627,it-IT,467,Translator
627,it-IT,428,Reviewer
627,ja-JP,449,Translator
627,ja-JP,320,Reviewer
627,de-DE,56,Translator
627,de-DE,288,Reviewer
628,ja-JP,193,Translator
628,fr-FR,164,Translator
628,de-DE,301,Translator
629,ja-JP,397,Translator
629,ja-JP,72,Reviewer
630,fr-FR,363,Translator
630,fr-FR,484,Reviewer
630,de-DE,177,Translator
630,de-DE,71,Reviewer
630,ja-JP,103,Translator
630,ja-JP,182,Reviewer
630,en-US,154,Translator
630,en-US,151,Reviewer
631,de-DE,199,Translator
631,de-DE,309,Reviewer
631,es-ES,134,Translator
631,es-ES,76,Reviewer
632,es-ES,390,Translator
632,es-ES,263,Reviewer
632,ja-JP,72,Translator
632,ja-JP,255,Reviewer
632,fr-FR,164,Translator
632,fr-FR,24,Reviewer
633,ja-JP,72,Translator
633,ja-JP,449,Reviewer
633,de-DE,240,Translator
633,de-DE,339,Reviewer
633,fr-FR,171,Translator
633,fr-FR,5,Reviewer
634,en-US,93,Translator
634,en-US,212,Reviewer
634,de-DE,374,Translator
634,de-DE,78,Reviewer
634,fr-FR,327,Translator
634,fr-FR,380,Reviewer
635,fr-FR,158,Translator
635,en-US,173,Translator
636,de-DE,348,Translator
636,en-US,384,Translator
637,pt-BR,310,Translator
637,pt-BR,272,Reviewer
637,ja-JP,187,Translator
637,ja-JP,281,Reviewer
637,fr-FR,250,Translator
637,fr-FR,5,Reviewer
637,es-ES,426,Translator
637,es-ES,163,Reviewer
638,it-IT,465,Translator
638,fr-FR,82,Translator
638,pl-PL,500,Translator
638,es-ES,390,Translator
639,fr-FR,244,Translator
639,pt-BR,227,Translator
640,ja-JP,254,Translator
640,ja-JP,364,Reviewer
640,fr-FR,464,Translator
640,fr-FR,326,Reviewer
641,fr-FR,365,Translator
641,es-ES,399,Translator
642,it-IT,465,Translator
642,it-IT,347,Reviewer
642,de-DE,56,Translator
642,de-DE,370,Reviewer
643,ko-KR,243,Translator
643,ko-KR,316,Reviewer
643,de-DE,486,Translator
643,de-DE,240,Reviewer
643,fr-FR,180,Translator
643,fr-FR,327,Reviewer
644,es-ES,390,Translator
644,es-ES,161,Reviewer
644,fr-FR,236,Translator
644,fr-FR,327,Reviewer
644,it-IT,216,Translator
644,it-IT,385,Reviewer
644,ja-JP,221,Translator
644,ja-JP,397,Reviewer
644,de-DE,57,Translator
644,de-DE,142,Reviewer
645,fr-FR,327,Translator
645,de-DE,309,Translator
645,zh-CN,232,Translator
646,pt-BR,412,Translator
646,pt-BR,411,Reviewer
646,de-DE,339,Translator
646,de-DE,434,Reviewer
646,ja-JP,255,Translator
646,ja-JP,239,Reviewer
646,fr-FR,435,Translator
646,fr-FR,171,Reviewer
646,es-ES,399,Translator
646,es-ES,483,Reviewer
647,de-DE,434,Translator
647,de-DE,115,Reviewer
648,ko-KR,297,Translator
648,ko-KR,179,Reviewer
649,da-DK,195,Translator
649,da-DK,393,Reviewer
650,fr-FR,225,Translator
650,fr-FR,326,Reviewer
650,ja-JP,320,Translator
650,ja-JP,285,Reviewer
650,es-ES,223,Translator
650,es-ES,399,Reviewer
650,de-DE,78,Translator
650,de-DE,486,Reviewer
651,fr-FR,365,Translator
651,fr-FR,435,Reviewer
651,de-DE,97,Translator
651,de-DE,224,Reviewer
651,es-ES,200,Translator
651,es-ES,161,Reviewer
651,zh-CN,312,Translator
651,zh-CN,184,Reviewer
652,de-DE,110,Translator
652,de-DE,71,Reviewer
653,ja-JP,72,Translator
653,ja-JP,470,Reviewer
653,fr-FR,381,Translator
653,fr-FR,423,Reviewer
653,de-DE,177,Translator
653,de-DE,300,Reviewer
653,es-ES,231,Translator
653,es-ES,29,Reviewer
654,fr-FR,435,Translator
654,fr-FR,484,Reviewer
654,de-DE,142,Translator
654,de-DE,110,Reviewer
654,es-ES,101,Translator
654,es-ES,399,Reviewer
654,zh-CN,232,Translator
654,zh-CN,497,Reviewer
655,es-ES,323,Translator
655,es-ES,263,Reviewer
655,fr-FR,180,Translator
655,fr-FR,244,Reviewer
655,ko-KR,210,Translator
655,ko-KR,207,Reviewer
655,ja-JP,455,Translator
655,ja-JP,366,Reviewer
655,de-DE,199,Translator
655,de-DE,309,Reviewer
656,it-IT,408,Translator
656,it-IT,36,Reviewer
657,de-DE,177,Translator
657,de-DE,48,Reviewer
658,de-DE,370,Translator
658,de-DE,352,Reviewer
658,es-ES,161,Translator
658,es-ES,168,Reviewer
658,fr-FR,33,Translator
658,fr-FR,327,Reviewer
658,ja-JP,366,Translator
658,ja-JP,73,Reviewer
659,de-DE,303,Translator
659,de-DE,78,Reviewer
660,es-ES,263,Translator
660,es-ES,155,Reviewer
660,ja-JP,254,Translator
660,ja-JP,270,Reviewer
660,de-DE,78,Translator
660,de-DE,370,Reviewer
660,en-GB,30,Translator
660,en-GB,52,Reviewer
661,ja-JP,266,Translator
661,ja-JP,182,Reviewer
661,es-ES,155,Translator
661,es-ES,101,Reviewer
662,es-ES,483,Translator
662,es-ES,323,Reviewer
662,de-DE,370,Translator
662,de-DE,97,Reviewer
662,fr-FR,453,Translator
662,fr-FR,24,Reviewer
662,ja-JP,364,Translator
662,ja-JP,266,Reviewer
663,de-DE,224,Translator
663,es-ES,141,Translator
663,fr-FR,423,Translator
663,en-US,93,Translator
664,fr-FR,459,Translator
664,fr-FR,277,Reviewer
664,es-ES,155,Translator
664,es-ES,399,Reviewer
664,ja-JP,421,Translator
664,ja-JP,494,Reviewer
664,de-DE,177,Translator
664,de-DE,348,Reviewer
665,fr-FR,3,Translator
665,fr-FR,236,Reviewer
665,es-ES,263,Translator
665,es-ES,29,Reviewer
665,de-DE,57,Translator
665,de-DE,224,Reviewer
665,ja-JP,98,Translator
665,ja-JP,239,Reviewer
666,de-DE,300,Translator
666,de-DE,177,Reviewer
666,es-ES,76,Translator
666,es-ES,200,Reviewer
666,en-GB,44,Translator
666,en-GB,480,Reviewer
666,fr-FR,158,Translator
666,fr-FR,3,Reviewer
666,ja-JP,211,Translator
666,ja-JP,239,Reviewer
667,de-DE,48,Translator
668,de-DE,339,Translator
668,de-DE,78,Reviewer
668,zh-CN,319,Translator
668,zh-CN,42,Reviewer
668,ja-JP,211,Translator
668,ja-JP,182,Reviewer
669,en-US,233,Translator
669,en-US,154,Reviewer
669,de-DE,486,Translator
669,de-DE,57,Reviewer
669,fr-FR,158,Translator
669,fr-FR,406,Reviewer
669,ja-JP,317,Translator
669,ja-JP,193,Reviewer
670,de-DE,370,Translator
671,es-ES,399,Translator
671,ja-JP,351,Translator
671,de-DE,339,Translator
671,ko-KR,332,Translator
671,fr-FR,225,Translator
672,it-IT,216,Translator
672,it-IT,467,Reviewer
673,de-DE,303,Translator
674,ja-JP,455,Translator
674,ja-JP,449,Reviewer
674,fr-FR,302,Translator
674,fr-FR,171,Reviewer
674,en-GB,52,Translator
674,en-GB,498,Reviewer
674,es-ES,475,Translator
674,es-ES,76,Reviewer
674,de-DE,61,Translator
674,de-DE,78,Reviewer
675,ja-JP,187,Translator
675,fr-FR,322,Translator
676,ja-JP,295,Translator
676,ja-JP,72,Reviewer
676,it-IT,347,Translator
676,it-IT,181,Reviewer
676,fr-FR,363,Translator
676,fr-FR,322,Reviewer
676,de-DE,78,Translator
676,de-DE,240,Reviewer
676,es-ES,155,Translator
676,es-ES,90,Reviewer
677,it-IT,492,Translator
677,it-IT,443,Reviewer
678,de-DE,424,Translator
678,de-DE,339,Reviewer
678,fr-FR,327,Translator
678,fr-FR,169,Reviewer
678,it-IT,416,Translator
678,it-IT,152,Reviewer
678,es-ES,426,Translator
678,es-ES,45,Reviewer
678,ja-JP,281,Translator
678,ja-JP,239,Reviewer
679,de-DE,240,Translator
679,de-DE,110,Reviewer
679,es-ES,241,Translator
679,es-ES,134,Reviewer
679,fr-FR,451,Translator
679,fr-FR,322,Reviewer
680,ja-JP,239,Translator
680,ja-JP,211,Reviewer
680,fr-FR,302,Translator
680,fr-FR,82,Reviewer
681,es-ES,155,Translator
681,es-ES,399,Reviewer
681,fr-FR,369,Translator
681,fr-FR,24,Reviewer
681,ja-JP,421,Translator
681,ja-JP,317,Reviewer
681,it-IT,47,Translator
681,it-IT,347,Reviewer
681,de-DE,144,Translator
681,de-DE,61,Reviewer
682,ja-JP,74,Translator
682,ja-JP,281,Reviewer
682,fr-FR,260,Translator
682,fr-FR,326,Reviewer
682,es-ES,168,Translator
682,es-ES,163,Reviewer
682,pt-BR,185,Translator
682,pt-BR,337,Reviewer
682,de-DE,348,Translator
682,de-DE,56,Reviewer
683,es-ES,483,Translator
683,es-ES,223,Reviewer
683,fr-FR,158,Translator
683,fr-FR,423,Reviewer
683,de-DE,78,Translator
683,de-DE,301,Reviewer
683,en-US,34,Translator
683,en-US,318,Reviewer
684,fr-FR,381,Translator
685,zh-CN,99,Translator
685,zh-CN,111,Reviewer
685,de-DE,224,Translator
685,de-DE,115,Reviewer
685,fr-FR,327,Translator
685,fr-FR,91,Reviewer
685,ja-JP,449,Translator
685,ja-JP,98,Reviewer
685,ko-KR,413,Translator
685,ko-KR,102,Reviewer
686,en-GB,472,Translator
686,en-GB,198,Reviewer
687,es-ES,231,Translator
688,es-ES,168,Translator
688,es-ES,226,Reviewer
688,de-DE,352,Translator
688,de-DE,370,Reviewer
688,nl-NL,499,Translator
688,nl-NL,454,Reviewer
688,it-IT,181,Translator
688,it-IT,456,Reviewer
689,de-DE,115,Translator
689,de-DE,61,Reviewer
689,fr-FR,169,Translator
689,fr-FR,380,Reviewer
689,ja-JP,72,Translator
689,ja-JP,285,Reviewer
689,es-ES,155,Translator
689,es-ES,263,Reviewer
690,fr-FR,94,Translator
690,fr-FR,441,Reviewer
690,ja-JP,421,Translator
690,ja-JP,320,Reviewer
690,zh-CN,264,Translator
690,zh-CN,228,Reviewer
690,de-DE,78,Translator
690,de-DE,48,Reviewer
691,it-IT,36,Translator
691,it-IT,456,Reviewer
691,es-ES,294,Translator
691,es-ES,141,Reviewer
691,pt-BR,41,Translator
691,pt-BR,442,Reviewer
692,ja-JP,449,Translator
692,ja-JP,255,Reviewer
692,es-ES,141,Translator
692,es-ES,29,Reviewer
692,ko-KR,375,Translator
692,ko-KR,432,Reviewer
692,de-DE,110,Translator
692,de-DE,309,Reviewer
692,fr-FR,464,Translator
692,fr-FR,302,Reviewer
693,de-DE,57,Translator
693,fr-FR,369,Translator
693,en-GB,487,Translator
694,ja-JP,270,Translator
694,ja-JP,73,Reviewer
695,de-DE,142,Translator
695,de-DE,177,Reviewer
695,en-US,21,Translator
695,en-US,496,Reviewer
696,es-ES,163,Translator
696,es-ES,483,Reviewer
696,de-DE,303,Translator
696,de-DE,434,Reviewer
696,fr-FR,459,Translator
696,fr-FR,444,Reviewer
696,it-IT,175,Translator
696,it-IT,181,Reviewer
697,nl-NL,437,Translator
697,nl-NL,454,Reviewer
698,de-DE,352,Translator
698,de-DE,199,Reviewer
699,de-DE,224,Translator
699,de-DE,110,Reviewer
700,ja-JP,351,Translator
700,ja-JP,449,Reviewer
700,de-DE,61,Translator
700,de-DE,97,Reviewer
700,zh-CN,495,Translator
700,zh-CN,99,Reviewer
700,fr-FR,244,Translator
700,fr-FR,225,Reviewer
701,fr-FR,441,Translator
701,fr-FR,453,Reviewer
701,ja-JP,281,Translator
701,ja-JP,73,Reviewer
701,es-ES,161,Translator
701,es-ES,263,Reviewer
701,de-DE,177,Translator
701,de-DE,486,Reviewer
702,en-US,22,Translator
702,en-US,487,Reviewer
702,fr-FR,250,Translator
702,fr-FR,162,Reviewer
702,ja-JP,73,Translator
702,ja-JP,103,Reviewer
702,de-DE,177,Translator
702,de-DE,309,Reviewer
703,de-DE,424,Translator
703,de-DE,110,Reviewer
703,ja-JP,254,Translator
703,ja-JP,211,Reviewer
704,es-ES,168,Translator
704,es-ES,45,Reviewer
705,fr-FR,162,Translator
705,es-ES,263,Translator
705,ja-JP,103,Translator
705,de-DE,374,Translator
705,pt-BR,190,Translator
706,ja-JP,95,Translator
706,ja-JP,193,Reviewer
706,es-ES,155,Translator
706,es-ES,90,Reviewer
706,fr-FR,406,Translator
706,fr-FR,326,Reviewer
706,de-DE,370,Translator
706,de-DE,177,Reviewer
707,es-ES,226,Translator
707,es-ES,200,Reviewer
708,de-DE,224,Translator
709,it-IT,181,Translator
709,es-ES,323,Translator
710,ja-JP,317,Translator
710,es-ES,66,Translator
710,de-DE,61,Translator
710,fr-FR,302,Translator
711,ja-JP,211,Translator
711,fr-FR,459,Translator
712,de-DE,48,Translator
712,de-DE,370,Reviewer
712,fr-FR,250,Translator
712,fr-FR,236,Reviewer
712,ja-JP,182,Translator
712,ja-JP,491,Reviewer
712,zh-CN,20,Translator
712,zh-CN,319,Reviewer
713,fr-FR,171,Translator
714,ja-JP,320,Translator
714,ja-JP,211,Reviewer
714,zh-CN,106,Translator
714,zh-CN,264,Reviewer
714,de-DE,486,Translator
714,de-DE,303,Reviewer
714,fr-FR,326,Translator
714,fr-FR,225,Reviewer
715,es-ES,66,Translator
715,es-ES,45,Reviewer
715,fr-FR,164,Translator
715,fr-FR,464,Reviewer
716,ja-JP,270,Translator
716,ja-JP,281,Reviewer
716,es-ES,76,Translator
716,es-ES,426,Reviewer
716,de-DE,309,Translator
716,de-DE,61,Reviewer
717,de-DE,144,Translator
717,it-IT,18,Translator
717,ja-JP,255,Translator
717,fr-FR,162,Translator
718,ko-KR,332,Translator
718,ko-KR,316,Reviewer
718,fr-FR,94,Translator
718,fr-FR,406,Reviewer
719,de-DE,303,Translator
719,de-DE,71,Reviewer
719,fr-FR,327,Translator
719,fr-FR,302,Reviewer
719,zh-CN,497,Translator
719,zh-CN,20,Reviewer
719,es-ES,226,Translator
719,es-ES,134,Reviewer
719,ja-JP,455,Translator
719,ja-JP,103,Reviewer
720,pt-BR,403,Translator
720,pt-BR,51,Reviewer
720,fr-FR,369,Translator
720,fr-FR,162,Reviewer
720,de-DE,339,Translator
720,de-DE,303,Reviewer
720,it-IT,47,Translator
720,it-IT,36,Reviewer
720,es-ES,475,Translator
720,es-ES,241,Reviewer
721,ja-JP,270,Translator
721,ja-JP,187,Reviewer
721,fr-FR,484,Translator
721,fr-FR,162,Reviewer
722,es-ES,101,Translator
722,es-ES,76,Reviewer
722,fr-FR,459,Translator
722,fr-FR,451,Reviewer
722,ja-JP,187,Translator
722,ja-JP,255,Reviewer
722,de-DE,301,Translator
722,de-DE,57,Reviewer
723,de-DE,374,Translator
723,es-ES,163,Translator
723,fr-FR,380,Translator
723,ja-JP,182,Translator
724,de-DE,339,Translator
724,de-DE,224,Reviewer
725,ja-JP,255,Translator
726,fr-FR,406,Translator
726,de-DE,61,Translator
726,es-ES,483,Translator
726,it-IT,18,Translator
727,es-ES,168,Translator
727,es-ES,90,Reviewer
728,es-ES,294,Translator
728,ja-JP,281,Translator
728,fr-FR,380,Translator
728,de-DE,240,Translator
729,ko-KR,83,Translator
730,de-DE,224,Translator
730,de-DE,339,Reviewer
730,ja-JP,211,Translator
730,ja-JP,254,Reviewer
730,es-ES,323,Translator
730,es-ES,483,Reviewer
730,fr-FR,484,Translator
730,fr-FR,82,Reviewer
730,ko-KR,235,Translator
730,ko-KR,432,Reviewer
731,de-DE,97,Translator
732,es-ES,45,Translator
732,es-ES,161,Reviewer
733,ja-JP,193,Translator
733,es-ES,163,Translator
734,it-IT,36,Translator
734,fr-FR,3,Translator
734,de-DE,374,Translator
734,es-ES,101,Translator
735,ja-JP,72,Translator
735,es-ES,90,Translator
735,ko-KR,358,Translator
735,fr-FR,327,Translator
735,de-DE,352,Translator
736,de-DE,374,Translator
736,de-DE,288,Reviewer
736,es-ES,141,Translator
736,es-ES,294,Reviewer
736,it-IT,465,Translator
736,it-IT,36,Reviewer
736,fr-FR,180,Translator
736,fr-FR,277,Reviewer
736,pl-PL,386,Translator
736,pl-PL,251,Reviewer
736,nl-NL,65,Translator
736,nl-NL,133,Reviewer
737,en-GB,440,Translator
738,es-ES,163,Translator
738,es-ES,263,Reviewer
738,fr-FR,363,Translator
738,fr-FR,381,Reviewer
738,ja-JP,397,Translator
738,ja-JP,254,Reviewer
738,de-DE,56,Translator
738,de-DE,115,Reviewer
739,de-DE,309,Translator
740,es-ES,483,Translator
740,es-ES,45,Reviewer
740,zh-CN,111,Translator
740,zh-CN,2,Reviewer
740,fr-FR,464,Translator
740,fr-FR,180,Reviewer
740,ja-JP,193,Translator
740,ja-JP,266,Reviewer
740,de-DE,339,Translator
740,de-DE,352,Reviewer
741,fr-FR,381,Translator
741,de-DE,339,Translator
741,es-ES,168,Translator
741,zh-CN,136,Translator
742,ko-KR,331,Translator
742,ko-KR,102,Reviewer
742,es-ES,263,Translator
742,es-ES,475,Reviewer
742,ja-JP,366,Translator
742,ja-JP,98,Reviewer
742,de-DE,110,Translator
742,de-DE,424,Reviewer
742,fr-FR,369,Translator
742,fr-FR,451,Reviewer
743,nl-NL,350,Translator
743,nl-NL,89,Reviewer
743,es-ES,45,Translator
743,es-ES,76,Reviewer
743,de-DE,486,Translator
743,de-DE,110,Reviewer
744,zh-CN,319,Translator
744,fr-FR,158,Translator
744,de-DE,224,Translator
744,ja-JP,103,Translator
745,fr-FR,58,Translator
745,fr-FR,33,Reviewer
745,de-DE,434,Translator
745,de-DE,370,Reviewer
745,ja-JP,221,Translator
745,ja-JP,95,Reviewer
746,es-ES,141,Translator
746,es-ES,155,Reviewer
746,en-GB,150,Translator
746,en-GB,313,Reviewer
746,de-DE,56,Translator
746,de-DE,71,Reviewer
746,ja-JP,285,Translator
746,ja-JP,211,Reviewer
746,fr-FR,164,Translator
746,fr-FR,162,Reviewer
747,fr-FR,3,Translator
747,ja-JP,95,Translator
747,de-DE,110,Translator
748,ko-KR,305,Translator
748,ko-KR,344,Reviewer
749,ja-JP,285,Translator
749,ja-JP,103,Reviewer
750,es-ES,168,Translator
750,es-ES,141,Reviewer
751,de-DE,78,Translator
751,de-DE,56,Reviewer
752,de-DE,370,Translator
752,de-DE,300,Reviewer
752,fr-FR,171,Translator
752,fr-FR,58,Reviewer
752,zh-CN,495,Translator
752,zh-CN,429,Reviewer
753,fr-FR,327,Translator
753,it-IT,467,Translator
753,es-ES,76,Translator
753,ja-JP,366,Translator
753,de-DE,370,Translator
754,es-ES,390,Translator
754,es-ES,223,Reviewer
754,de-DE,110,Translator
754,de-DE,224,Reviewer
754,fr-FR,3,Translator
754,fr-FR,236,Reviewer
754,ja-JP,285,Translator
754,ja-JP,317,Reviewer
755,ja-JP,351,Translator
755,de-DE,339,Translator
755,fr-FR,82,Translator
755,es-ES,390,Translator
756,it-IT,465,Translator
756,it-IT,216,Reviewer
757,es-ES,475,Translator
757,es-ES,200,Reviewer
758,es-ES,323,Translator
758,fr-FR,3,Translator
759,fr-FR,381,Translator
759,fr-FR,441,Reviewer
759,de-DE,301,Translator
759,de-DE,352,Reviewer
760,es-ES,161,Translator
761,fr-FR,423,Translator
761,fr-FR,369,Reviewer
761,ja-JP,270,Translator
761,ja-JP,103,Reviewer
761,es-ES,45,Translator
761,es-ES,66,Reviewer
762,fr-FR,5,Translator
762,fr-FR,326,Reviewer
762,de-DE,71,Translator
762,de-DE,57,Reviewer
762,ja-JP,193,Translator
762,ja-JP,366,Reviewer
762,it-IT,152,Translator
762,it-IT,36,Reviewer
762,es-ES,231,Translator
762,es-ES,29,Reviewer
763,es-ES,226,Translator
763,es-ES,76,Reviewer
763,fr-FR,369,Translator
763,fr-FR,229,Reviewer
764,ja-JP,193,Translator
764,ja-JP,295,Reviewer
764,de-DE,177,Translator
764,de-DE,486,Reviewer
764,en-US,11,Translator
764,en-US,468,Reviewer
764,fr-FR,444,Translator
764,fr-FR,484,Reviewer
765,fr-FR,277,Translator
765,es-ES,76,Translator
765,ja-JP,103,Translator
765,de-DE,97,Translator
765,it-IT,456,Translator
766,de-DE,48,Translator
766,de-DE,300,Reviewer
767,de-DE,177,Translator
767,es-ES,66,Translator
767,zh-CN,495,Translator
767,fr-FR,94,Translator
768,fr-FR,459,Translator
768,it-IT,47,Translator
769,zh-CN,340,Translator
769,ko-KR,209,Translator
769,ja-JP,421,Translator
770,es-ES,390,Translator
770,es-ES,161,Reviewer
770,de-DE,177,Translator
770,de-DE,115,Reviewer
770,fr-FR,326,Translator
770,fr-FR,369,Reviewer
770,it-IT,465,Translator
770,it-IT,175,Reviewer
771,zh-CN,340,Translator
771,zh-CN,228,Reviewer
771,fr-FR,322,Translator
771,fr-FR,302,Reviewer
771,ja-JP,254,Translator
771,ja-JP,455,Reviewer
772,zh-CN,42,Translator
772,zh-CN,376,Reviewer
772,es-ES,101,Translator
772,es-ES,231,Reviewer
772,fr-FR,369,Translator
772,fr-FR,435,Reviewer
773,zh-CN,20,Translator
773,zh-CN,111,Reviewer
773,ja-JP,266,Translator
773,ja-JP,270,Reviewer
773,ko-KR,346,Translator
773,ko-KR,332,Reviewer
774,de-DE,374,Translator
774,de-DE,61,Reviewer
775,es-ES,426,Translator
775,es-ES,399,Reviewer
775,ko-KR,297,Translator
775,ko-KR,305,Reviewer
775,de-DE,199,Translator
775,de-DE,374,Reviewer
775,fr-FR,162,Translator
775,fr-FR,380,Reviewer
776,it-IT,216,Translator
776,it-IT,428,Reviewer
776,fr-FR,363,Translator
776,fr-FR,91,Reviewer
776,de-DE,71,Translator
776,de-DE,370,Reviewer
776,nl-NL,245,Translator
776,nl-NL,253,Reviewer
776,es-ES,483,Translator
776,es-ES,226,Reviewer
776,pl-PL,338,Translator
776,pl-PL,174,Reviewer
777,es-ES,29,Translator
777,es-ES,200,Reviewer
777,fr-FR,326,Translator
777,fr-FR,435,Reviewer
777,ja-JP,182,Translator
777,ja-JP,270,Reviewer
778,es-ES,76,Translator
778,es-ES,141,Reviewer
778,de-DE,300,Translator
778,de-DE,486,Reviewer
778,ja-JP,455,Translator
778,ja-JP,281,Reviewer
778,ko-KR,284,Translator
778,ko-KR,358,Reviewer
778,fr-FR,250,Translator
778,fr-FR,24,Reviewer
779,fr-FR,164,Translator
779,fr-FR,158,Reviewer
780,de-DE,97,Translator
780,de-DE,348,Reviewer
780,es-ES,390,Translator
780,es-ES,475,Reviewer
780,ko-KR,358,Translator
780,ko-KR,210,Reviewer
780,fr-FR,327,Translator
780,fr-FR,58,Reviewer
780,ja-JP,211,Translator
780,ja-JP,221,Reviewer
781,fr-FR,363,Translator
781,ja-JP,470,Translator
782,de-DE,197,Translator
782,de-DE,78,Reviewer
782,fr-FR,423,Translator
782,fr-FR,369,Reviewer
783,de-DE,97,Translator
783,de-DE,370,Reviewer
783,fr-FR,180,Translator
783,fr-FR,3,Reviewer
784,de-DE,142,Translator
784,de-DE,348,Reviewer
784,en-GB,68,Translator
784,en-GB,52,Reviewer
784,fr-FR,381,Translator
784,fr-FR,365,Reviewer
785,it-IT,152,Translator
785,it-IT,408,Reviewer
785,fr-FR,169,Translator
785,fr-FR,91,Reviewer
786,ja-JP,239,Translator
786,ja-JP,103,Reviewer
786,de-DE,142,Translator
786,de-DE,300,Reviewer
786,zh-CN,106,Translator
786,zh-CN,42,Reviewer
786,ko-KR,321,Translator
786,ko-KR,243,Reviewer
786,fr-FR,444,Translator
786,fr-FR,365,Reviewer
787,ja-JP,182,Translator
787,fr-FR,365,Translator
788,zh-CN,111,Translator
788,zh-CN,312,Reviewer
788,de-DE,48,Translator
788,de-DE,434,Reviewer
788,fr-FR,236,Translator
788,fr-FR,363,Reviewer
789,en-GB,198,Translator
789,en-GB,313,Reviewer
789,fr-FR,444,Translator
789,fr-FR,459,Reviewer
790,fr-FR,327,Translator
790,fr-FR,464,Reviewer
790,ko-KR,297,Translator
790,ko-KR,445,Reviewer
790,zh-CN,308,Translator
790,zh-CN,2,Reviewer
790,ja-JP,182,Translator
790,ja-JP,255,Reviewer
790,de-DE,300,Translator
790,de-DE,301,Reviewer
791,de-DE,370,Translator
791,de-DE,110,Reviewer
791,zh-CN,2,Translator
791,zh-CN,16,Reviewer
791,es-ES,155,Translator
791,es-ES,294,Reviewer
791,fr-FR,225,Translator
791,fr-FR,435,Reviewer
792,fr-FR,464,Translator
792,fr-FR,225,Reviewer
792,de-DE,197,Translator
792,de-DE,370,Reviewer
792,es-ES,141,Translator
792,es-ES,475,Reviewer
792,ja-JP,449,Translator
792,ja-JP,74,Reviewer
793,de-DE,370,Translator
793,de-DE,177,Reviewer
793,ja-JP,295,Translator
793,ja-JP,103,Reviewer
793,fr-FR,162,Translator
793,fr-FR,484,Reviewer
793,it-IT,152,Translator
793,it-IT,201,Reviewer
793,es-ES,231,Translator
793,es-ES,45,Reviewer
794,fr-FR,327,Translator
794,fr-FR,302,Reviewer
794,zh-CN,340,Translator
794,zh-CN,106,Reviewer
794,de-DE,115,Translator
794,de-DE,57,Reviewer
795,fr-FR,24,Translator
795,fr-FR,244,Reviewer
795,en-US,21,Translator
795,en-US,315,Reviewer
795,de-DE,352,Translator
795,de-DE,339,Reviewer
796,fr-FR,162,Translator
796,fr-FR,464,Reviewer
796,es-ES,76,Translator
796,es-ES,66,Reviewer
796,de-DE,300,Translator
796,de-DE,224,Reviewer
796,ja-JP,103,Translator
796,ja-JP,98,Reviewer
797,en-US,362,Translator
798,it-IT,181,Translator
798,de-DE,115,Translator
798,es-ES,231,Translator
799,es-ES,76,Translator
799,es-ES,263,Reviewer
800,de-DE,97,Translator
800,zh-CN,2,Translator
800,fr-FR,82,Translator
801,ja-JP,285,Translator
801,ja-JP,95,Reviewer
802,ja-JP,266,Translator
802,ja-JP,366,Reviewer
802,fr-FR,459,Translator
802,fr-FR,363,Reviewer
802,ko-KR,331,Translator
802,ko-KR,88,Reviewer
803,es-ES,231,Translator
804,de-DE,144,Translator
804,de-DE,348,Reviewer
804,fr-FR,380,Translator
804,fr-FR,444,Reviewer
804,es-ES,323,Translator
804,es-ES,483,Reviewer
804,it-IT,467,Translator
804,it-IT,347,Reviewer
804,ja-JP,449,Translator
804,ja-JP,295,Reviewer
805,de-DE,240,Translator
805,fr-FR,250,Translator
805,es-ES,294,Translator
805,ja-JP,317,Translator
806,en-US,318,Translator
806,fr-FR,484,Translator
806,ja-JP,317,Translator
806,de-DE,56,Translator
807,fr-FR,277,Translator
807,zh-CN,96,Translator
807,de-DE,434,Translator
807,ja-JP,98,Translator
807,es-ES,76,Translator
808,de-DE,240,Translator
809,es-ES,76,Translator
809,pt-BR,51,Translator
809,de-DE,115,Translator
809,it-IT,492,Translator
810,es-ES,223,Translator
810,es-ES,163,Reviewer
810,fr-FR,365,Translator
810,fr-FR,322,Reviewer
810,de-DE,288,Translator
810,de-DE,370,Reviewer
810,zh-CN,42,Translator
810,zh-CN,335,Reviewer
811,ja-JP,317,Translator
811,ja-JP,285,Reviewer
811,de-DE,339,Translator
811,de-DE,61,Reviewer
812,ja-JP,494,Translator
812,ja-JP,470,Reviewer
812,fr-FR,3,Translator
812,fr-FR,380,Reviewer
813,it-IT,47,Translator
813,it-IT,467,Reviewer
813,de-DE,97,Translator
813,de-DE,339,Reviewer
814,zh-CN,497,Translator
814,zh-CN,429,Reviewer
815,de-DE,434,Translator
815,de-DE,486,Reviewer
815,it-IT,408,Translator
815,it-IT,456,Reviewer
816,de-DE,434,Translator
816,es-ES,141,Translator
817,ko-KR,124,Translator
817,ko-KR,267,Reviewer
817,fr-FR,171,Translator
817,fr-FR,91,Reviewer
818,nl-NL,123,Translator
818,nl-NL,391,Reviewer
818,es-ES,226,Translator
818,es-ES,168,Reviewer
818,fr-FR,322,Translator
818,fr-FR,381,Reviewer
818,de-DE,424,Translator
818,de-DE,78,Reviewer
818,it-IT,443,Translator
818,it-IT,152,Reviewer
819,es-ES,223,Translator
819,it-IT,385,Translator
819,de-DE,303,Translator
820,en-GB,313,Translator
820,en-GB,132,Reviewer
820,fr-FR,423,Translator
820,fr-FR,453,Reviewer
821,fr-FR,435,Translator
821,fr-FR,58,Reviewer
821,de-DE,57,Translator
821,de-DE,303,Reviewer
821,es-ES,134,Translator
821,es-ES,263,Reviewer
821,ja-JP,455,Translator
821,ja-JP,364,Reviewer
821,ko-KR,344,Translator
821,ko-KR,316,Reviewer
822,ja-JP,320,Translator
822,ja-JP,295,Reviewer
822,de-DE,486,Translator
822,de-DE,301,Reviewer
822,fr-FR,33,Translator
822,fr-FR,365,Reviewer
823,de-DE,288,Translator
823,de-DE,78,Reviewer
823,ja-JP,364,Translator
823,ja-JP,73,Reviewer
824,ja-JP,95,Translator
824,es-ES,483,Translator
824,it-IT,201,Translator
825,de-DE,309,Translator
825,de-DE,434,Reviewer
826,es-ES,29,Translator
826,es-ES,241,Reviewer
826,de-DE,57,Translator
826,de-DE,224,Reviewer
827,de-DE,240,Translator
827,de-DE,177,Reviewer
827,es-ES,134,Translator
827,es-ES,426,Reviewer
827,ja-JP,364,Translator
827,ja-JP,103,Reviewer
827,fr-FR,94,Translator
827,fr-FR,363,Reviewer
828,es-ES,141,Translator
828,es-ES,475,Reviewer
829,es-ES,134,Translator
829,es-ES,226,Reviewer
829,fr-FR,94,Translator
829,fr-FR,236,Reviewer
829,de-DE,57,Translator
829,de-DE,288,Reviewer
829,da-DK,400,Translator
829,da-DK,343,Reviewer
830,en-US,233,Translator
830,en-US,173,Reviewer
831,it-IT,36,Translator
831,it-IT,47,Reviewer
831,es-ES,161,Translator
831,es-ES,475,Reviewer
831,nl-NL,371,Translator
831,nl-NL,65,Reviewer
831,pl-PL,174,Translator
831,pl-PL,304,Reviewer
831,fr-FR,164,Translator
831,fr-FR,484,Reviewer
831,de-DE,177,Translator
831,de-DE,370,Reviewer
832,ja-JP,211,Translator
832,ja-JP,254,Reviewer
832,es-ES,241,Translator
832,es-ES,163,Reviewer
832,fr-FR,435,Translator
832,fr-FR,225,Reviewer
832,de-DE,144,Translator
832,de-DE,352,Reviewer
832,it-IT,443,Translator
832,it-IT,216,Reviewer
833,es-ES,399,Translator
833,fr-FR,464,Translator
833,de-DE,301,Translator
833,ja-JP,285,Translator
834,de-DE,370,Translator
834,de-DE,434,Reviewer
835,de-DE,61,Translator
835,de-DE,78,Reviewer
835,en-GB,341,Translator
835,en-GB,150,Reviewer
836,fr-FR,180,Translator
836,fr-FR,484,Reviewer
836,de-DE,309,Translator
836,de-DE,71,Reviewer
836,es-ES,90,Translator
836,es-ES,168,Reviewer
836,it-IT,408,Translator
836,it-IT,152,Reviewer
837,ja-JP,266,Translator
837,fr-FR,244,Translator
838,it-IT,47,Translator
838,it-IT,201,Reviewer
838,de-DE,144,Translator
838,de-DE,301,Reviewer
838,fr-FR,58,Translator
838,fr-FR,244,Reviewer
838,es-ES,231,Translator
838,es-ES,223,Reviewer
838,ja-JP,470,Translator
838,ja-JP,103,Reviewer
839,fr-FR,91,Translator
840,it-IT,181,Translator
840,fr-FR,171,Translator
840,de-DE,197,Translator
841,de-DE,374,Translator
841,de-DE,56,Reviewer
841,fr-FR,94,Translator
841,fr-FR,451,Reviewer
841,zh-CN,228,Translator
841,zh-CN,106,Reviewer
841,ja-JP,295,Translator
841,ja-JP,320,Reviewer
842,es-ES,155,Translator
842,es-ES,200,Reviewer
842,de-DE,115,Translator
842,de-DE,61,Reviewer
842,fr-FR,180,Translator
842,fr-FR,453,Reviewer
842,pt-BR,202,Translator
842,pt-BR,262,Reviewer
843,fr-FR,225,Translator
843,fr-FR,91,Reviewer
843,it-IT,408,Translator
843,it-IT,443,Reviewer
843,de-DE,97,Translator
843,de-DE,374,Reviewer
843,es-ES,45,Translator
843,es-ES,390,Reviewer
844,de-DE,110,Translator
844,de-DE,48,Reviewer
844,zh-CN,495,Translator
844,zh-CN,308,Reviewer
844,fr-FR,464,Translator
844,fr-FR,363,Reviewer
845,de-DE,288,Translator
845,de-DE,348,Reviewer
845,es-ES,475,Translator
845,es-ES,163,Reviewer
845,fr-FR,484,Translator
845,fr-FR,24,Reviewer
846,es-ES,390,Translator
846,es-ES,294,Reviewer
846,it-IT,443,Translator
846,it-IT,385,Reviewer
847,de-DE,177,Translator
847,es-ES,294,Translator
847,zh-CN,319,Translator
847,fr-FR,381,Translator
848,de-DE,71,Translator
848,de-DE,339,Reviewer
848,pt-BR,203,Translator
848,pt-BR,12,Reviewer
848,fr-FR,451,Translator
848,fr-FR,484,Reviewer
848,es-ES,101,Translator
848,es-ES,475,Reviewer
849,en-US,34,Translator
849,en-US,357,Reviewer
849,ja-JP,270,Translator
849,ja-JP,351,Reviewer
849,de-DE,370,Translator
849,de-DE,97,Reviewer
849,fr-FR,302,Translator
849,fr-FR,82,Reviewer
850,es-ES,223,Translator
850,da-DK,273,Translator
850,fr-FR,435,Translator
851,de-DE,57,Translator
851,de-DE,61,Reviewer
851,es-ES,134,Translator
851,es-ES,141,Reviewer
851,ja-JP,494,Translator
851,ja-JP,317,Reviewer
852,fr-FR,406,Translator
852,fr-FR,171,Reviewer
852,ja-JP,491,Translator
852,ja-JP,255,Reviewer
852,de-DE,224,Translator
852,de-DE,48,Reviewer
852,en-US,357,Translator
852,en-US,496,Reviewer
853,fr-FR,158,Translator
853,fr-FR,94,Reviewer
854,de-DE,240,Translator
854,de-DE,348,Reviewer
854,it-IT,216,Translator
854,it-IT,408,Reviewer
854,fr-FR,3,Translator
854,fr-FR,171,Reviewer
855,fr-FR,260,Translator
855,fr-FR,158,Reviewer
856,fr-FR,164,Translator
856,fr-FR,169,Reviewer
856,ja-JP,366,Translator
856,ja-JP,470,Reviewer
857,es-ES,155,Translator
857,es-ES,76,Reviewer
858,ko-KR,344,Translator
858,ko-KR,321,Reviewer
858,es-ES,241,Translator
858,es-ES,483,Reviewer
858,de-DE,110,Translator
858,de-DE,424,Reviewer
858,fr-FR,33,Translator
858,fr-FR,369,Reviewer
858,ja-JP,351,Translator
858,ja-JP,494,Reviewer
859,zh-CN,106,Translator
859,zh-CN,96,Reviewer
859,de-DE,352,Translator
859,de-DE,110,Reviewer
859,fr-FR,369,Translator
859,fr-FR,277,Reviewer
859,es-ES,161,Translator
859,es-ES,29,Reviewer
860,de-DE,61,Translator
860,de-DE,301,Reviewer
860,fr-FR,91,Translator
860,fr-FR,277,Reviewer
860,ja-JP,211,Translator
860,ja-JP,193,Reviewer
861,de-DE,78,Translator
861,de-DE,144,Reviewer
861,fr-FR,451,Translator
861,fr-FR,244,Reviewer
862,de-DE,71,Translator
862,de-DE,348,Reviewer
862,es-ES,399,Translator
862,es-ES,29,Reviewer
862,ja-JP,103,Translator
862,ja-JP,366,Reviewer
862,fr-FR,244,Translator
862,fr-FR,229,Reviewer
863,ja-JP,421,Translator
863,ja-JP,455,Reviewer
863,de-DE,370,Translator
863,de-DE,177,Reviewer
863,fr-FR,3,Translator
863,fr-FR,484,Reviewer
864,de-DE,142,Translator
864,de-DE,240,Reviewer
864,en-GB,313,Translator
864,en-GB,212,Reviewer
864,fr-FR,82,Translator
864,fr-FR,158,Reviewer
865,ja-JP,351,Translator
865,ja-JP,397,Reviewer
865,de-DE,288,Translator
865,de-DE,199,Reviewer
865,ko-KR,332,Translator
865,ko-KR,102,Reviewer
865,zh-CN,184,Translator
865,zh-CN,264,Reviewer
865,fr-FR,244,Translator
865,fr-FR,3,Reviewer
866,ja-JP,317,Translator
866,ja-JP,449,Reviewer
866,en-US,384,Translator
866,en-US,212,Reviewer
866,fr-FR,91,Translator
866,fr-FR,277,Reviewer
867,pt-BR,395,Translator
867,pt-BR,268,Reviewer
867,de-DE,97,Translator
867,de-DE,309,Reviewer
868,it-IT,492,Translator
868,ja-JP,317,Translator
868,fr-FR,58,Translator
868,es-ES,134,Translator
869,fr-FR,381,Translator
869,fr-FR,24,Reviewer
869,de-DE,144,Translator
869,de-DE,142,Reviewer
869,es-ES,390,Translator
869,es-ES,90,Reviewer
869,it-IT,385,Translator
869,it-IT,416,Reviewer
870,ko-KR,102,Translator
870,ko-KR,344,Reviewer
870,fr-FR,484,Translator
870,fr-FR,33,Reviewer
870,es-ES,241,Translator
870,es-ES,101,Reviewer
871,de-DE,197,Translator
871,de-DE,486,Reviewer
871,es-ES,66,Translator
871,es-ES,426,Reviewer
871,zh-CN,495,Translator
871,zh-CN,20,Reviewer
871,fr-FR,5,Translator
871,fr-FR,180,Reviewer
871,ja-JP,221,Translator
871,ja-JP,255,Reviewer
872,en-US,233,Translator
872,en-US,422,Reviewer
872,de-DE,115,Translator
872,de-DE,78,Reviewer
872,ja-JP,366,Translator
872,ja-JP,295,Reviewer
872,fr-FR,459,Translator
872,fr-FR,169,Reviewer
873,pl-PL,31,Translator
873,nl-NL,391,Translator
873,fr-FR,169,Translator
874,zh-CN,106,Translator
874,zh-CN,312,Reviewer
875,de-DE,197,Translator
875,de-DE,352,Reviewer
875,fr-FR,327,Translator
875,fr-FR,380,Reviewer
875,es-ES,294,Translator
875,es-ES,426,Reviewer
875,ja-JP,491,Translator
875,ja-JP,255,Reviewer
876,pt-BR,431,Translator
876,pt-BR,146,Reviewer
876,fr-FR,164,Translator
876,fr-FR,459,Reviewer
876,es-ES,168,Translator
876,es-ES,141,Reviewer
876,it-IT,216,Translator
876,it-IT,443,Reviewer
876,de-DE,57,Translator
876,de-DE,303,Reviewer
877,de-DE,115,Translator
877,de-DE,57,Reviewer
877,es-ES,66,Translator
877,es-ES,399,Reviewer
877,fr-FR,444,Translator
877,fr-FR,171,Reviewer
878,en-GB,440,Translator
878,ja-JP,351,Translator
878,fr-FR,5,Translator
878,de-DE,424,Translator
878,es-ES,323,Translator
879,fr-FR,225,Translator
879,fr-FR,277,Reviewer
879,de-DE,71,Translator
879,de-DE,142,Reviewer
879,ko-KR,331,Translator
879,ko-KR,332,Reviewer
880,ja-JP,455,Translator
880,ja-JP,98,Reviewer
880,en-US,212,Translator
880,en-US,11,Reviewer
880,de-DE,197,Translator
880,de-DE,224,Reviewer
880,fr-FR,169,Translator
880,fr-FR,441,Reviewer
881,fr-FR,171,Translator
881,fr-FR,250,Reviewer
881,ja-JP,255,Translator
881,ja-JP,182,Reviewer
882,en-US,151,Translator
883,ja-JP,421,Translator
883,ja-JP,211,Reviewer
883,fr-FR,441,Translator
883,fr-FR,451,Reviewer
883,es-ES,323,Translator
883,es-ES,141,Reviewer
883,de-DE,110,Translator
883,de-DE,142,Reviewer
884,fr-FR,180,Translator
884,fr-FR,423,Reviewer
884,en-GB,212,Translator
884,en-GB,68,Reviewer
884,de-DE,352,Translator
884,de-DE,288,Reviewer
885,de-DE,197,Translator
885,de-DE,224,Reviewer
886,fr-FR,484,Translator
886,fr-FR,236,Reviewer
886,es-ES,475,Translator
886,es-ES,45,Reviewer
887,de-DE,288,Translator
887,de-DE,199,Reviewer
888,ja-JP,397,Translator
888,ja-JP,449,Reviewer
889,fr-FR,326,Translator
889,fr-FR,250,Reviewer
890,es-ES,101,Translator
890,ja-JP,211,Translator
890,de-DE,110,Translator
890,fr-FR,451,Translator
891,es-ES,101,Translator
891,de-DE,197,Translator
891,fr-FR,484,Translator
891,ja-JP,494,Translator
892,en-US,93,Translator
892,en-US,384,Reviewer
892,ja-JP,221,Translator
892,ja-JP,239,Reviewer
892,de-DE,48,Translator
892,de-DE,240,Reviewer
892,fr-FR,244,Translator
892,fr-FR,180,Reviewer
893,de-DE,144,Translator
893,de-DE,434,Reviewer
894,es-ES,29,Translator
894,es-ES,323,Reviewer
894,fr-FR,322,Translator
894,fr-FR,164,Reviewer
894,ko-KR,358,Translator
894,ko-KR,432,Reviewer
894,ja-JP,285,Translator
894,ja-JP,351,Reviewer
894,de-DE,486,Translator
894,de-DE,288,Reviewer
895,de-DE,374,Translator
895,de-DE,303,Reviewer
895,ja-JP,239,Translator
895,ja-JP,320,Reviewer
895,ko-KR,209,Translator
895,ko-KR,445,Reviewer
895,fr-FR,406,Translator
895,fr-FR,3,Reviewer
895,es-ES,141,Translator
895,es-ES,323,Reviewer
896,zh-CN,232,Translator
897,es-ES,323,Translator
897,es-ES,223,Reviewer
897,de-DE,142,Translator
897,de-DE,177,Reviewer
897,fr-FR,180,Translator
897,fr-FR,302,Reviewer
897,ko-KR,321,Translator
897,ko-KR,124,Reviewer
897,ja-JP,449,Translator
897,ja-JP,470,Reviewer
898,es-ES,231,Translator
898,de-DE,197,Translator
898,ja-JP,221,Translator
898,pt-BR,12,Translator
898,fr-FR,236,Translator
899,de-DE,224,Translator
899,de-DE,61,Reviewer
900,de-DE,374,Translator
900,de-DE,300,Reviewer
900,es-ES,241,Translator
900,es-ES,134,Reviewer
900,ja-JP,72,Translator
900,ja-JP,74,Reviewer
900,ko-KR,358,Translator
900,ko-KR,316,Reviewer
900,fr-FR,459,Translator
900,fr-FR,302,Reviewer
901,nl-NL,166,Translator
901,nl-NL,119,Reviewer
901,es-ES,263,Translator
901,es-ES,241,Reviewer
902,ja-JP,494,Translator
902,fr-FR,381,Translator
902,de-DE,97,Translator
902,en-US,173,Translator
903,de-DE,142,Translator
903,de-DE,370,Reviewer
903,en-US,496,Translator
903,en-US,420,Reviewer
904,de-DE,309,Translator
905,fr-FR,363,Translator
905,fr-FR,327,Reviewer
905,es-ES,241,Translator
905,es-ES,223,Reviewer
905,de-DE,199,Translator
905,de-DE,240,Reviewer
906,ja-JP,295,Translator
906,ja-JP,285,Reviewer
906,es-ES,323,Translator
906,es-ES,294,Reviewer
906,en-GB,150,Translator
906,en-GB,341,Reviewer
906,fr-FR,5,Translator
906,fr-FR,369,Reviewer
906,de-DE,348,Translator
906,de-DE,61,Reviewer
907,ja-JP,266,Translator
907,ja-JP,366,Reviewer
907,zh-CN,376,Translator
907,zh-CN,2,Reviewer
908,de-DE,434,Translator
908,de-DE,486,Reviewer
908,es-ES,223,Translator
908,es-ES,323,Reviewer
908,it-IT,36,Translator
908,it-IT,152,Reviewer
908,fr-FR,236,Translator
908,fr-FR,381,Reviewer
909,fr-FR,82,Translator
909,ja-JP,74,Translator
909,es-ES,29,Translator
910,ja-JP,494,Translator
910,ja-JP,397,Reviewer
910,es-ES,134,Translator
910,es-ES,263,Reviewer
910,fr-FR,236,Translator
910,fr-FR,381,Reviewer
910,de-DE,61,Translator
910,de-DE,177,Reviewer
911,fr-FR,363,Translator
911,fr-FR,423,Reviewer
911,de-DE,424,Translator
911,de-DE,177,Reviewer
911,ja-JP,255,Translator
911,ja-JP,266,Reviewer
912,en-US,496,Translator
912,en-US,233,Reviewer
913,de-DE,48,Translator
913,en-US,422,Translator
913,fr-FR,302,Translator
913,ja-JP,74,Translator
914,fr-FR,444,Translator
914,ja-JP,366,Translator
914,es-ES,241,Translator
914,ko-KR,246,Translator
914,de-DE,48,Translator
915,fr-FR,91,Translator
915,ja-JP,254,Translator
915,es-ES,231,Translator
915,de-DE,339,Translator
916,fr-FR,250,Translator
916,fr-FR,236,Reviewer
916,es-ES,294,Translator
916,es-ES,483,Reviewer
916,ja-JP,351,Translator
916,ja-JP,103,Reviewer
916,de-DE,97,Translator
916,de-DE,144,Reviewer
917,de-DE,348,Translator
917,de-DE,97,Reviewer
917,it-IT,416,Translator
917,it-IT,456,Reviewer
917,fr-FR,453,Translator
917,fr-FR,441,Reviewer
917,es-ES,163,Translator
917,es-ES,29,Reviewer
917,ja-JP,470,Translator
917,ja-JP,494,Reviewer
918,fr-FR,244,Translator
918,fr-FR,302,Reviewer
918,it-IT,18,Translator
918,it-IT,416,Reviewer
918,ja-JP,421,Translator
918,ja-JP,255,Reviewer
918,es-ES,223,Translator
918,es-ES,475,Reviewer
919,es-ES,294,Translator
919,es-ES,141,Reviewer
919,fr-FR,423,Translator
919,fr-FR,302,Reviewer
919,de-DE,142,Translator
919,de-DE,56,Reviewer
919,ja-JP,98,Translator
919,ja-JP,455,Reviewer
920,de-DE,348,Translator
920,fr-FR,236,Translator
920,zh-CN,96,Translator
921,de-DE,374,Translator
921,de-DE,300,Reviewer
921,fr-FR,369,Translator
921,fr-FR,58,Reviewer
921,ja-JP,270,Translator
921,ja-JP,455,Reviewer
921,es-ES,426,Translator
921,es-ES,263,Reviewer
921,ko-KR,316,Translator
921,ko-KR,157,Reviewer
922,en-US,233,Translator
922,de-DE,374,Translator
922,ja-JP,266,Translator
922,fr-FR,94,Translator
923,es-ES,161,Translator
923,es-ES,45,Reviewer
923,it-IT,175,Translator
923,it-IT,416,Reviewer
923,fr-FR,33,Translator
923,fr-FR,236,Reviewer
923,de-DE,300,Translator
923,de-DE,144,Reviewer
924,fr-FR,423,Translator
924,fr-FR,369,Reviewer
924,it-IT,181,Translator
924,it-IT,443,Reviewer
924,ja-JP,455,Translator
924,ja-JP,449,Reviewer
924,es-ES,161,Translator
924,es-ES,263,Reviewer
924,de-DE,374,Translator
924,de-DE,57,Reviewer
925,de-DE,309,Translator
925,de-DE,199,Reviewer
925,fr-FR,229,Translator
925,fr-FR,444,Reviewer
926,fr-FR,250,Translator
926,fr-FR,459,Reviewer
926,pt-BR,190,Translator
926,pt-BR,296,Reviewer
926,es-ES,263,Translator
926,es-ES,45,Reviewer
927,ja-JP,351,Translator
927,ja-JP,254,Reviewer
927,fr-FR,171,Translator
927,fr-FR,302,Reviewer
927,ko-KR,297,Translator
927,ko-KR,235,Reviewer
927,de-DE,110,Translator
927,de-DE,48,Reviewer
927,zh-CN,493,Translator
927,zh-CN,20,Reviewer
928,zh-CN,2,Translator
928,zh-CN,497,Reviewer
928,fr-FR,82,Translator
928,fr-FR,164,Reviewer
928,de-DE,224,Translator
928,de-DE,301,Reviewer
929,fr-FR,453,Translator
929,zh-CN,228,Translator
929,de-DE,303,Translator
930,fr-FR,302,Translator
930,de-DE,57,Translator
930,es-ES,323,Translator
930,zh-CN,376,Translator
931,ja-JP,182,Translator
931,ja-JP,72,Reviewer
931,fr-FR,250,Translator
931,fr-FR,441,Reviewer
932,de-DE,434,Translator
933,it-IT,416,Translator
933,it-IT,175,Reviewer
933,fr-FR,423,Translator
933,fr-FR,381,Reviewer
933,de-DE,177,Translator
933,de-DE,300,Reviewer
934,de-DE,197,Translator
934,de-DE,374,Reviewer
934,ja-JP,270,Translator
934,ja-JP,73,Reviewer
934,zh-CN,99,Translator
934,zh-CN,232,Reviewer
934,es-ES,163,Translator
934,es-ES,226,Reviewer
934,fr-FR,162,Translator
934,fr-FR,33,Reviewer
935,de-DE,97,Translator
935,de-DE,370,Reviewer
935,en-GB,313,Translator
935,en-GB,132,Reviewer
935,fr-FR,236,Translator
935,fr-FR,277,Reviewer
936,fr-FR,250,Translator
936,fr-FR,180,Reviewer
937,ko-KR,331,Translator
937,ja-JP,317,Translator
937,de-DE,115,Translator
937,zh-CN,228,Translator
938,zh-CN,312,Translator
938,zh-CN,497,Reviewer
938,fr-FR,464,Translator
938,fr-FR,327,Reviewer
939,de-DE,352,Translator
939,de-DE,370,Reviewer
939,fr-FR,229,Translator
939,fr-FR,225,Reviewer
939,zh-CN,42,Translator
939,zh-CN,335,Reviewer
940,fr-FR,58,Translator
940,fr-FR,164,Reviewer
940,de-DE,97,Translator
940,de-DE,115,Reviewer
940,it-IT,416,Translator
940,it-IT,465,Reviewer
941,es-ES,399,Translator
941,es-ES,223,Reviewer
941,pl-PL,49,Translator
941,pl-PL,304,Reviewer
941,fr-FR,33,Translator
941,fr-FR,381,Reviewer
941,de-DE,486,Translator
941,de-DE,110,Reviewer
941,it-IT,152,Translator
941,it-IT,465,Reviewer
942,fr-FR,260,Translator
942,fr-FR,244,Reviewer
943,ja-JP,455,Translator
943,es-ES,168,Translator
943,fr-FR,381,Translator
943,de-DE,224,Translator
944,es-ES,223,Translator
944,ko-KR,157,Translator
944,ja-JP,351,Translator
944,fr-FR,365,Translator
944,de-DE,486,Translator
945,fr-FR,158,Translator
945,es-ES,200,Translator
945,de-DE,110,Translator
946,es-ES,200,Translator
946,de-DE,224,Translator
946,it-IT,492,Translator
946,fr-FR,277,Translator
946,ja-JP,364,Translator
947,de-DE,56,Translator
948,fr-FR,435,Translator
948,fr-FR,453,Reviewer
948,pt-BR,431,Translator
948,pt-BR,395,Reviewer
948,es-ES,231,Translator
948,es-ES,155,Reviewer
948,de-DE,374,Translator
948,de-DE,240,Reviewer
949,fr-FR,326,Translator
949,fr-FR,244,Reviewer
949,ja-JP,351,Translator
949,ja-JP,211,Reviewer
949,zh-CN,376,Translator
949,zh-CN,106,Reviewer
950,ko-KR,490,Translator
950,ko-KR,210,Reviewer
950,fr-FR,435,Translator
950,fr-FR,302,Reviewer
950,de-DE,71,Translator
950,de-DE,303,Reviewer
950,es-ES,168,Translator
950,es-ES,134,Reviewer
950,ja-JP,266,Translator
950,ja-JP,397,Reviewer
951,it-IT,456,Translator
951,it-IT,347,Reviewer
951,es-ES,29,Translator
951,es-ES,155,Reviewer
951,pt-BR,337,Translator
951,pt-BR,283,Reviewer
951,fr-FR,381,Translator
951,fr-FR,365,Reviewer
951,de-DE,300,Translator
951,de-DE,240,Reviewer
952,ja-JP,211,Translator
952,ja-JP,72,Reviewer
952,es-ES,155,Translator
952,es-ES,90,Reviewer
952,fr-FR,5,Translator
952,fr-FR,423,Reviewer
952,de-DE,199,Translator
952,de-DE,240,Reviewer
953,ko-KR,235,Translator
953,ja-JP,74,Translator
953,fr-FR,260,Translator
953,de-DE,303,Translator
953,es-ES,226,Translator
954,es-ES,168,Translator
954,de-DE,97,Translator
954,ja-JP,211,Translator
954,fr-FR,82,Translator
955,es-ES,66,Translator
955,es-ES,168,Reviewer
956,fr-FR,406,Translator
956,en-GB,498,Translator
956,de-DE,97,Translator
957,fr-FR,180,Translator
957,fr-FR,33,Reviewer
957,ja-JP,317,Translator
957,ja-JP,295,Reviewer
957,es-ES,45,Translator
957,es-ES,66,Reviewer
957,de-DE,309,Translator
957,de-DE,352,Reviewer
958,zh-CN,16,Translator
958,es-ES,294,Translator
958,de-DE,434,Translator
958,fr-FR,244,Translator
959,zh-CN,493,Translator
959,zh-CN,16,Reviewer
959,de-DE,374,Translator
959,de-DE,199,Reviewer
959,fr-FR,326,Translator
959,fr-FR,365,Reviewer
960,de-DE,177,Translator
960,de-DE,370,Reviewer
961,es-ES,241,Translator
961,en-US,93,Translator
961,de-DE,110,Translator
961,fr-FR,250,Translator
962,de-DE,352,Translator
962,de-DE,115,Reviewer
962,ko-KR,217,Translator
962,ko-KR,207,Reviewer
962,ja-JP,281,Translator
962,ja-JP,449,Reviewer
962,es-ES,163,Translator
962,es-ES,399,Reviewer
962,fr-FR,369,Translator
962,fr-FR,326,Reviewer
963,it-IT,216,Translator
963,it-IT,416,Reviewer
963,fr-FR,169,Translator
963,fr-FR,180,Reviewer
963,de-DE,434,Translator
963,de-DE,339,Reviewer
963,nl-NL,119,Translator
963,nl-NL,307,Reviewer
963,es-ES,223,Translator
963,es-ES,45,Reviewer
964,it-IT,18,Translator
964,it-IT,47,Reviewer
964,fr-FR,236,Translator
964,fr-FR,406,Reviewer
964,de-DE,48,Translator
964,de-DE,486,Reviewer
964,es-ES,294,Translator
964,es-ES,483,Reviewer
964,pl-PL,49,Translator
964,pl-PL,60,Reviewer
965,de-DE,56,Translator
965,zh-CN,493,Translator
965,ja-JP,187,Translator
966,de-DE,424,Translator
966,it-IT,385,Translator
966,es-ES,294,Translator
966,ja-JP,397,Translator
966,fr-FR,326,Translator
967,zh-CN,232,Translator
967,de-DE,57,Translator
967,fr-FR,82,Translator
968,de-DE,303,Translator
968,de-DE,352,Reviewer
969,zh-CN,495,Translator
969,zh-CN,340,Reviewer
969,fr-FR,435,Translator
969,fr-FR,459,Reviewer
970,de-DE,301,Translator
970,fr-FR,363,Translator
970,ja-JP,449,Translator
970,es-ES,163,Translator
971,fr-FR,82,Translator
971,es-ES,66,Translator
971,ko-KR,305,Translator
971,de-DE,61,Translator
971,ja-JP,351,Translator
972,es-ES,163,Translator
972,ja-JP,281,Translator
972,de-DE,97,Translator
972,fr-FR,380,Translator
973,de-DE,374,Translator
973,zh-CN,111,Translator
973,fr-FR,363,Translator
973,ja-JP,255,Translator
973,ko-KR,102,Translator
974,ja-JP,211,Translator
974,ja-JP,397,Reviewer
974,es-ES,161,Translator
974,es-ES,241,Reviewer
974,de-DE,224,Translator
974,de-DE,199,Reviewer
974,fr-FR,82,Translator
974,fr-FR,441,Reviewer
975,da-DK,407,Translator
976,zh-CN,495,Translator
976,zh-CN,376,Reviewer
976,fr-FR,365,Translator
976,fr-FR,441,Reviewer
976,de-DE,240,Translator
976,de-DE,348,Reviewer
977,es-ES,29,Translator
977,es-ES,161,Reviewer
978,fr-FR,381,Translator
978,fr-FR,464,Reviewer
979,ja-JP,255,Translator
979,ja-JP,254,Reviewer
979,fr-FR,327,Translator
979,fr-FR,453,Reviewer
979,es-ES,90,Translator
979,es-ES,475,Reviewer
979,de-DE,303,Translator
979,de-DE,48,Reviewer
979,ko-KR,346,Translator
979,ko-KR,235,Reviewer
980,fr-FR,158,Translator
980,fr-FR,327,Reviewer
980,es-ES,200,Translator
980,es-ES,163,Reviewer
980,ko-KR,321,Translator
980,ko-KR,316,Reviewer
981,fr-FR,326,Translator
982,zh-CN,2,Translator
982,zh-CN,319,Reviewer
982,es-ES,390,Translator
982,es-ES,323,Reviewer
982,fr-FR,58,Translator
982,fr-FR,250,Reviewer
982,de-DE,348,Translator
982,de-DE,78,Reviewer
983,fr-FR,225,Translator
983,fr-FR,229,Reviewer
983,de-DE,48,Translator
983,de-DE,370,Reviewer
984,zh-CN,96,Translator
984,zh-CN,340,Reviewer
985,de-DE,348,Translator
985,de-DE,78,Reviewer
985,fr-FR,423,Translator
985,fr-FR,369,Reviewer
985,en-US,212,Translator
985,en-US,11,Reviewer
986,de-DE,144,Translator
986,es-ES,155,Translator
987,de-DE,424,Translator
987,ko-KR,284,Translator
988,fr-FR,229,Translator
988,es-ES,323,Translator
988,de-DE,300,Translator
989,zh-CN,232,Translator
989,zh-CN,96,Reviewer
989,fr-FR,162,Translator
989,fr-FR,58,Reviewer
989,ja-JP,193,Translator
989,ja-JP,73,Reviewer
989,de-DE,177,Translator
989,de-DE,57,Reviewer
990,fr-FR,180,Translator
990,ja-JP,470,Translator
990,es-ES,66,Translator
990,de-DE,300,Translator
990,ko-KR,243,Translator
991,de-DE,197,Translator
991,de-DE,56,Reviewer
991,pt-BR,227,Translator
991,pt-BR,403,Reviewer
991,it-IT,385,Translator
991,it-IT,465,Reviewer
991,fr-FR,229,Translator
991,fr-FR,180,Reviewer
991,es-ES,263,Translator
991,es-ES,323,Reviewer
992,es-ES,66,Translator
992,ja-JP,193,Translator
992,it-IT,456,Translator
992,fr-FR,435,Translator
992,de-DE,144,Translator
993,fr-FR,164,Translator
993,ja-JP,193,Translator
994,ja-JP,266,Translator
994,ja-JP,211,Reviewer
994,fr-FR,260,Translator
994,fr-FR,158,Reviewer
994,ko-KR,83,Translator
994,ko-KR,207,Reviewer
994,es-ES,163,Translator
994,es-ES,390,Reviewer
995,ko-KR,209,Translator
995,ko-KR,217,Reviewer
995,de-DE,61,Translator
995,de-DE,48,Reviewer
995,fr-FR,164,Translator
995,fr-FR,229,Reviewer
995,zh-CN,497,Translator
995,zh-CN,312,Reviewer
996,de-DE,240,Translator
996,ja-JP,320,Translator
997,de-DE,110,Translator
997,zh-CN,204,Translator
998,de-DE,57,Translator
999,es-ES,263,Translator
999,es-ES,483,Reviewer
999,de-DE,339,Translator
999,de-DE,352,Reviewer
999,ja-JP,397,Translator
999,ja-JP,470,Reviewer
1000,en-GB,313,Translator
1000,en-GB,324,Reviewer
1000,fr-FR,260,Translator
1000,fr-FR,435,Reviewer
1000,ja-JP,270,Translator
1000,ja-JP,211,Reviewer
1000,de-DE,61,Translator
1000,de-DE,110,Reviewer
1000,es-ES,66,Translator
1000,es-ES,141,Reviewer
1001,fr-FR,326,Translator
1001,fr-FR,58,Reviewer
1002,ja-JP,281,Translator
1002,ja-JP,364,Reviewer
1002,es-ES,134,Translator
1002,es-ES,29,Reviewer
1003,de-DE,71,Translator
1003,de-DE,197,Reviewer
1003,ja-JP,281,Translator
1003,ja-JP,239,Reviewer
1003,fr-FR,171,Translator
1003,fr-FR,250,Reviewer
1004,fr-FR,365,Translator
1005,de-DE,370,Translator
1005,de-DE,144,Reviewer
1005,en-GB,396,Translator
1005,en-GB,52,Reviewer
1005,ja-JP,239,Translator
1005,ja-JP,182,Reviewer
1005,fr-FR,484,Translator
1005,fr-FR,441,Reviewer
1005,es-ES,483,Translator
1005,es-ES,263,Reviewer
1006,en-US,248,Translator
1006,en-US,468,Reviewer
1006,fr-FR,164,Translator
1006,fr-FR,94,Reviewer
1006,ja-JP,270,Translator
1006,ja-JP,295,Reviewer
1006,de-DE,303,Translator
1006,de-DE,144,Reviewer
1007,es-ES,163,Translator
1007,de-DE,486,Translator
1007,fr-FR,484,Translator
1007,it-IT,36,Translator
1008,ko-KR,375,Translator
1008,ko-KR,316,Reviewer
1008,ja-JP,281,Translator
1008,ja-JP,211,Reviewer
1008,fr-FR,58,Translator
1008,fr-FR,169,Reviewer
1008,de-DE,300,Translator
1008,de-DE,197,Reviewer
1008,es-ES,163,Translator
1008,es-ES,200,Reviewer
1009,fr-FR,441,Translator
1009,fr-FR,94,Reviewer
1009,en-US,259,Translator
1009,en-US,357,Reviewer
1009,de-DE,177,Translator
1009,de-DE,374,Reviewer
1009,ja-JP,317,Translator
1009,ja-JP,103,Reviewer
1010,fr-FR,180,Translator
1010,es-ES,263,Translator
1011,fr-FR,180,Translator
1011,fr-FR,91,Reviewer
1011,de-DE,301,Translator
1011,de-DE,110,Reviewer
1011,es-ES,161,Translator
1011,es-ES,294,Reviewer
1011,ja-JP,397,Translator
1011,ja-JP,295,Reviewer
1012,fr-FR,82,Translator
1012,de-DE,300,Translator
1012,zh-CN,489,Translator
1012,ko-KR,358,Translator
1013,de-DE,56,Translator
1013,de-DE,370,Reviewer
1013,ja-JP,73,Translator
1013,ja-JP,187,Reviewer
1014,nl-NL,359,Translator
1014,nl-NL,87,Reviewer
1014,de-DE,424,Translator
1014,de-DE,115,Reviewer
1014,it-IT,428,Translator
1014,it-IT,201,Reviewer
1014,fr-FR,236,Translator
1014,fr-FR,158,Reviewer
1015,pl-PL,402,Translator
1015,pl-PL,368,Reviewer
1015,de-DE,424,Translator
1015,de-DE,78,Reviewer
1015,nl-NL,167,Translator
1015,nl-NL,123,Reviewer
1015,fr-FR,91,Translator
1015,fr-FR,484,Reviewer
1016,de-DE,486,Translator
1016,fr-FR,326,Translator
1016,ko-KR,316,Translator
1016,es-ES,226,Translator
1016,ja-JP,366,Translator
1017,it-IT,216,Translator
1017,it-IT,36,Reviewer
1017,fr-FR,459,Translator
1017,fr-FR,91,Reviewer
1017,es-ES,101,Translator
1017,es-ES,66,Reviewer
1017,de-DE,288,Translator
1017,de-DE,144,Reviewer
1017,pt-BR,105,Translator
1017,pt-BR,395,Reviewer
1018,fr-FR,171,Translator
1018,de-DE,142,Translator
1018,ja-JP,74,Translator
1018,es-ES,66,Translator
1018,pt-BR,222,Translator
1019,de-DE,352,Translator
1019,en-GB,292,Translator
1019,fr-FR,82,Translator
1020,fr-FR,171,Translator
1020,fr-FR,236,Reviewer
1020,es-ES,66,Translator
1020,es-ES,168,Reviewer
1020,da-DK,407,Translator
1020,da-DK,237,Reviewer
1021,fr-FR,326,Translator
1021,fr-FR,171,Reviewer
1021,nl-NL,65,Translator
1021,nl-NL,89,Reviewer
1021,it-IT,408,Translator
1021,it-IT,216,Reviewer
1021,es-ES,45,Translator
1021,es-ES,141,Reviewer
1021,de-DE,56,Translator
1021,de-DE,424,Reviewer
1022,pt-BR,227,Translator
1022,pt-BR,222,Reviewer
1022,es-ES,29,Translator
1022,es-ES,231,Reviewer
1022,ja-JP,266,Translator
1022,ja-JP,295,Reviewer
1022,de-DE,57,Translator
1022,de-DE,348,Reviewer
1022,fr-FR,91,Translator
1022,fr-FR,33,Reviewer
1023,de-DE,303,Translator
1023,de-DE,370,Reviewer
1023,es-ES,223,Translator
1023,es-ES,168,Reviewer
1023,ja-JP,317,Translator
1023,ja-JP,285,Reviewer
1024,ja-JP,211,Translator
1024,ja-JP,364,Reviewer
1024,de-DE,370,Translator
1024,de-DE,144,Reviewer
1024,zh-CN,184,Translator
1024,zh-CN,308,Reviewer
1024,fr-FR,365,Translator
1024,fr-FR,380,Reviewer
1025,da-DK,172,Translator
1025,de-DE,352,Translator
1025,es-ES,161,Translator
1025,fr-FR,277,Translator
1026,zh-CN,136,Translator
1026,zh-CN,42,Reviewer
1026,fr-FR,451,Translator
1026,fr-FR,169,Reviewer
1026,es-ES,323,Translator
1026,es-ES,294,Reviewer
1026,de-DE,61,Translator
1026,de-DE,78,Reviewer
1027,de-DE,199,Translator
1027,de-DE,309,Reviewer
1027,fr-FR,464,Translator
1027,fr-FR,244,Reviewer
1027,it-IT,408,Translator
1027,it-IT,175,Reviewer
1028,nl-NL,65,Translator
1028,nl-NL,307,Reviewer
1029,de-DE,142,Translator
1029,fr-FR,82,Translator
1029,en-GB,440,Translator
1030,ja-JP,491,Translator
1030,es-ES,475,Translator
1030,de-DE,374,Translator
1030,fr-FR,91,Translator
1031,de-DE,48,Translator
1031,de-DE,224,Reviewer
1031,ko-KR,124,Translator
1031,ko-KR,490,Reviewer
1031,ja-JP,364,Translator
1031,ja-JP,397,Reviewer
1031,fr-FR,327,Translator
1031,fr-FR,363,Reviewer
1031,es-ES,426,Translator
1031,es-ES,323,Reviewer
1032,fr-FR,82,Translator
1032,fr-FR,5,Reviewer
1032,es-ES,45,Translator
1032,es-ES,475,Reviewer
1032,de-DE,352,Translator
1032,de-DE,288,Reviewer
1032,ja-JP,320,Translator
1032,ja-JP,98,Reviewer
1033,fr-FR,164,Translator
1034,fr-FR,236,Translator
1034,fr-FR,158,Reviewer
1034,en-GB,487,Translator
1034,en-GB,68,Reviewer
1034,de-DE,197,Translator
1034,de-DE,301,Reviewer
1035,ja-JP,98,Translator
1035,es-ES,223,Translator
1035,ko-KR,405,Translator
1035,de-DE,288,Translator
1035,fr-FR,158,Translator
1036,de-DE,71,Translator
1037,de-DE,339,Translator
1037,de-DE,57,Reviewer
1037,es-ES,390,Translator
1037,es-ES,231,Reviewer
1037,ja-JP,239,Translator
1037,ja-JP,494,Reviewer
1038,ko-KR,331,Translator
1038,ko-KR,243,Reviewer
1039,es-ES,101,Translator
1039,es-ES,399,Reviewer
1039,de-DE,374,Translator
1039,de-DE,197,Reviewer
1039,it-IT,428,Translator
1039,it-IT,175,Reviewer
1040,es-ES,29,Translator
1040,de-DE,288,Translator
1040,ja-JP,182,Translator
1041,ko-KR,331,Translator
1042,de-DE,115,Translator
1042,de-DE,288,Reviewer
1042,fr-FR,453,Translator
1042,fr-FR,82,Reviewer
1042,zh-CN,493,Translator
1042,zh-CN,2,Reviewer
1043,fr-FR,3,Translator
1043,fr-FR,326,Reviewer
1043,es-ES,294,Translator
1043,es-ES,141,Reviewer
1043,de-DE,71,Translator
1043,de-DE,348,Reviewer
1043,ja-JP,421,Translator
1043,ja-JP,320,Reviewer
1043,it-IT,416,Translator
1043,it-IT,467,Reviewer
1044,fr-FR,158,Translator
1044,da-DK,485,Translator
1044,de-DE,71,Translator
1045,de-DE,300,Translator
1045,de-DE,339,Reviewer
1045,es-ES,226,Translator
1045,es-ES,45,Reviewer
1045,ko-KR,344,Translator
1045,ko-KR,179,Reviewer
1045,fr-FR,164,Translator
1045,fr-FR,162,Reviewer
1045,ja-JP,72,Translator
1045,ja-JP,74,Reviewer
1046,fr-FR,381,Translator
1046,fr-FR,244,Reviewer
1046,it-IT,492,Translator
1046,it-IT,408,Reviewer
1046,de-DE,303,Translator
1046,de-DE,240,Reviewer
1047,de-DE,352,Translator
1047,nl-NL,119,Translator
1047,es-ES,155,Translator
1048,zh-CN,497,Translator
1048,fr-FR,171,Translator
1048,es-ES,263,Translator
1048,de-DE,224,Translator
1048,ja-JP,494,Translator
1049,ja-JP,95,Translator
1049,es-ES,90,Translator
1049,de-DE,303,Translator
1050,it-IT,416,Translator
1050,it-IT,47,Reviewer
1050,de-DE,142,Translator
1050,de-DE,177,Reviewer
1050,nl-NL,123,Translator
1050,nl-NL,454,Reviewer
1050,fr-FR,24,Translator
1050,fr-FR,322,Reviewer
1050,es-ES,399,Translator
1050,es-ES,241,Reviewer
1051,es-ES,390,Translator
1051,es-ES,29,Reviewer
1051,de-DE,348,Translator
1051,de-DE,71,Reviewer
1051,fr-FR,441,Translator
1051,fr-FR,363,Reviewer
1051,ko-KR,83,Translator
1051,ko-KR,405,Reviewer
1051,ja-JP,254,Translator
1051,ja-JP,73,Reviewer
1052,en-US,212,Translator
1052,en-US,384,Reviewer
1052,ja-JP,72,Translator
1052,ja-JP,182,Reviewer
1052,fr-FR,169,Translator
1052,fr-FR,244,Reviewer
1052,de-DE,48,Translator
1052,de-DE,224,Reviewer
1053,fr-FR,322,Translator
1053,fr-FR,260,Reviewer
1054,de-DE,486,Translator
1054,zh-CN,308,Translator
1054,fr-FR,236,Translator
1054,es-ES,226,Translator
1055,es-ES,200,Translator
1055,es-ES,475,Reviewer
1056,de-DE,303,Translator
1056,de-DE,144,Reviewer
1057,fr-FR,24,Translator
1057,fr-FR,464,Reviewer
1057,de-DE,48,Translator
1057,de-DE,142,Reviewer
1057,es-ES,66,Translator
1057,es-ES,399,Reviewer
1057,zh-CN,312,Translator
1057,zh-CN,495,Reviewer
1058,ja-JP,295,Translator
1058,ja-JP,281,Reviewer
1059,fr-FR,302,Translator
1059,fr-FR,380,Reviewer
1059,zh-CN,228,Translator
1059,zh-CN,493,Reviewer
1059,de-DE,115,Translator
1059,de-DE,97,Reviewer
1060,fr-FR,24,Translator
1060,fr-FR,94,Reviewer
1060,ja-JP,470,Translator
1060,ja-JP,254,Reviewer
1061,es-ES,163,Translator
1061,es-ES,399,Reviewer
1061,de-DE,424,Translator
1061,de-DE,177,Reviewer
1061,ja-JP,255,Translator
1061,ja-JP,449,Reviewer
1061,fr-FR,158,Translator
1061,fr-FR,229,Reviewer
1061,pt-BR,403,Translator
1061,pt-BR,418,Reviewer
1062,fr-FR,423,Translator
1062,fr-FR,444,Reviewer
1062,ja-JP,281,Translator
1062,ja-JP,494,Reviewer
1062,de-DE,288,Translator
1062,de-DE,224,Reviewer
1062,pt-BR,283,Translator
1062,pt-BR,268,Reviewer
1062,es-ES,223,Translator
1062,es-ES,475,Reviewer
1063,fr-FR,484,Translator
1063,nl-NL,371,Translator
1063,it-IT,216,Translator
1064,fr-FR,58,Translator
1064,es-ES,134,Translator
1064,de-DE,197,Translator
1064,it-IT,36,Translator
1065,de-DE,199,Translator
1065,de-DE,339,Reviewer
1066,es-ES,90,Translator
1066,es-ES,101,Reviewer
1066,de-DE,424,Translator
1066,de-DE,301,Reviewer
1066,it-IT,18,Translator
1066,it-IT,152,Reviewer
1066,fr-FR,91,Translator
1066,fr-FR,180,Reviewer
1067,ja-JP,285,Translator
1067,ja-JP,254,Reviewer
1067,fr-FR,3,Translator
1067,fr-FR,250,Reviewer
1067,de-DE,240,Translator
1067,de-DE,434,Reviewer
1067,es-ES,294,Translator
1067,es-ES,155,Reviewer
1067,ko-KR,332,Translator
1067,ko-KR,375,Reviewer
1068,es-ES,226,Translator
1068,fr-FR,82,Translator
1068,ja-JP,397,Translator
1068,de-DE,301,Translator
1069,fr-FR,484,Translator
1069,fr-FR,3,Reviewer
1069,es-ES,134,Translator
1069,es-ES,263,Reviewer
1069,de-DE,48,Translator
1069,de-DE,110,Reviewer
1069,da-DK,215,Translator
1069,da-DK,120,Reviewer
1070,es-ES,483,Translator
1070,ja-JP,366,Translator
1070,it-IT,347,Translator
1070,de-DE,434,Translator
1070,fr-FR,441,Translator
1071,fr-FR,459,Translator
1071,fr-FR,277,Reviewer
1071,zh-CN,493,Translator
1071,zh-CN,106,Reviewer
1071,de-DE,300,Translator
1071,de-DE,78,Reviewer
1071,ja-JP,494,Translator
1071,ja-JP,364,Reviewer
1072,fr-FR,453,Translator
1072,fr-FR,250,Reviewer
1073,de-DE,142,Translator
1073,de-DE,57,Reviewer
1073,es-ES,294,Translator
1073,es-ES,475,Reviewer
1074,de-DE,370,Translator
1074,fr-FR,94,Translator
1074,es-ES,155,Translator
1075,es-ES,226,Translator
1075,es-ES,323,Reviewer
1076,fr-FR,33,Translator
1076,de-DE,177,Translator
1076,ko-KR,207,Translator
1076,ja-JP,211,Translator
1076,es-ES,226,Translator
1077,fr-FR,158,Translator
1077,fr-FR,453,Reviewer
1077,es-ES,141,Translator
1077,es-ES,323,Reviewer
1077,de-DE,177,Translator
1077,de-DE,57,Reviewer
1078,en-US,496,Translator
1078,en-US,315,Reviewer
1078,fr-FR,406,Translator
1078,fr-FR,180,Reviewer
1078,de-DE,309,Translator
1078,de-DE,56,Reviewer
1078,ja-JP,449,Translator
1078,ja-JP,295,Reviewer
1079,ja-JP,221,Translator
1079,ja-JP,397,Reviewer
1079,de-DE,110,Translator
1079,de-DE,71,Reviewer
1079,es-ES,399,Translator
1079,es-ES,483,Reviewer
1079,fr-FR,363,Translator
1079,fr-FR,435,Reviewer
1080,en-GB,30,Translator
1080,en-GB,436,Reviewer
1080,fr-FR,236,Translator
1080,fr-FR,441,Reviewer
1080,de-DE,370,Translator
1080,de-DE,288,Reviewer
1081,fr-FR,363,Translator
1081,fr-FR,444,Reviewer
1081,de-DE,352,Translator
1081,de-DE,374,Reviewer
1081,en-US,315,Translator
1081,en-US,233,Reviewer
1081,ja-JP,254,Translator
1081,ja-JP,366,Reviewer
1082,fr-FR,162,Translator
1083,de-DE,301,Translator
1083,de-DE,78,Reviewer
1083,es-ES,168,Translator
1083,es-ES,426,Reviewer
1083,ko-KR,490,Translator
1083,ko-KR,332,Reviewer
1084,ja-JP,285,Translator
1084,ja-JP,364,Reviewer
1085,de-DE,78,Translator
1085,de-DE,486,Reviewer
1086,fr-FR,164,Translator
1086,de-DE,288,Translator
1086,ja-JP,470,Translator
1086,es-ES,101,Translator
1087,nl-NL,439,Translator
1087,de-DE,300,Translator
1087,es-ES,29,Translator
1087,it-IT,152,Translator
1087,fr-FR,441,Translator
1088,en-GB,132,Translator
1089,fr-FR,162,Translator
1089,de-DE,110,Translator
1089,en-GB,212,Translator
1090,fr-FR,180,Translator
1090,fr-FR,24,Reviewer
1090,en-US,315,Translator
1090,en-US,383,Reviewer
1090,ja-JP,281,Translator
1090,ja-JP,221,Reviewer
1091,ja-JP,255,Translator
1091,ja-JP,295,Reviewer
1091,es-ES,475,Translator
1091,es-ES,161,Reviewer
1091,de-DE,339,Translator
1091,de-DE,434,Reviewer
1091,fr-FR,369,Translator
1091,fr-FR,435,Reviewer
1092,es-ES,223,Translator
1093,es-ES,390,Translator
1093,ja-JP,270,Translator
1094,ja-JP,281,Translator
1094,ja-JP,72,Reviewer
1094,es-ES,323,Translator
1094,es-ES,200,Reviewer
1094,de-DE,115,Translator
1094,de-DE,177,Reviewer
1094,fr-FR,451,Translator
1094,fr-FR,225,Reviewer
1094,it-IT,465,Translator
1094,it-IT,347,Reviewer
1095,fr-FR,244,Translator
1095,fr-FR,459,Reviewer
1095,de-DE,144,Translator
1095,de-DE,434,Reviewer
1095,zh-CN,335,Translator
1095,zh-CN,308,Reviewer
1096,de-DE,144,Translator
1096,de-DE,71,Reviewer
1096,fr-FR,82,Translator
1096,fr-FR,229,Reviewer
1096,en-GB,212,Translator
1096,en-GB,472,Reviewer
1097,ko-KR,179,Translator
1097,de-DE,57,Translator
1097,ja-JP,494,Translator
1097,fr-FR,406,Translator
1097,zh-CN,184,Translator
1098,de-DE,486,Translator
1098,de-DE,177,Reviewer
1099,ja-JP,351,Translator
1100,de-DE,374,Translator
1100,ja-JP,364,Translator
1101,fr-FR,302,Translator
1101,fr-FR,484,Reviewer
1101,it-IT,181,Translator
1101,it-IT,492,Reviewer
1101,nl-NL,439,Translator
1101,nl-NL,371,Reviewer
1102,fr-FR,423,Translator
1102,fr-FR,244,Reviewer
1103,fr-FR,444,Translator
1103,de-DE,348,Translator
1103,es-ES,226,Translator
1103,ja-JP,494,Translator
1104,zh-CN,111,Translator
1104,zh-CN,20,Reviewer
1104,de-DE,339,Translator
1104,de-DE,57,Reviewer
1104,fr-FR,250,Translator
1104,fr-FR,444,Reviewer
1104,ja-JP,254,Translator
1104,ja-JP,364,Reviewer
1105,fr-FR,164,Translator
1105,de-DE,199,Translator
1105,it-IT,456,Translator
1106,de-DE,144,Translator
1106,de-DE,374,Reviewer
1106,ko-KR,124,Translator
1106,ko-KR,413,Reviewer
1107,ja-JP,366,Translator
1107,zh-CN,376,Translator
1108,ja-JP,95,Translator
1108,ko-KR,375,Translator
1108,fr-FR,484,Translator
1109,es-ES,323,Translator
1109,de-DE,240,Translator
1110,de-DE,199,Translator
1110,de-DE,115,Reviewer
1110,en-US,233,Translator
1110,en-US,154,Reviewer
1110,fr-FR,244,Translator
1110,fr-FR,369,Reviewer
1110,ja-JP,239,Translator
1110,ja-JP,449,Reviewer
1111,de-DE,144,Translator
1111,ja-JP,74,Translator
1111,fr-FR,322,Translator
1111,es-ES,483,Translator
1112,de-DE,309,Translator
1112,de-DE,199,Reviewer
1112,it-IT,385,Translator
1112,it-IT,152,Reviewer
1112,fr-FR,484,Translator
1112,fr-FR,363,Reviewer
1113,de-DE,224,Translator
1113,de-DE,300,Reviewer
1113,ja-JP,317,Translator
1113,ja-JP,255,Reviewer
1114,ja-JP,187,Translator
1114,fr-FR,3,Translator
1114,en-US,21,Translator
1114,de-DE,301,Translator
1115,de-DE,97,Translator
1115,de-DE,197,Reviewer
1115,en-GB,487,Translator
1115,en-GB,367,Reviewer
1115,fr-FR,169,Translator
1115,fr-FR,33,Reviewer
1116,de-DE,424,Translator
1116,ja-JP,95,Translator
1116,fr-FR,363,Translator
1117,fr-FR,171,Translator
1117,fr-FR,24,Reviewer
1117,zh-CN,20,Translator
1117,zh-CN,497,Reviewer
1117,de-DE,352,Translator
1117,de-DE,144,Reviewer
1118,ja-JP,295,Translator
1118,ja-JP,270,Reviewer
1119,ko-KR,331,Translator
1119,ko-KR,332,Reviewer
1119,ja-JP,98,Translator
1119,ja-JP,182,Reviewer
1119,es-ES,155,Translator
1119,es-ES,90,Reviewer
1119,de-DE,71,Translator
1119,de-DE,300,Reviewer
1119,fr-FR,244,Translator
1119,fr-FR,451,Reviewer
1120,es-ES,475,Translator
1120,es-ES,134,Reviewer
1120,ja-JP,211,Translator
1120,ja-JP,421,Reviewer
1120,fr-FR,464,Translator
1120,fr-FR,164,Reviewer
1120,it-IT,465,Translator
1120,it-IT,428,Reviewer
1120,de-DE,199,Translator
1120,de-DE,301,Reviewer
1121,ja-JP,73,Translator
1121,ja-JP,317,Reviewer
1121,en-GB,446,Translator
1121,en-GB,367,Reviewer
1121,es-ES,483,Translator
1121,es-ES,155,Reviewer
1121,de-DE,199,Translator
1121,de-DE,339,Reviewer
1121,fr-FR,33,Translator
1121,fr-FR,91,Reviewer
1122,fr-FR,435,Translator
1122,fr-FR,24,Reviewer
1122,es-ES,155,Translator
1122,es-ES,29,Reviewer
1123,ja-JP,421,Translator
1123,ja-JP,182,Reviewer
1124,de-DE,97,Translator
1124,de-DE,144,Reviewer
1124,fr-FR,451,Translator
1124,fr-FR,3,Reviewer
1124,it-IT,47,Translator
1124,it-IT,416,Reviewer
1124,es-ES,141,Translator
1124,es-ES,231,Reviewer
1125,pl-PL,425,Translator
1125,pl-PL,174,Reviewer
1125,nl-NL,213,Translator
1125,nl-NL,359,Reviewer
1125,es-ES,200,Translator
1125,es-ES,223,Reviewer
1125,it-IT,465,Translator
1125,it-IT,152,Reviewer
1126,en-GB,212,Translator
1126,en-GB,198,Reviewer
1126,fr-FR,236,Translator
1126,fr-FR,250,Reviewer
1127,ja-JP,255,Translator
1127,de-DE,486,Translator
1127,fr-FR,5,Translator
1128,ko-KR,235,Translator
1128,ko-KR,207,Reviewer
1128,fr-FR,459,Translator
1128,fr-FR,162,Reviewer
1128,ja-JP,470,Translator
1128,ja-JP,254,Reviewer
1128,de-DE,56,Translator
1128,de-DE,309,Reviewer
1129,ja-JP,470,Translator
1129,ja-JP,255,Reviewer
1129,en-US,357,Translator
1129,en-US,173,Reviewer
1129,de-DE,352,Translator
1129,de-DE,434,Reviewer
1130,fr-FR,363,Translator
1130,fr-FR,158,Reviewer
1131,de-DE,240,Translator
1131,de-DE,71,Reviewer
1131,ja-JP,73,Translator
1131,ja-JP,351,Reviewer
1131,fr-FR,302,Translator
1131,fr-FR,180,Reviewer
1131,pt-BR,289,Translator
1131,pt-BR,227,Reviewer
1132,de-DE,303,Translator
1132,de-DE,301,Reviewer
1132,fr-FR,58,Translator
1132,fr-FR,94,Reviewer
1132,ja-JP,317,Translator
1132,ja-JP,366,Reviewer
1133,zh-CN,50,Translator
1133,zh-CN,493,Reviewer
1133,fr-FR,441,Translator
1133,fr-FR,322,Reviewer
1133,de-DE,199,Translator
1133,de-DE,240,Reviewer
1134,ja-JP,366,Translator
1134,en-GB,446,Translator
1135,en-US,468,Translator
1135,en-US,93,Reviewer
1135,ja-JP,421,Translator
1135,ja-JP,281,Reviewer
1135,de-DE,177,Translator
1135,de-DE,370,Reviewer
1135,fr-FR,24,Translator
1135,fr-FR,169,Reviewer
1136,zh-CN,20,Translator
1136,ja-JP,470,Translator
1137,fr-FR,322,Translator
1137,fr-FR,277,Reviewer
1137,it-IT,201,Translator
1137,it-IT,347,Reviewer
1137,de-DE,434,Translator
1137,de-DE,48,Reviewer
1137,es-ES,399,Translator
1137,es-ES,231,Reviewer
1138,es-ES,226,Translator
1138,es-ES,163,Reviewer
1139,de-DE,434,Translator
1140,es-ES,163,Translator
1140,es-ES,294,Reviewer
1140,ja-JP,98,Translator
1140,ja-JP,74,Reviewer
1140,fr-FR,164,Translator
1140,fr-FR,363,Reviewer
1140,de-DE,78,Translator
1140,de-DE,224,Reviewer
1141,de-DE,115,Translator
1141,de-DE,97,Reviewer
1141,fr-FR,464,Translator
1141,fr-FR,326,Reviewer
1141,ja-JP,254,Translator
1141,ja-JP,281,Reviewer
1141,zh-CN,376,Translator
1141,zh-CN,312,Reviewer
1141,es-ES,155,Translator
1141,es-ES,163,Reviewer
1142,it-IT,428,Translator
1142,it-IT,18,Reviewer
1142,de-DE,224,Translator
1142,de-DE,301,Reviewer
1142,ja-JP,317,Translator
1142,ja-JP,421,Reviewer
1142,fr-FR,5,Translator
1142,fr-FR,423,Reviewer
1142,es-ES,163,Translator
1142,es-ES,66,Reviewer
1143,fr-FR,453,Translator
1143,fr-FR,459,Reviewer
1143,de-DE,61,Translator
1143,de-DE,309,Reviewer
1143,es-ES,241,Translator
1143,es-ES,66,Reviewer
1143,ja-JP,266,Translator
1143,ja-JP,281,Reviewer
1144,ja-JP,239,Translator
1144,ja-JP,254,Reviewer
1144,zh-CN,20,Translator
1144,zh-CN,96,Reviewer
1144,de-DE,301,Translator
1144,de-DE,348,Reviewer
1145,fr-FR,244,Translator
1145,fr-FR,277,Reviewer
1145,de-DE,61,Translator
1145,de-DE,424,Reviewer
1145,es-ES,161,Translator
1145,es-ES,390,Reviewer
1145,ja-JP,397,Translator
1145,ja-JP,103,Reviewer
1146,fr-FR,302,Translator
1146,ja-JP,182,Translator
1146,de-DE,339,Translator
1147,da-DK,120,Translator
1147,da-DK,290,Reviewer
1147,es-ES,155,Translator
1147,es-ES,390,Reviewer
1148,zh-CN,319,Translator
1148,de-DE,78,Translator
1149,es-ES,241,Translator
1149,es-ES,426,Reviewer
1149,fr-FR,229,Translator
1149,fr-FR,444,Reviewer
1149,ja-JP,397,Translator
1149,ja-JP,320,Reviewer
1149,de-DE,144,Translator
1149,de-DE,348,Reviewer
1150,de-DE,301,Translator
1150,de-DE,240,Reviewer
1151,fr-FR,244,Translator
1151,fr-FR,381,Reviewer
1151,ja-JP,266,Translator
1151,ja-JP,255,Reviewer
1152,de-DE,177,Translator
1152,pt-BR,283,Translator
1152,fr-FR,277,Translator
1153,fr-FR,459,Translator
1153,fr-FR,24,Reviewer
1153,de-DE,240,Translator
1153,de-DE,48,Reviewer
1153,es-ES,168,Translator
1153,es-ES,163,Reviewer
1153,ko-KR,210,Translator
1153,ko-KR,358,Reviewer
1153,ja-JP,317,Translator
1153,ja-JP,193,Reviewer
1154,pt-BR,160,Translator
1154,pt-BR,242,Reviewer
1154,ja-JP,187,Translator
1154,ja-JP,421,Reviewer
1154,es-ES,223,Translator
1154,es-ES,294,Reviewer
1154,fr-FR,406,Translator
1154,fr-FR,435,Reviewer
1155,en-GB,68,Translator
1156,nl-NL,196,Translator
1156,fr-FR,365,Translator
1156,es-ES,294,Translator
1156,de-DE,78,Translator
1156,it-IT,175,Translator
1156,pl-PL,425,Translator
1157,fr-FR,3,Translator
1157,de-DE,424,Translator
1157,es-ES,294,Translator
1157,ja-JP,193,Translator
1157,ko-KR,358,Translator
1158,fr-FR,484,Translator
1159,it-IT,36,Translator
1159,it-IT,467,Reviewer
1159,ja-JP,254,Translator
1159,ja-JP,366,Reviewer
1159,de-DE,110,Translator
1159,de-DE,144,Reviewer
1159,es-ES,76,Translator
1159,es-ES,200,Reviewer
1159,fr-FR,180,Translator
1159,fr-FR,327,Reviewer
1160,zh-CN,335,Translator
1160,zh-CN,264,Reviewer
1160,ja-JP,266,Translator
1160,ja-JP,95,Reviewer
1160,de-DE,56,Translator
1160,de-DE,348,Reviewer
1160,fr-FR,33,Translator
1160,fr-FR,158,Reviewer
1161,en-US,34,Translator
1161,en-US,248,Reviewer
1162,fr-FR,236,Translator
1162,fr-FR,406,Reviewer
1163,it-IT,456,Translator
1163,it-IT,216,Reviewer
1163,ja-JP,397,Translator
1163,ja-JP,211,Reviewer
1163,fr-FR,484,Translator
1163,fr-FR,236,Reviewer
1163,es-ES,141,Translator
1163,es-ES,426,Reviewer
1163,de-DE,57,Translator
1163,de-DE,434,Reviewer
1164,de-DE,486,Translator
1164,de-DE,339,Reviewer
1164,zh-CN,111,Translator
1164,zh-CN,493,Reviewer
1164,es-ES,263,Translator
1164,es-ES,231,Reviewer
1164,fr-FR,158,Translator
1164,fr-FR,171,Reviewer
1165,zh-CN,204,Translator
1165,ja-JP,494,Translator
1165,fr-FR,326,Translator
1165,de-DE,224,Translator
1166,de-DE,288,Translator
1166,de-DE,144,Reviewer
1166,fr-FR,363,Translator
1166,fr-FR,236,Reviewer
1167,fr-FR,91,Translator
1167,pt-BR,185,Translator
1167,es-ES,163,Translator
1168,es-ES,155,Translator
1168,es-ES,399,Reviewer
1168,ja-JP,494,Translator
1168,ja-JP,366,Reviewer
1168,fr-FR,423,Translator
1168,fr-FR,260,Reviewer
1169,fr-FR,91,Translator
1169,fr-FR,365,Reviewer
1170,en-US,383,Translator
1170,en-US,233,Reviewer
1170,fr-FR,326,Translator
1170,fr-FR,406,Reviewer
1170,es-ES,134,Translator
1170,es-ES,390,Reviewer
1170,de-DE,339,Translator
1170,de-DE,144,Reviewer
1171,ja-JP,98,Translator
1171,ja-JP,193,Reviewer
1171,fr-FR,162,Translator
1171,fr-FR,451,Reviewer
1171,es-ES,168,Translator
1171,es-ES,200,Reviewer
1171,de-DE,177,Translator
1171,de-DE,301,Reviewer
1172,es-ES,29,Translator
1173,es-ES,483,Translator
1174,ja-JP,351,Translator
1174,de-DE,352,Translator
1174,zh-CN,335,Translator
1175,de-DE,374,Translator
1175,de-DE,434,Reviewer
1175,da-DK,237,Translator
1175,da-DK,343,Reviewer
1176,fr-FR,464,Translator
1176,fr-FR,260,Reviewer
1176,es-ES,231,Translator
1176,es-ES,168,Reviewer
1176,de-DE,288,Translator
1176,de-DE,61,Reviewer
1176,ja-JP,320,Translator
1176,ja-JP,255,Reviewer
1177,es-ES,200,Translator
1177,it-IT,36,Translator
1177,de-DE,71,Translator
1178,es-ES,241,Translator
1178,es-ES,155,Reviewer
1178,ja-JP,320,Translator
1178,ja-JP,351,Reviewer
1178,fr-FR,94,Translator
1178,fr-FR,180,Reviewer
1178,ko-KR,246,Translator
1178,ko-KR,157,Reviewer
1178,de-DE,110,Translator
1178,de-DE,97,Reviewer
1179,ja-JP,366,Translator
1179,ja-JP,397,Reviewer
1179,de-DE,309,Translator
1179,de-DE,424,Reviewer
1179,zh-CN,376,Translator
1179,zh-CN,136,Reviewer
1179,fr-FR,380,Translator
1179,fr-FR,3,Reviewer
1179,ko-KR,210,Translator
1179,ko-KR,83,Reviewer
1180,es-ES,226,Translator
1180,es-ES,76,Reviewer
1180,de-DE,115,Translator
1180,de-DE,199,Reviewer
1180,ja-JP,421,Translator
1180,ja-JP,295,Reviewer
1180,fr-FR,380,Translator
1180,fr-FR,91,Reviewer
1181,es-ES,155,Translator
1181,es-ES,483,Reviewer
1181,fr-FR,423,Translator
1181,fr-FR,464,Reviewer
1181,ko-KR,284,Translator
1181,ko-KR,358,Reviewer
1181,ja-JP,421,Translator
1181,ja-JP,449,Reviewer
1182,de-DE,424,Translator
1182,fr-FR,229,Translator
1182,zh-CN,136,Translator
1183,es-ES,76,Translator
1183,es-ES,294,Reviewer
1183,fr-FR,322,Translator
1183,fr-FR,277,Reviewer
1184,es-ES,294,Translator
1184,es-ES,163,Reviewer
1184,ja-JP,73,Translator
1184,ja-JP,285,Reviewer
1185,fr-FR,180,Translator
1185,fr-FR,435,Reviewer
1185,ko-KR,490,Translator
1185,ko-KR,210,Reviewer
1185,de-DE,177,Translator
1185,de-DE,352,Reviewer
1185,ja-JP,397,Translator
1185,ja-JP,254,Reviewer
1186,de-DE,56,Translator
1186,de-DE,71,Reviewer
1186,en-US,318,Translator
1186,en-US,11,Reviewer
1186,es-ES,134,Translator
1186,es-ES,390,Reviewer
1186,fr-FR,327,Translator
1186,fr-FR,91,Reviewer
1187,de-DE,48,Translator
1187,de-DE,61,Reviewer
1187,ko-KR,267,Translator
1187,ko-KR,235,Reviewer
1187,zh-CN,340,Translator
1187,zh-CN,489,Reviewer
1187,ja-JP,72,Translator
1187,ja-JP,364,Reviewer
1187,fr-FR,24,Translator
1187,fr-FR,94,Reviewer
1188,ko-KR,267,Translator
1188,ko-KR,358,Reviewer
1188,zh-CN,16,Translator
1188,zh-CN,232,Reviewer
1188,de-DE,224,Translator
1188,de-DE,303,Reviewer
1189,de-DE,374,Translator
1189,de-DE,309,Reviewer
1189,ko-KR,209,Translator
1189,ko-KR,321,Reviewer
1189,zh-CN,16,Translator
1189,zh-CN,312,Reviewer
1190,ja-JP,285,Translator
1190,ja-JP,255,Reviewer
1190,ko-KR,344,Translator
1190,ko-KR,321,Reviewer
1190,es-ES,101,Translator
1190,es-ES,263,Reviewer
1191,en-GB,198,Translator
1191,en-GB,212,Reviewer
1191,ja-JP,351,Translator
1191,ja-JP,95,Reviewer
1191,de-DE,197,Translator
1191,de-DE,352,Reviewer
1191,es-ES,90,Translator
1191,es-ES,76,Reviewer
1191,fr-FR,326,Translator
1191,fr-FR,464,Reviewer
1192,ja-JP,421,Translator
1192,ja-JP,397,Reviewer
1192,es-ES,141,Translator
1192,es-ES,426,Reviewer
1192,fr-FR,451,Translator
1192,fr-FR,464,Reviewer
1192,de-DE,199,Translator
1192,de-DE,240,Reviewer
1192,ko-KR,243,Translator
1192,ko-KR,344,Reviewer
1193,fr-FR,229,Translator
1193,fr-FR,326,Reviewer
1193,it-IT,201,Translator
1193,it-IT,456,Reviewer
1193,es-ES,231,Translator
1193,es-ES,141,Reviewer
1193,de-DE,177,Translator
1193,de-DE,348,Reviewer
1193,nl-NL,213,Translator
1193,nl-NL,454,Reviewer
1194,fr-FR,441,Translator
1194,fr-FR,484,Reviewer
1194,en-GB,313,Translator
1194,en-GB,44,Reviewer
1194,ja-JP,270,Translator
1194,ja-JP,73,Reviewer
1195,fr-FR,381,Translator
1195,fr-FR,158,Reviewer
1195,en-GB,121,Translator
1195,en-GB,436,Reviewer
1195,de-DE,300,Translator
1195,de-DE,97,Reviewer
1196,ja-JP,193,Translator
1196,es-ES,483,Translator
1196,it-IT,47,Translator
1196,fr-FR,180,Translator
1196,de-DE,110,Translator
1197,es-ES,168,Translator
1197,es-ES,76,Reviewer
1197,fr-FR,171,Translator
1197,fr-FR,3,Reviewer
1197,de-DE,57,Translator
1197,de-DE,142,Reviewer
1197,ja-JP,182,Translator
1197,ja-JP,73,Reviewer
1198,ja-JP,317,Translator
1198,ja-JP,266,Reviewer
1198,de-DE,434,Translator
1198,de-DE,142,Reviewer
1199,fr-FR,164,Translator
1199,fr-FR,435,Reviewer
1199,zh-CN,376,Translator
1199,zh-CN,136,Reviewer
1199,de-DE,303,Translator
1199,de-DE,110,Reviewer
1200,fr-FR,369,Translator
1201,ja-JP,254,Translator
1201,fr-FR,225,Translator
1201,zh-CN,184,Translator
1201,de-DE,240,Translator
1202,ja-JP,364,Translator
1202,ja-JP,421,Reviewer
1202,fr-FR,453,Translator
1202,fr-FR,365,Reviewer
1202,es-ES,226,Translator
1202,es-ES,66,Reviewer
1203,en-GB,480,Translator
1203,fr-FR,244,Translator
1204,pt-BR,404,Translator
1204,pt-BR,10,Reviewer
1204,fr-FR,171,Translator
1204,fr-FR,3,Reviewer
1204,it-IT,36,Translator
1204,it-IT,465,Reviewer
1204,de-DE,339,Translator
1204,de-DE,370,Reviewer
1204,es-ES,141,Translator
1204,es-ES,200,Reviewer
1205,fr-FR,369,Translator
1205,fr-FR,326,Reviewer
1206,es-ES,263,Translator
1206,es-ES,90,Reviewer
1206,de-DE,197,Translator
1206,de-DE,434,Reviewer
1206,zh-CN,2,Translator
1206,zh-CN,319,Reviewer
1206,ja-JP,103,Translator
1206,ja-JP,470,Reviewer
1206,fr-FR,302,Translator
1206,fr-FR,169,Reviewer
1207,ko-KR,490,Translator
1208,es-ES,399,Translator
1208,es-ES,223,Reviewer
1209,ja-JP,187,Translator
1209,ja-JP,491,Reviewer
1209,de-DE,352,Translator
1209,de-DE,240,Reviewer
1209,es-ES,294,Translator
1209,es-ES,155,Reviewer
1209,fr-FR,58,Translator
1209,fr-FR,164,Reviewer
1210,de-DE,486,Translator
1210,zh-CN,312,Translator
1210,fr-FR,441,Translator
1210,ja-JP,254,Translator
1211,fr-FR,369,Translator
1211,fr-FR,464,Reviewer
1211,ja-JP,95,Translator
1211,ja-JP,74,Reviewer
1211,de-DE,374,Translator
1211,de-DE,71,Reviewer
1211,es-ES,399,Translator
1211,es-ES,90,Reviewer
1212,ja-JP,494,Translator
1212,ja-JP,182,Reviewer
1212,es-ES,101,Translator
1212,es-ES,66,Reviewer
1212,de-DE,115,Translator
1212,de-DE,339,Reviewer
1212,fr-FR,164,Translator
1212,fr-FR,302,Reviewer
1213,ja-JP,455,Translator
1213,ja-JP,103,Reviewer
1213,de-DE,374,Translator
1213,de-DE,197,Reviewer
1213,en-US,22,Translator
1213,en-US,93,Reviewer
1213,fr-FR,459,Translator
1213,fr-FR,423,Reviewer
1214,de-DE,374,Translator
1214,de-DE,309,Reviewer
1214,fr-FR,444,Translator
1214,fr-FR,459,Reviewer
1215,ja-JP,421,Translator
1215,ja-JP,98,Reviewer
1216,fr-FR,302,Translator
1216,it-IT,385,Translator
1217,pl-PL,257,Translator
1217,pl-PL,500,Reviewer
1217,de-DE,370,Translator
1217,de-DE,144,Reviewer
1217,nl-NL,307,Translator
1217,nl-NL,166,Reviewer
1217,it-IT,347,Translator
1217,it-IT,443,Reviewer
1217,es-ES,168,Translator
1217,es-ES,475,Reviewer
1217,fr-FR,180,Translator
1217,fr-FR,169,Reviewer
1218,fr-FR,326,Translator
1218,en-GB,472,Translator
1219,ja-JP,449,Translator
1219,ja-JP,221,Reviewer
1219,fr-FR,244,Translator
1219,fr-FR,260,Reviewer
1219,de-DE,57,Translator
1219,de-DE,71,Reviewer
1219,es-ES,241,Translator
1219,es-ES,76,Reviewer
1220,ja-JP,421,Translator
1220,ja-JP,397,Reviewer
1220,es-ES,426,Translator
1220,es-ES,263,Reviewer
1220,ko-KR,332,Translator
1220,ko-KR,432,Reviewer
1220,de-DE,370,Translator
1220,de-DE,348,Reviewer
1220,fr-FR,302,Translator
1220,fr-FR,82,Reviewer
1221,es-ES,134,Translator
1221,es-ES,223,Reviewer
1221,it-IT,456,Translator
1221,it-IT,201,Reviewer
1221,fr-FR,435,Translator
1221,fr-FR,5,Reviewer
1221,de-DE,339,Translator
1221,de-DE,144,Reviewer
1221,ja-JP,98,Translator
1221,ja-JP,73,Reviewer
1222,fr-FR,180,Translator
1222,fr-FR,453,Reviewer
1222,it-IT,492,Translator
1222,it-IT,152,Reviewer
1222,pt-BR,430,Translator
1222,pt-BR,160,Reviewer
1222,es-ES,226,Translator
1222,es-ES,483,Reviewer
1223,ja-JP,255,Translator
1223,ja-JP,285,Reviewer
1223,de-DE,142,Translator
1223,de-DE,374,Reviewer
1223,fr-FR,91,Translator
1223,fr-FR,451,Reviewer
1223,zh-CN,495,Translator
1223,zh-CN,111,Reviewer
1224,it-IT,465,Translator
1224,it-IT,47,Reviewer
1224,es-ES,155,Translator
1224,es-ES,223,Reviewer
1224,ja-JP,351,Translator
1224,ja-JP,98,Reviewer
1224,fr-FR,164,Translator
1224,fr-FR,5,Reviewer
1225,fr-FR,58,Translator
1225,fr-FR,244,Reviewer
1225,zh-CN,429,Translator
1225,zh-CN,312,Reviewer
1225,es-ES,141,Translator
1225,es-ES,134,Reviewer
1226,de-DE,110,Translator
1226,de-DE,177,Reviewer
1226,nl-NL,166,Translator
1226,nl-NL,65,Reviewer
1226,fr-FR,91,Translator
1226,fr-FR,158,Reviewer
1226,pl-PL,127,Translator
1226,pl-PL,299,Reviewer
1226,it-IT,181,Translator
1226,it-IT,216,Reviewer
1226,es-ES,200,Translator
1226,es-ES,29,Reviewer
1227,de-DE,97,Translator
1227,de-DE,48,Reviewer
1228,fr-FR,435,Translator
1228,fr-FR,406,Reviewer
1228,de-DE,486,Translator
1228,de-DE,370,Reviewer
1228,zh-CN,228,Translator
1228,zh-CN,136,Reviewer
1229,fr-FR,381,Translator
1229,fr-FR,423,Reviewer
1229,es-ES,45,Translator
1229,es-ES,483,Reviewer
1229,ja-JP,295,Translator
1229,ja-JP,72,Reviewer
1229,it-IT,443,Translator
1229,it-IT,467,Reviewer
1230,fr-FR,369,Translator
1230,fr-FR,91,Reviewer
1230,de-DE,300,Translator
1230,de-DE,110,Reviewer
1230,ja-JP,397,Translator
1230,ja-JP,266,Reviewer
1230,ko-KR,243,Translator
1230,ko-KR,149,Reviewer
1230,es-ES,475,Translator
1230,es-ES,323,Reviewer
1231,en-GB,212,Translator
1231,en-GB,30,Reviewer
1231,de-DE,240,Translator
1231,de-DE,199,Reviewer
1231,fr-FR,406,Translator
1231,fr-FR,58,Reviewer
1232,es-ES,390,Translator
1232,fr-FR,365,Translator
1232,ja-JP,103,Translator
1232,de-DE,61,Translator
1233,fr-FR,423,Translator
1233,fr-FR,162,Reviewer
1233,ja-JP,73,Translator
1233,ja-JP,221,Reviewer
1233,en-GB,396,Translator
1233,en-GB,367,Reviewer
1233,es-ES,241,Translator
1233,es-ES,200,Reviewer
1233,de-DE,300,Translator
1233,de-DE,56,Reviewer
1234,de-DE,339,Translator
1234,en-US,212,Translator
1234,fr-FR,91,Translator
1234,ja-JP,281,Translator
1235,fr-FR,327,Translator
1236,fr-FR,453,Translator
1236,de-DE,110,Translator
1236,es-ES,45,Translator
1237,zh-CN,106,Translator
1237,zh-CN,489,Reviewer
1238,es-ES,101,Translator
1238,es-ES,223,Reviewer
1239,fr-FR,260,Translator
1239,fr-FR,322,Reviewer
1239,de-DE,374,Translator
1239,de-DE,197,Reviewer
1239,es-ES,155,Translator
1239,es-ES,390,Reviewer
1239,ja-JP,255,Translator
1239,ja-JP,270,Reviewer
1239,ko-KR,210,Translator
1239,ko-KR,124,Reviewer
1240,fr-FR,459,Translator
1240,fr-FR,82,Reviewer
1240,de-DE,197,Translator
1240,de-DE,56,Reviewer
1240,es-ES,163,Translator
1240,es-ES,475,Reviewer
1240,ja-JP,470,Translator
1240,ja-JP,351,Reviewer
1241,ja-JP,397,Translator
1241,ja-JP,187,Reviewer
1242,fr-FR,464,Translator
1242,fr-FR,5,Reviewer
1242,de-DE,197,Translator
1242,de-DE,424,Reviewer
1242,zh-CN,111,Translator
1242,zh-CN,340,Reviewer
1243,it-IT,36,Translator
1243,it-IT,467,Reviewer
1243,es-ES,390,Translator
1243,es-ES,29,Reviewer
1243,ja-JP,187,Translator
1243,ja-JP,221,Reviewer
1243,de-DE,71,Translator
1243,de-DE,177,Reviewer
1243,fr-FR,94,Translator
1243,fr-FR,484,Reviewer
1244,fr-FR,380,Translator
1244,fr-FR,33,Reviewer
1244,de-DE,61,Translator
1244,de-DE,301,Reviewer
1244,en-GB,52,Translator
1244,en-GB,498,Reviewer
1245,de-DE,434,Translator
1245,de-DE,177,Reviewer
1245,zh-CN,319,Translator
1245,zh-CN,340,Reviewer
1245,fr-FR,91,Translator
1245,fr-FR,180,Reviewer
1246,zh-CN,228,Translator
1246,zh-CN,335,Reviewer
1246,de-DE,71,Translator
1246,de-DE,303,Reviewer
1246,fr-FR,363,Translator
1246,fr-FR,406,Reviewer
1247,ja-JP,494,Translator
1247,ja-JP,72,Reviewer
1248,de-DE,224,Translator
1248,de-DE,115,Reviewer
1248,fr-FR,169,Translator
1248,fr-FR,94,Reviewer
1248,es-ES,163,Translator
1248,es-ES,141,Reviewer
1249,de-DE,57,Translator
1249,ja-JP,317,Translator
1249,zh-CN,106,Translator
1249,fr-FR,363,Translator
1250,it-IT,175,Translator
1251,ja-JP,397,Translator
1251,ja-JP,470,Reviewer
1251,es-ES,163,Translator
1251,es-ES,101,Reviewer
1251,fr-FR,363,Translator
1251,fr-FR,3,Reviewer
1252,de-DE,71,Translator
1252,de-DE,97,Reviewer
1252,it-IT,152,Translator
1252,it-IT,456,Reviewer
1253,de-DE,301,Translator
1253,de-DE,370,Reviewer
1253,fr-FR,5,Translator
1253,fr-FR,453,Reviewer
1253,es-ES,426,Translator
1253,es-ES,241,Reviewer
1253,ja-JP,266,Translator
1253,ja-JP,239,Reviewer
1253,it-IT,347,Translator
1253,it-IT,492,Reviewer
1254,zh-CN,2,Translator
1254,zh-CN,96,Reviewer
1255,fr-FR,464,Translator
1256,de-DE,110,Translator
1256,de-DE,97,Reviewer
1256,en-US,248,Translator
1256,en-US,384,Reviewer
1256,fr-FR,225,Translator
1256,fr-FR,441,Reviewer
1256,ja-JP,449,Translator
1256,ja-JP,211,Reviewer
1257,fr-FR,171,Translator
1257,en-US,468,Translator
1258,it-IT,47,Translator
1258,it-IT,18,Reviewer
1258,es-ES,223,Translator
1258,es-ES,168,Reviewer
1258,fr-FR,380,Translator
1258,fr-FR,229,Reviewer
1258,de-DE,486,Translator
1258,de-DE,374,Reviewer
1258,nl-NL,196,Translator
1258,nl-NL,87,Reviewer
1259,fr-FR,406,Translator
1259,fr-FR,260,Reviewer
1259,en-GB,198,Translator
1259,en-GB,150,Reviewer
1260,es-ES,200,Translator
1260,es-ES,323,Reviewer
1260,ja-JP,182,Translator
1260,ja-JP,421,Reviewer
1261,fr-FR,322,Translator
1261,fr-FR,94,Reviewer
1261,en-US,11,Translator
1261,en-US,151,Reviewer
1261,de-DE,352,Translator
1261,de-DE,57,Reviewer
1261,ja-JP,211,Translator
1261,ja-JP,73,Reviewer
1262,es-ES,483,Translator
1262,es-ES,66,Reviewer
1262,de-DE,71,Translator
1262,de-DE,301,Reviewer
1262,nl-NL,145,Translator
1262,nl-NL,133,Reviewer
1262,pl-PL,49,Translator
1262,pl-PL,368,Reviewer
1262,fr-FR,302,Translator
1262,fr-FR,327,Reviewer
1263,es-ES,241,Translator
1264,ja-JP,494,Translator
1264,ja-JP,320,Reviewer
1264,de-DE,301,Translator
1264,de-DE,352,Reviewer
1265,fr-FR,406,Translator
1265,ja-JP,295,Translator
1265,de-DE,301,Translator
1265,en-US,11,Translator
1266,zh-CN,106,Translator
1266,zh-CN,204,Reviewer
1266,de-DE,374,Translator
1266,de-DE,370,Reviewer
1267,en-US,420,Translator
1267,en-US,318,Reviewer
1268,it-IT,152,Translator
1268,it-IT,467,Reviewer
1268,de-DE,240,Translator
1268,de-DE,57,Reviewer
1268,fr-FR,423,Translator
1268,fr-FR,5,Reviewer
1268,es-ES,134,Translator
1268,es-ES,45,Reviewer
1268,pt-BR,268,Translator
1268,pt-BR,296,Reviewer
1269,de-DE,288,Translator
1269,de-DE,224,Reviewer
1270,zh-CN,16,Translator
1270,zh-CN,340,Reviewer
1270,ja-JP,211,Translator
1270,ja-JP,74,Reviewer
1271,it-IT,175,Translator
1271,nl-NL,166,Translator
1272,fr-FR,327,Translator
1272,fr-FR,3,Reviewer
1273,fr-FR,302,Translator
1273,ja-JP,74,Translator
1273,de-DE,197,Translator
1274,zh-CN,111,Translator
1274,zh-CN,335,Reviewer
1274,de-DE,374,Translator
1274,de-DE,110,Reviewer
1274,fr-FR,451,Translator
1274,fr-FR,464,Reviewer
1275,fr-FR,277,Translator
1275,fr-FR,180,Reviewer
1275,ja-JP,187,Translator
1275,ja-JP,270,Reviewer
1275,it-IT,428,Translator
1275,it-IT,347,Reviewer
1275,de-DE,61,Translator
1275,de-DE,374,Reviewer
1275,es-ES,263,Translator
1275,es-ES,226,Reviewer
1276,fr-FR,363,Translator
1276,fr-FR,406,Reviewer
1276,de-DE,224,Translator
1276,de-DE,486,Reviewer
1277,fr-FR,369,Translator
1277,fr-FR,33,Reviewer
1277,de-DE,48,Translator
1277,de-DE,199,Reviewer
1277,es-ES,155,Translator
1277,es-ES,141,Reviewer
1277,en-US,212,Translator
1277,en-US,248,Reviewer
1278,fr-FR,459,Translator
1278,fr-FR,381,Reviewer
1278,de-DE,339,Translator
1278,de-DE,309,Reviewer
1278,es-ES,399,Translator
1278,es-ES,141,Reviewer
1278,ja-JP,449,Translator
1278,ja-JP,74,Reviewer
1279,ja-JP,320,Translator
1279,ja-JP,421,Reviewer
1279,es-ES,231,Translator
1279,es-ES,141,Reviewer
1279,fr-FR,24,Translator
1279,fr-FR,229,Reviewer
1279,de-DE,110,Translator
1279,de-DE,78,Reviewer
1279,ko-KR,209,Translator
1279,ko-KR,321,Reviewer
1280,de-DE,374,Translator
1281,es-ES,223,Translator
1281,fr-FR,380,Translator
1281,de-DE,144,Translator
1282,es-ES,483,Translator
1282,es-ES,231,Reviewer
1282,it-IT,347,Translator
1282,it-IT,416,Reviewer
1283,de-DE,61,Translator
1283,fr-FR,3,Translator
1283,it-IT,385,Translator
1283,es-ES,263,Translator
1284,fr-FR,244,Translator
1284,fr-FR,451,Reviewer
1284,ja-JP,455,Translator
1284,ja-JP,73,Reviewer
1285,de-DE,301,Translator
1285,de-DE,142,Reviewer
1285,fr-FR,380,Translator
1285,fr-FR,180,Reviewer
1285,es-ES,76,Translator
1285,es-ES,294,Reviewer
1286,es-ES,66,Translator
1286,es-ES,200,Reviewer
1286,fr-FR,327,Translator
1286,fr-FR,5,Reviewer
1286,de-DE,434,Translator
1286,de-DE,144,Reviewer
1286,ja-JP,455,Translator
1286,ja-JP,211,Reviewer
1287,es-ES,101,Translator
1287,ko-KR,284,Translator
1287,ja-JP,73,Translator
1287,de-DE,224,Translator
1287,fr-FR,464,Translator
1288,de-DE,370,Translator
1288,de-DE,486,Reviewer
1288,fr-FR,459,Translator
1288,fr-FR,326,Reviewer
1288,es-ES,294,Translator
1288,es-ES,475,Reviewer
1288,ja-JP,470,Translator
1288,ja-JP,211,Reviewer
1289,fr-FR,406,Translator
1290,fr-FR,365,Translator
1290,fr-FR,94,Reviewer
1290,de-DE,61,Translator
1290,de-DE,71,Reviewer
1290,en-GB,44,Translator
1290,en-GB,367,Reviewer
1291,fr-FR,453,Translator
1291,it-IT,465,Translator
1291,de-DE,197,Translator
1291,es-ES,161,Translator
1291,ja-JP,470,Translator
1292,fr-FR,380,Translator
1292,fr-FR,326,Reviewer
1292,ja-JP,211,Translator
1292,ja-JP,364,Reviewer
1293,zh-CN,493,Translator
1293,zh-CN,204,Reviewer
1294,zh-CN,232,Translator
1294,zh-CN,184,Reviewer
1294,ja-JP,266,Translator
1294,ja-JP,98,Reviewer
1294,ko-KR,297,Translator
1294,ko-KR,321,Reviewer
1294,fr-FR,381,Translator
1294,fr-FR,162,Reviewer
1295,fr-FR,164,Translator
1295,fr-FR,363,Reviewer
1295,de-DE,339,Translator
1295,de-DE,301,Reviewer
1295,zh-CN,99,Translator
1295,zh-CN,184,Reviewer
1296,es-ES,241,Translator
1296,es-ES,163,Reviewer
1296,de-DE,115,Translator
1296,de-DE,348,Reviewer
1296,fr-FR,5,Translator
1296,fr-FR,225,Reviewer
1296,it-IT,18,Translator
1296,it-IT,492,Reviewer
1296,pt-BR,202,Translator
1296,pt-BR,289,Reviewer
1297,de-DE,288,Translator
1297,de-DE,486,Reviewer
1297,zh-CN,204,Translator
1297,zh-CN,495,Reviewer
1297,fr-FR,365,Translator
1297,fr-FR,3,Reviewer
1298,de-DE,424,Translator
1298,de-DE,199,Reviewer
1299,de-DE,197,Translator
1299,de-DE,370,Reviewer
1299,en-GB,436,Translator
1299,en-GB,498,Reviewer
1299,fr-FR,464,Translator
1299,fr-FR,169,Reviewer
1300,ja-JP,491,Translator
1300,ja-JP,455,Reviewer
1300,ko-KR,490,Translator
1300,ko-KR,331,Reviewer
1300,es-ES,426,Translator
1300,es-ES,223,Reviewer
1300,de-DE,57,Translator
1300,de-DE,110,Reviewer
1300,fr-FR,441,Translator
1300,fr-FR,158,Reviewer
1301,de-DE,199,Translator
1301,de-DE,424,Reviewer
1301,es-ES,263,Translator
1301,es-ES,231,Reviewer
1301,ko-KR,88,Translator
1301,ko-KR,331,Reviewer
1301,ja-JP,397,Translator
1301,ja-JP,470,Reviewer
1301,fr-FR,380,Translator
1301,fr-FR,381,Reviewer
1302,en-GB,324,Translator
1302,de-DE,224,Translator
1303,fr-FR,464,Translator
1303,de-DE,177,Translator
1303,ja-JP,266,Translator
1303,es-ES,45,Translator
1304,ko-KR,358,Translator
1304,ko-KR,331,Reviewer
1304,de-DE,97,Translator
1304,de-DE,303,Reviewer
1304,zh-CN,335,Translator
1304,zh-CN,232,Reviewer
1304,ja-JP,98,Translator
1304,ja-JP,255,Reviewer
1304,fr-FR,225,Translator
1304,fr-FR,435,Reviewer
1305,fr-FR,381,Translator
1305,fr-FR,464,Reviewer
1305,es-ES,101,Translator
1305,es-ES,483,Reviewer
1305,de-DE,374,Translator
1305,de-DE,370,Reviewer
1305,it-IT,456,Translator
1305,it-IT,47,Reviewer
1306,ja-JP,351,Translator
1306,ja-JP,449,Reviewer
1306,zh-CN,20,Translator
1306,zh-CN,16,Reviewer
1306,es-ES,226,Translator
1306,es-ES,141,Reviewer
1306,fr-FR,322,Translator
1306,fr-FR,94,Reviewer
1306,de-DE,71,Translator
1306,de-DE,301,Reviewer
1307,fr-FR,464,Translator
1307,fr-FR,365,Reviewer
1307,en-GB,125,Translator
1307,en-GB,132,Reviewer
1308,zh-CN,429,Translator
1308,zh-CN,16,Reviewer
1308,fr-FR,365,Translator
1308,fr-FR,451,Reviewer
1308,de-DE,486,Translator
1308,de-DE,309,Reviewer
1308,ko-KR,445,Translator
1308,ko-KR,157,Reviewer
1309,de-DE,142,Translator
1309,de-DE,97,Reviewer
1310,zh-CN,96,Translator
1310,zh-CN,111,Reviewer
1310,ja-JP,182,Translator
1310,ja-JP,364,Reviewer
1310,es-ES,483,Translator
1310,es-ES,141,Reviewer
1310,de-DE,56,Translator
1310,de-DE,424,Reviewer
1310,fr-FR,162,Translator
1310,fr-FR,225,Reviewer
1311,de-DE,303,Translator
1311,de-DE,301,Reviewer
1312,fr-FR,225,Translator
1312,fr-FR,244,Reviewer
1312,en-US,173,Translator
1312,en-US,315,Reviewer
1312,de-DE,48,Translator
1312,de-DE,424,Reviewer
1312,ja-JP,254,Translator
1312,ja-JP,455,Reviewer
1313,pt-BR,10,Translator
1313,pt-BR,289,Reviewer
1313,it-IT,347,Translator
1313,it-IT,216,Reviewer
1313,fr-FR,3,Translator
1313,fr-FR,365,Reviewer
1313,de-DE,303,Translator
1313,de-DE,177,Reviewer
1313,es-ES,390,Translator
1313,es-ES,90,Reviewer
1314,fr-FR,171,Translator
1314,de-DE,144,Translator
1314,es-ES,226,Translator
1314,zh-CN,319,Translator
1315,ja-JP,470,Translator
1315,ja-JP,254,Reviewer
1316,de-DE,144,Translator
1316,de-DE,374,Reviewer
1316,ko-KR,149,Translator
1316,ko-KR,331,Reviewer
1316,fr-FR,260,Translator
1316,fr-FR,82,Reviewer
1316,es-ES,90,Translator
1316,es-ES,263,Reviewer
1317,ja-JP,221,Translator
1317,ja-JP,187,Reviewer
1317,de-DE,240,Translator
1317,de-DE,352,Reviewer
1317,es-ES,45,Translator
1317,es-ES,66,Reviewer
1318,fr-FR,327,Translator
1318,fr-FR,236,Reviewer
1319,ko-KR,209,Translator
1319,ko-KR,305,Reviewer
1319,zh-CN,319,Translator
1319,zh-CN,184,Reviewer
1319,ja-JP,211,Translator
1319,ja-JP,295,Reviewer
1319,de-DE,240,Translator
1319,de-DE,374,Reviewer
1319,fr-FR,302,Translator
1319,fr-FR,229,Reviewer
1320,es-ES,76,Translator
1321,fr-FR,94,Translator
1321,es-ES,294,Translator
1322,de-DE,309,Translator
1322,de-DE,374,Reviewer
1322,es-ES,483,Translator
1322,es-ES,241,Reviewer
1322,ko-KR,375,Translator
1322,ko-KR,83,Reviewer
1323,en-GB,150,Translator
1323,en-GB,125,Reviewer
1323,de-DE,177,Translator
1323,de-DE,197,Reviewer
1323,fr-FR,260,Translator
1323,fr-FR,162,Reviewer
1324,de-DE,288,Translator
1324,fr-FR,3,Translator
1324,ja-JP,221,Translator
1325,es-ES,141,Translator
1325,zh-CN,264,Translator
1325,de-DE,199,Translator
1326,fr-FR,260,Translator
1327,fr-FR,158,Translator
1327,fr-FR,327,Reviewer
1327,de-DE,144,Translator
1327,de-DE,424,Reviewer
1328,ja-JP,72,Translator
1328,ja-JP,281,Reviewer
1328,zh-CN,319,Translator
1328,zh-CN,232,Reviewer
1329,ja-JP,285,Translator
1329,ja-JP,281,Reviewer
1329,fr-FR,380,Translator
1329,fr-FR,451,Reviewer
1329,es-ES,200,Translator
1329,es-ES,29,Reviewer
1329,de-DE,339,Translator
1329,de-DE,78,Reviewer
1330,ja-JP,73,Translator
1330,ko-KR,207,Translator
1330,de-DE,352,Translator
1331,ja-JP,295,Translator
1331,ja-JP,98,Reviewer
1332,de-DE,78,Translator
1332,de-DE,61,Reviewer
1332,fr-FR,229,Translator
1332,fr-FR,58,Reviewer
1332,zh-CN,308,Translator
1332,zh-CN,16,Reviewer
1333,es-ES,66,Translator
1333,es-ES,390,Reviewer
1333,fr-FR,277,Translator
1333,fr-FR,453,Reviewer
1333,de-DE,197,Translator
1333,de-DE,224,Reviewer
1333,ko-KR,445,Translator
1333,ko-KR,179,Reviewer
1334,de-DE,301,Translator
1334,zh-CN,495,Translator
1334,fr-FR,453,Translator
1335,zh-CN,429,Translator
1335,fr-FR,158,Translator
1335,de-DE,300,Translator
1336,fr-FR,406,Translator
1336,fr-FR,459,Reviewer
1336,de-DE,288,Translator
1336,de-DE,374,Reviewer
1336,en-GB,341,Translator
1336,en-GB,125,Reviewer
1337,es-ES,241,Translator
1337,es-ES,231,Reviewer
1338,zh-CN,99,Translator
1338,de-DE,424,Translator
1338,fr-FR,58,Translator
1339,fr-FR,236,Translator
1339,de-DE,374,Translator
1340,fr-FR,164,Translator
1340,de-DE,374,Translator
1340,ja-JP,211,Translator
1340,zh-CN,335,Translator
1341,ja-JP,239,Translator
1341,ja-JP,449,Reviewer
1341,pt-BR,293,Translator
1341,pt-BR,146,Reviewer
1342,fr-FR,453,Translator
1342,fr-FR,94,Reviewer
1342,it-IT,465,Translator
1342,it-IT,428,Reviewer
1343,fr-FR,260,Translator
1343,fr-FR,277,Reviewer
1343,de-DE,61,Translator
1343,de-DE,224,Reviewer
1343,ko-KR,83,Translator
1343,ko-KR,209,Reviewer
1343,es-ES,134,Translator
1343,es-ES,101,Reviewer
1343,ja-JP,285,Translator
1343,ja-JP,295,Reviewer
1344,es-ES,241,Translator
1344,es-ES,29,Reviewer
1344,de-DE,240,Translator
1344,de-DE,48,Reviewer
1344,fr-FR,5,Translator
1344,fr-FR,302,Reviewer
1345,fr-FR,82,Translator
1345,ko-KR,344,Translator
1346,es-ES,45,Translator
1346,es-ES,134,Reviewer
1346,de-DE,288,Translator
1346,de-DE,240,Reviewer
1346,fr-FR,260,Translator
1346,fr-FR,322,Reviewer
1346,ja-JP,351,Translator
1346,ja-JP,74,Reviewer
1346,ko-KR,149,Translator
1346,ko-KR,83,Reviewer
1347,ko-KR,149,Translator
1347,ko-KR,344,Reviewer
1347,fr-FR,164,Translator
1347,fr-FR,3,Reviewer
1348,fr-FR,82,Translator
1348,fr-FR,435,Reviewer
1348,de-DE,177,Translator
1348,de-DE,142,Reviewer
1349,ko-KR,235,Translator
1349,ko-KR,209,Reviewer
1349,de-DE,57,Translator
1349,de-DE,199,Reviewer
1350,fr-FR,244,Translator
1350,fr-FR,444,Reviewer
1350,es-ES,231,Translator
1350,es-ES,390,Reviewer
1350,ja-JP,98,Translator
1350,ja-JP,364,Reviewer
1350,de-DE,434,Translator
1350,de-DE,348,Reviewer
1351,ja-JP,74,Translator
1351,es-ES,45,Translator
1351,fr-FR,244,Translator
1351,ko-KR,243,Translator
1351,de-DE,199,Translator
1352,es-ES,90,Translator
1352,ja-JP,455,Translator
1352,fr-FR,381,Translator
1352,de-DE,144,Translator
1353,es-ES,390,Translator
1353,pt-BR,10,Translator
1353,de-DE,370,Translator
1354,en-US,34,Translator
1354,en-US,259,Reviewer
1354,de-DE,78,Translator
1354,de-DE,199,Reviewer
1354,fr-FR,453,Translator
1354,fr-FR,380,Reviewer
1354,ja-JP,193,Translator
1354,ja-JP,211,Reviewer
1355,es-ES,101,Translator
1355,es-ES,45,Reviewer
1356,de-DE,110,Translator
1356,fr-FR,363,Translator
1356,es-ES,45,Translator
1357,pt-BR,337,Translator
1357,fr-FR,444,Translator
1358,pl-PL,460,Translator
1358,pl-PL,219,Reviewer
1358,fr-FR,250,Translator
1358,fr-FR,451,Reviewer
1358,nl-NL,133,Translator
1358,nl-NL,145,Reviewer
1358,es-ES,29,Translator
1358,es-ES,323,Reviewer
1359,de-DE,177,Translator
1359,fr-FR,435,Translator
1359,ja-JP,494,Translator
1360,es-ES,231,Translator
1360,de-DE,71,Translator
1360,it-IT,216,Translator
1360,fr-FR,451,Translator
1361,de-DE,97,Translator
1361,ko-KR,243,Translator
1362,ja-JP,285,Translator
1362,ja-JP,366,Reviewer
1362,es-ES,390,Translator
1362,es-ES,29,Reviewer
1362,it-IT,443,Translator
1362,it-IT,36,Reviewer
1362,de-DE,374,Translator
1362,de-DE,57,Reviewer
1362,fr-FR,236,Translator
1362,fr-FR,322,Reviewer
1363,fr-FR,380,Translator
1363,fr-FR,484,Reviewer
1363,en-US,93,Translator
1363,en-US,173,Reviewer
1364,es-ES,90,Translator
1364,es-ES,223,Reviewer
1364,ja-JP,270,Translator
1364,ja-JP,74,Reviewer
1364,de-DE,115,Translator
1364,de-DE,370,Reviewer
1364,fr-FR,444,Translator
1364,fr-FR,302,Reviewer
1365,ja-JP,281,Translator
1365,fr-FR,91,Translator
1365,de-DE,303,Translator
1365,es-ES,390,Translator
1366,de-DE,224,Translator
1367,ja-JP,72,Translator
1367,es-ES,76,Translator
1367,de-DE,177,Translator
1367,en-GB,44,Translator
1367,fr-FR,91,Translator
1368,fr-FR,453,Translator
1368,ja-JP,255,Translator
1368,de-DE,240,Translator
1368,it-IT,465,Translator
1368,es-ES,399,Translator
1369,es-ES,90,Translator
1369,es-ES,29,Reviewer
1370,fr-FR,484,Translator
1370,fr-FR,158,Reviewer
1370,de-DE,177,Translator
1370,de-DE,57,Reviewer
1371,ja-JP,295,Translator
1371,ja-JP,98,Reviewer
1372,zh-CN,16,Translator
1372,de-DE,61,Translator
1373,it-IT,492,Translator
1373,it-IT,175,Reviewer
1373,es-ES,263,Translator
1373,es-ES,483,Reviewer
1373,fr-FR,322,Translator
1373,fr-FR,158,Reviewer
1373,nl-NL,145,Translator
1373,nl-NL,166,Reviewer
1374,ja-JP,364,Translator
1374,ja-JP,98,Reviewer
1374,es-ES,294,Translator
1374,es-ES,226,Reviewer
1374,it-IT,18,Translator
1374,it-IT,385,Reviewer
1374,de-DE,301,Translator
1374,de-DE,339,Reviewer
1374,fr-FR,171,Translator
1374,fr-FR,423,Reviewer
1375,ja-JP,295,Translator
1375,ja-JP,221,Reviewer
1375,fr-FR,435,Translator
1375,fr-FR,164,Reviewer
1375,de-DE,301,Translator
1375,de-DE,61,Reviewer
1375,es-ES,163,Translator
1375,es-ES,294,Reviewer
1376,de-DE,309,Translator
1376,de-DE,177,Reviewer
1376,it-IT,408,Translator
1376,it-IT,152,Reviewer
1376,fr-FR,58,Translator
1376,fr-FR,380,Reviewer
1377,fr-FR,180,Translator
1377,fr-FR,484,Reviewer
1377,es-ES,390,Translator
1377,es-ES,226,Reviewer
1377,ja-JP,74,Translator
1377,ja-JP,221,Reviewer
1377,de-DE,303,Translator
1377,de-DE,78,Reviewer
1378,en-US,11,Translator
1378,en-US,357,Reviewer
1378,ja-JP,221,Translator
1378,ja-JP,455,Reviewer
1379,fr-FR,381,Translator
1379,fr-FR,260,Reviewer
1379,ko-KR,344,Translator
1379,ko-KR,432,Reviewer
1379,de-DE,61,Translator
1379,de-DE,424,Reviewer
1379,es-ES,161,Translator
1379,es-ES,101,Reviewer
1379,ja-JP,211,Translator
1379,ja-JP,295,Reviewer
1380,de-DE,374,Translator
1380,de-DE,224,Reviewer
1380,fr-FR,229,Translator
1380,fr-FR,464,Reviewer
1380,en-GB,313,Translator
1380,en-GB,125,Reviewer
1381,zh-CN,228,Translator
1381,zh-CN,50,Reviewer
1381,de-DE,177,Translator
1381,de-DE,309,Reviewer
1381,fr-FR,82,Translator
1381,fr-FR,444,Reviewer
1381,ja-JP,491,Translator
1381,ja-JP,285,Reviewer
1382,de-DE,110,Translator
1382,de-DE,352,Reviewer
1382,es-ES,66,Translator
1382,es-ES,134,Reviewer
1382,fr-FR,260,Translator
1382,fr-FR,459,Reviewer
1383,de-DE,374,Translator
1383,de-DE,240,Reviewer
1384,ja-JP,366,Translator
1384,de-DE,224,Translator
1384,fr-FR,229,Translator
1384,es-ES,483,Translator
1385,de-DE,309,Translator
1385,de-DE,199,Reviewer
1385,es-ES,426,Translator
1385,es-ES,226,Reviewer
1385,ja-JP,270,Translator
1385,ja-JP,103,Reviewer
1386,fr-FR,236,Translator
1386,de-DE,142,Translator
1386,es-ES,134,Translator
1386,en-US,422,Translator
1387,ja-JP,211,Translator
1387,ja-JP,182,Reviewer
1388,de-DE,309,Translator
1388,fr-FR,302,Translator
1388,en-GB,178,Translator
1389,da-DK,400,Translator
1389,da-DK,290,Reviewer
1389,de-DE,288,Translator
1389,de-DE,240,Reviewer
1389,fr-FR,164,Translator
1389,fr-FR,484,Reviewer
1389,es-ES,200,Translator
1389,es-ES,168,Reviewer
1390,ja-JP,270,Translator
1390,ja-JP,95,Reviewer
1390,zh-CN,184,Translator
1390,zh-CN,232,Reviewer
1391,it-IT,385,Translator
1391,it-IT,216,Reviewer
1391,es-ES,241,Translator
1391,es-ES,426,Reviewer
1392,fr-FR,24,Translator
1392,fr-FR,169,Reviewer
1392,en-GB,440,Translator
1392,en-GB,436,Reviewer
1393,fr-FR,33,Translator
1393,fr-FR,229,Reviewer
1394,es-ES,155,Translator
1394,ja-JP,491,Translator
1394,fr-FR,444,Translator
1394,it-IT,18,Translator
1394,de-DE,309,Translator
1395,fr-FR,250,Translator
1395,fr-FR,158,Reviewer
1395,ko-KR,210,Translator
1395,ko-KR,297,Reviewer
1395,ja-JP,295,Translator
1395,ja-JP,470,Reviewer
1395,es-ES,223,Translator
1395,es-ES,45,Reviewer
1395,de-DE,309,Translator
1395,de-DE,48,Reviewer
1396,it-IT,36,Translator
1396,it-IT,408,Reviewer
1396,ja-JP,72,Translator
1396,ja-JP,320,Reviewer
1396,fr-FR,58,Translator
1396,fr-FR,369,Reviewer
1396,es-ES,426,Translator
1396,es-ES,168,Reviewer
1396,de-DE,240,Translator
1396,de-DE,110,Reviewer
1397,ja-JP,270,Translator
1397,ja-JP,255,Reviewer
1397,ko-KR,149,Translator
1397,ko-KR,217,Reviewer
1398,de-DE,486,Translator
1398,pl-PL,127,Translator
1398,fr-FR,363,Translator
1399,es-ES,200,Translator
1399,es-ES,475,Reviewer
1399,fr-FR,158,Translator
1399,fr-FR,162,Reviewer
1399,de-DE,177,Translator
1399,de-DE,115,Reviewer
1400,fr-FR,464,Translator
1400,fr-FR,162,Reviewer
1400,de-DE,56,Translator
1400,de-DE,115,Reviewer
1400,ja-JP,255,Translator
1400,ja-JP,449,Reviewer
1400,es-ES,323,Translator
1400,es-ES,141,Reviewer
1400,it-IT,36,Translator
1400,it-IT,152,Reviewer
1401,ja-JP,364,Translator
1401,ja-JP,193,Reviewer
1401,es-ES,390,Translator
1401,es-ES,45,Reviewer
1402,fr-FR,91,Translator
1402,fr-FR,322,Reviewer
1402,ko-KR,149,Translator
1402,ko-KR,284,Reviewer
1402,ja-JP,187,Translator
1402,ja-JP,95,Reviewer
1402,de-DE,348,Translator
1402,de-DE,61,Reviewer
1402,es-ES,483,Translator
1402,es-ES,226,Reviewer
1403,de-DE,78,Translator
1404,fr-FR,169,Translator
1404,fr-FR,365,Reviewer
1404,es-ES,161,Translator
1404,es-ES,66,Reviewer
1404,de-DE,115,Translator
1404,de-DE,288,Reviewer
1405,de-DE,434,Translator
1405,de-DE,144,Reviewer
1405,ja-JP,255,Translator
1405,ja-JP,317,Reviewer
1405,fr-FR,3,Translator
1405,fr-FR,5,Reviewer
1406,fr-FR,58,Translator
1406,fr-FR,444,Reviewer
1406,zh-CN,111,Translator
1406,zh-CN,50,Reviewer
1407,ja-JP,491,Translator
1407,ja-JP,317,Reviewer
1407,fr-FR,225,Translator
1407,fr-FR,180,Reviewer
1407,de-DE,144,Translator
1407,de-DE,309,Reviewer
1407,es-ES,241,Translator
1407,es-ES,483,Reviewer
1408,zh-CN,111,Translator
1408,zh-CN,308,Reviewer
1408,fr-FR,260,Translator
1408,fr-FR,164,Reviewer
1408,de-DE,78,Translator
1408,de-DE,303,Reviewer
1409,ja-JP,285,Translator
1409,ja-JP,351,Reviewer
1409,de-DE,110,Translator
1409,de-DE,434,Reviewer
1410,fr-FR,277,Translator
1410,ja-JP,317,Translator
1410,es-ES,223,Translator
1410,de-DE,339,Translator
1411,fr-FR,365,Translator
1412,it-IT,465,Translator
1412,it-IT,467,Reviewer
1412,fr-FR,82,Translator
1412,fr-FR,326,Reviewer
1412,es-ES,141,Translator
1412,es-ES,390,Reviewer
1412,de-DE,48,Translator
1412,de-DE,424,Reviewer
1412,pt-BR,131,Translator
1412,pt-BR,146,Reviewer
1413,ja-JP,255,Translator
1413,ja-JP,421,Reviewer
1413,fr-FR,164,Translator
1413,fr-FR,277,Reviewer
1414,de-DE,224,Translator
1414,es-ES,475,Translator
1414,ja-JP,397,Translator
1414,fr-FR,229,Translator
1415,es-ES,200,Translator
1415,es-ES,163,Reviewer
1416,fr-FR,3,Translator
1416,fr-FR,33,Reviewer
1416,ja-JP,366,Translator
1416,ja-JP,182,Reviewer
1416,es-ES,90,Translator
1416,es-ES,390,Reviewer
1416,de-DE,301,Translator
1416,de-DE,48,Reviewer
1417,zh-CN,335,Translator
1417,zh-CN,16,Reviewer
1418,ko-KR,344,Translator
1418,ko-KR,331,Reviewer
1418,fr-FR,33,Translator
1418,fr-FR,380,Reviewer
1418,es-ES,161,Translator
1418,es-ES,231,Reviewer
1418,ja-JP,255,Translator
1418,ja-JP,74,Reviewer
1418,de-DE,434,Translator
1418,de-DE,424,Reviewer
1419,fr-FR,260,Translator
1419,fr-FR,277,Reviewer
1419,ko-KR,149,Translator
1419,ko-KR,284,Reviewer
1419,es-ES,241,Translator
1419,es-ES,231,Reviewer
1419,de-DE,110,Translator
1419,de-DE,434,Reviewer
1419,ja-JP,366,Translator
1419,ja-JP,364,Reviewer
1420,fr-FR,277,Translator
1421,nl-NL,196,Translator
1421,es-ES,155,Translator
1421,de-DE,339,Translator
1421,pl-PL,31,Translator
1421,fr-FR,250,Translator
1421,it-IT,181,Translator
1422,es-ES,390,Translator
1422,es-ES,141,Reviewer
1422,ja-JP,95,Translator
1422,ja-JP,255,Reviewer
1422,fr-FR,484,Translator
1422,fr-FR,423,Reviewer
1422,pt-BR,431,Translator
1422,pt-BR,105,Reviewer
1422,de-DE,352,Translator
1422,de-DE,348,Reviewer
1423,ja-JP,366,Translator
1423,ja-JP,73,Reviewer
1423,fr-FR,369,Translator
1423,fr-FR,381,Reviewer
1424,en-GB,212,Translator
1424,en-GB,150,Reviewer
1425,fr-FR,453,Translator
1425,fr-FR,225,Reviewer
1425,ko-KR,321,Translator
1425,ko-KR,179,Reviewer
1426,es-ES,161,Translator
1426,es-ES,141,Reviewer
1426,fr-FR,453,Translator
1426,fr-FR,363,Reviewer
1427,de-DE,301,Translator
1427,de-DE,48,Reviewer
1427,es-ES,155,Translator
1427,es-ES,168,Reviewer
1428,ja-JP,455,Translator
1428,de-DE,97,Translator
1428,ko-KR,346,Translator
1429,fr-FR,459,Translator
1429,fr-FR,169,Reviewer
1430,fr-FR,322,Translator
1431,fr-FR,169,Translator
1431,fr-FR,441,Reviewer
1432,ko-KR,284,Translator
1433,ja-JP,285,Translator
1433,fr-FR,225,Translator
1434,ja-JP,221,Translator
1434,ja-JP,270,Reviewer
1434,it-IT,201,Translator
1434,it-IT,347,Reviewer
1434,es-ES,241,Translator
1434,es-ES,76,Reviewer
1435,de-DE,486,Translator
1436,fr-FR,225,Translator
1436,fr-FR,236,Reviewer
1436,zh-CN,2,Translator
1436,zh-CN,312,Reviewer
1436,de-DE,110,Translator
1436,de-DE,142,Reviewer
1436,es-ES,163,Translator
1436,es-ES,141,Reviewer
1436,ja-JP,320,Translator
1436,ja-JP,491,Reviewer
1437,ja-JP,449,Translator
1438,es-ES,399,Translator
1438,pl-PL,147,Translator
1438,it-IT,36,Translator
1438,de-DE,78,Translator
1438,nl-NL,145,Translator
1438,fr-FR,369,Translator
1439,de-DE,142,Translator
1439,fr-FR,91,Translator
1439,it-IT,181,Translator
1439,ja-JP,98,Translator
1439,es-ES,161,Translator
1440,en-GB,498,Translator
1440,en-GB,341,Reviewer
1441,de-DE,115,Translator
1441,zh-CN,2,Translator
1441,ja-JP,320,Translator
1441,fr-FR,453,Translator
1441,ko-KR,305,Translator
1442,de-DE,177,Translator
1442,pt-BR,148,Translator
1442,ja-JP,364,Translator
1442,es-ES,226,Translator
1442,fr-FR,164,Translator
1443,ja-JP,73,Translator
1443,ja-JP,193,Reviewer
1443,en-US,154,Translator
1443,en-US,259,Reviewer
1444,fr-FR,24,Translator
1444,pt-BR,242,Translator
1444,ja-JP,491,Translator
1444,es-ES,66,Translator
1445,en-GB,292,Translator
1445,ja-JP,73,Translator
1445,de-DE,71,Translator
1445,fr-FR,229,Translator
1446,fr-FR,158,Translator
1446,fr-FR,302,Reviewer
1447,de-DE,61,Translator
1447,de-DE,434,Reviewer
1447,fr-FR,5,Translator
1447,fr-FR,435,Reviewer
1447,ja-JP,364,Translator
1447,ja-JP,74,Reviewer
1447,it-IT,416,Translator
1447,it-IT,428,Reviewer
1447,es-ES,163,Translator
1447,es-ES,294,Reviewer
1448,de-DE,434,Translator
1448,de-DE,240,Reviewer
1448,fr-FR,33,Translator
1448,fr-FR,464,Reviewer
1448,zh-CN,111,Translator
1448,zh-CN,429,Reviewer
1449,es-ES,426,Translator
1450,de-DE,56,Translator
1450,fr-FR,244,Translator
1451,ko-KR,149,Translator
1451,ko-KR,157,Reviewer
1451,es-ES,390,Translator
1451,es-ES,426,Reviewer
1451,ja-JP,351,Translator
1451,ja-JP,211,Reviewer
1451,de-DE,144,Translator
1451,de-DE,199,Reviewer
1451,fr-FR,260,Translator
1451,fr-FR,58,Reviewer
1452,en-US,22,Translator
1452,en-US,420,Reviewer
1452,fr-FR,484,Translator
1452,fr-FR,164,Reviewer
1452,es-ES,168,Translator
1452,es-ES,200,Reviewer
1453,de-DE,434,Translator
1453,de-DE,57,Reviewer
1453,ja-JP,98,Translator
1453,ja-JP,239,Reviewer
1453,es-ES,141,Translator
1453,es-ES,263,Reviewer
1453,fr-FR,24,Translator
1453,fr-FR,435,Reviewer
1453,ko-KR,358,Translator
1453,ko-KR,297,Reviewer
1454,ja-JP,74,Translator
1454,ja-JP,317,Reviewer
1454,de-DE,57,Translator
1454,de-DE,486,Reviewer
1454,es-ES,141,Translator
1454,es-ES,483,Reviewer
1454,it-IT,416,Translator
1454,it-IT,18,Reviewer
1454,fr-FR,322,Translator
1454,fr-FR,225,Reviewer
1455,es-ES,475,Translator
1455,ko-KR,344,Translator
1455,fr-FR,260,Translator
1455,ja-JP,317,Translator
1455,de-DE,115,Translator
1456,ja-JP,491,Translator
1456,ja-JP,397,Reviewer
1456,ko-KR,102,Translator
1456,ko-KR,331,Reviewer
1457,fr-FR,406,Translator
1457,fr-FR,94,Reviewer
1457,es-ES,163,Translator
1457,es-ES,475,Reviewer
1457,ja-JP,270,Translator
1457,ja-JP,470,Reviewer
1458,fr-FR,277,Translator
1458,fr-FR,326,Reviewer
1458,it-IT,465,Translator
1458,it-IT,152,Reviewer
1458,de-DE,486,Translator
1458,de-DE,197,Reviewer
1458,nl-NL,253,Translator
1458,nl-NL,145,Reviewer
1458,es-ES,101,Translator
1458,es-ES,263,Reviewer
1459,es-ES,390,Translator
1459,es-ES,399,Reviewer
1459,ja-JP,98,Translator
1459,ja-JP,211,Reviewer
1460,de-DE,199,Translator
1460,de-DE,110,Reviewer
1460,zh-CN,2,Translator
1460,zh-CN,264,Reviewer
1460,es-ES,76,Translator
1460,es-ES,483,Reviewer
1460,fr-FR,365,Translator
1460,fr-FR,158,Reviewer
1460,ja-JP,455,Translator
1460,ja-JP,470,Reviewer
1461,ja-JP,74,Translator
1461,ja-JP,364,Reviewer
1461,de-DE,339,Translator
1461,de-DE,486,Reviewer
1462,de-DE,300,Translator
1462,de-DE,348,Reviewer
1462,es-ES,168,Translator
1462,es-ES,475,Reviewer
1462,fr-FR,369,Translator
1462,fr-FR,229,Reviewer
1462,ja-JP,221,Translator
1462,ja-JP,98,Reviewer
1463,fr-FR,3,Translator
1463,fr-FR,5,Reviewer
1464,de-DE,224,Translator
1464,de-DE,199,Reviewer
1464,fr-FR,58,Translator
1464,fr-FR,302,Reviewer
1464,ja-JP,73,Translator
1464,ja-JP,221,Reviewer
1465,ja-JP,98,Translator
1465,ja-JP,73,Reviewer
1465,es-ES,163,Translator
1465,es-ES,390,Reviewer
1466,de-DE,300,Translator
1466,ja-JP,351,Translator
1466,fr-FR,327,Translator
1466,zh-CN,312,Translator
1467,de-DE,374,Translator
1468,de-DE,177,Translator
1468,de-DE,348,Reviewer
1468,es-ES,390,Translator
1468,es-ES,223,Reviewer
1468,fr-FR,464,Translator
1468,fr-FR,380,Reviewer
1468,ja-JP,266,Translator
1468,ja-JP,491,Reviewer
1469,es-ES,66,Translator
1469,es-ES,163,Reviewer
1470,fr-FR,171,Translator
1471,it-IT,201,Translator
1471,it-IT,456,Reviewer
1471,es-ES,29,Translator
1471,es-ES,263,Reviewer
1471,de-DE,56,Translator
1471,de-DE,370,Reviewer
1471,fr-FR,459,Translator
1471,fr-FR,24,Reviewer
1472,ja-JP,95,Translator
1472,ja-JP,73,Reviewer
1472,fr-FR,82,Translator
1472,fr-FR,260,Reviewer
1473,ja-JP,397,Translator
1473,ja-JP,421,Reviewer
1473,ko-KR,246,Translator
1473,ko-KR,358,Reviewer
1473,zh-CN,42,Translator
1473,zh-CN,16,Reviewer
1473,fr-FR,180,Translator
1473,fr-FR,484,Reviewer
1474,nl-NL,119,Translator
1474,nl-NL,350,Reviewer
1474,es-ES,241,Translator
1474,es-ES,263,Reviewer
1474,de-DE,288,Translator
1474,de-DE,301,Reviewer
1474,it-IT,152,Translator
1474,it-IT,216,Reviewer
1474,fr-FR,24,Translator
1474,fr-FR,250,Reviewer
1475,en-US,259,Translator
1475,es-ES,399,Translator
1475,de-DE,61,Translator
1476,es-ES,200,Translator
1476,es-ES,141,Reviewer
1477,ko-KR,305,Translator
1477,es-ES,241,Translator
1477,fr-FR,94,Translator
1478,de-DE,199,Translator
1478,de-DE,300,Reviewer
1478,ko-KR,284,Translator
1478,ko-KR,346,Reviewer
1478,es-ES,263,Translator
1478,es-ES,483,Reviewer
1478,fr-FR,322,Translator
1478,fr-FR,82,Reviewer
1478,ja-JP,281,Translator
1478,ja-JP,455,Reviewer
1479,ja-JP,351,Translator
1479,ja-JP,239,Reviewer
1479,zh-CN,232,Translator
1479,zh-CN,376,Reviewer
1479,fr-FR,24,Translator
1479,fr-FR,326,Reviewer
1479,es-ES,390,Translator
1479,es-ES,45,Reviewer
1479,de-DE,339,Translator
1479,de-DE,301,Reviewer
1480,it-IT,428,Translator
1480,it-IT,408,Reviewer
1480,ja-JP,254,Translator
1480,ja-JP,421,Reviewer
1481,ja-JP,285,Translator
1481,ja-JP,295,Reviewer
1482,fr-FR,164,Translator
1482,fr-FR,363,Reviewer
1482,de-DE,240,Translator
1482,de-DE,78,Reviewer
1483,de-DE,288,Translator
1483,de-DE,56,Reviewer
1483,fr-FR,3,Translator
1483,fr-FR,423,Reviewer
1483,en-US,93,Translator
1483,en-US,496,Reviewer
1483,es-ES,231,Translator
1483,es-ES,101,Reviewer
1484,de-DE,424,Translator
1484,de-DE,48,Reviewer
1484,fr-FR,451,Translator
1484,fr-FR,94,Reviewer
1484,ja-JP,351,Translator
1484,ja-JP,364,Reviewer
1484,en-US,212,Translator
1484,en-US,357,Reviewer
1485,es-ES,90,Translator
1485,es-ES,399,Reviewer
1485,de-DE,97,Translator
1485,de-DE,240,Reviewer
1485,fr-FR,180,Translator
1485,fr-FR,326,Reviewer
1485,it-IT,443,Translator
1485,it-IT,385,Reviewer
1486,es-ES,29,Translator
1486,es-ES,231,Reviewer
1486,fr-FR,441,Translator
1486,fr-FR,225,Reviewer
1486,de-DE,352,Translator
1486,de-DE,370,Reviewer
1486,it-IT,18,Translator
1486,it-IT,347,Reviewer
1487,de-DE,56,Translator
1487,de-DE,374,Reviewer
1487,ja-JP,254,Translator
1487,ja-JP,320,Reviewer
1487,fr-FR,380,Translator
1487,fr-FR,444,Reviewer
1487,es-ES,483,Translator
1487,es-ES,323,Reviewer
1487,zh-CN,335,Translator
1487,zh-CN,429,Reviewer
1488,de-DE,301,Translator
1488,de-DE,177,Reviewer
1488,ja-JP,95,Translator
1488,ja-JP,351,Reviewer
1489,es-ES,155,Translator
1490,de-DE,177,Translator
1490,es-ES,161,Translator
1491,de-DE,303,Translator
1491,de-DE,300,Reviewer
1491,fr-FR,180,Translator
1491,fr-FR,369,Reviewer
1491,en-GB,324,Translator
1491,en-GB,52,Reviewer
1492,de-DE,115,Translator
1492,de-DE,199,Reviewer
1492,it-IT,465,Translator
1492,it-IT,347,Reviewer
1492,fr-FR,453,Translator
1492,fr-FR,24,Reviewer
1492,es-ES,223,Translator
1492,es-ES,200,Reviewer
1493,de-DE,288,Translator
1493,de-DE,300,Reviewer
1493,ja-JP,366,Translator
1493,ja-JP,255,Reviewer
1493,es-ES,226,Translator
1493,es-ES,168,Reviewer
1493,it-IT,47,Translator
1493,it-IT,416,Reviewer
1493,fr-FR,423,Translator
1493,fr-FR,91,Reviewer
1494,ja-JP,74,Translator
1494,de-DE,199,Translator
1494,fr-FR,260,Translator
1494,es-ES,168,Translator
1495,de-DE,199,Translator
1495,es-ES,45,Translator
1495,ja-JP,239,Translator
1495,fr-FR,464,Translator
1496,fr-FR,326,Translator
1496,es-ES,200,Translator
1496,it-IT,201,Translator
1496,pt-BR,227,Translator
1496,de-DE,110,Translator
1497,fr-FR,82,Translator
1497,fr-FR,441,Reviewer
1498,da-DK,70,Translator
1498,da-DK,409,Reviewer
1498,es-ES,390,Translator
1498,es-ES,226,Reviewer
1498,de-DE,97,Translator
1498,de-DE,303,Reviewer
1498,fr-FR,162,Translator
1498,fr-FR,5,Reviewer
1499,es-ES,475,Translator
1499,ja-JP,73,Translator
1500,ja-JP,98,Translator
1500,es-ES,168,Translator
1500,de-DE,288,Translator
1500,zh-CN,204,Translator
1500,fr-FR,369,Translator
1501,fr-FR,302,Translator
1501,fr-FR,180,Reviewer
1501,es-ES,141,Translator
1501,es-ES,241,Reviewer
1501,ja-JP,364,Translator
1501,ja-JP,270,Reviewer
1502,de-DE,240,Translator
1503,fr-FR,229,Translator
1503,fr-FR,5,Reviewer
1503,de-DE,339,Translator
1503,de-DE,97,Reviewer
1504,ko-KR,124,Translator
1504,ko-KR,246,Reviewer
1504,ja-JP,270,Translator
1504,ja-JP,366,Reviewer
1504,fr-FR,451,Translator
1504,fr-FR,406,Reviewer
1505,de-DE,61,Translator
1505,fr-FR,459,Translator
1506,es-ES,101,Translator
1506,es-ES,226,Reviewer
1506,fr-FR,91,Translator
1506,fr-FR,327,Reviewer
1507,de-DE,142,Translator
1507,de-DE,301,Reviewer
1507,es-ES,231,Translator
1507,es-ES,426,Reviewer
1507,fr-FR,162,Translator
1507,fr-FR,3,Reviewer
1507,en-US,34,Translator
1507,en-US,117,Reviewer
1508,ja-JP,193,Translator
1508,de-DE,339,Translator
1508,ko-KR,88,Translator
1508,es-ES,90,Translator
1509,es-ES,168,Translator
1509,it-IT,385,Translator
1509,fr-FR,302,Translator
1509,pt-BR,242,Translator
1509,de-DE,48,Translator
1510,de-DE,339,Translator
1510,fr-FR,33,Translator
1511,ja-JP,221,Translator
1511,en-US,212,Translator
1511,fr-FR,459,Translator
1512,fr-FR,24,Translator
1512,es-ES,241,Translator
1513,ja-JP,366,Translator
1513,ja-JP,397,Reviewer
1513,de-DE,56,Translator
1513,de-DE,348,Reviewer
1513,ko-KR,316,Translator
1513,ko-KR,321,Reviewer
1513,fr-FR,451,Translator
1513,fr-FR,180,Reviewer
1513,zh-CN,335,Translator
1513,zh-CN,308,Reviewer
1514,es-ES,200,Translator
1514,es-ES,399,Reviewer
1514,de-DE,224,Translator
1514,de-DE,110,Reviewer
1515,zh-CN,312,Translator
1515,zh-CN,319,Reviewer
1515,ko-KR,284,Translator
1515,ko-KR,149,Reviewer
1515,fr-FR,260,Translator
1515,fr-FR,363,Reviewer
1515,de-DE,61,Translator
1515,de-DE,199,Reviewer
1516,fr-FR,180,Translator
1516,fr-FR,3,Reviewer
1516,ja-JP,182,Translator
1516,ja-JP,449,Reviewer
1516,es-ES,483,Translator
1516,es-ES,161,Reviewer
1517,fr-FR,229,Translator
1517,ja-JP,281,Translator
1517,es-ES,141,Translator
1517,de-DE,370,Translator
1517,ko-KR,332,Translator
1518,fr-FR,33,Translator
1519,fr-FR,5,Translator
1519,fr-FR,24,Reviewer
1519,ja-JP,295,Translator
1519,ja-JP,74,Reviewer
1519,en-US,212,Translator
1519,en-US,154,Reviewer
1520,es-ES,163,Translator
1520,es-ES,101,Reviewer
1521,es-ES,323,Translator
1521,de-DE,142,Translator
1521,it-IT,216,Translator
1521,ja-JP,72,Translator
1521,fr-FR,423,Translator
1522,ja-JP,364,Translator
1522,ja-JP,366,Reviewer
1522,fr-FR,244,Translator
1522,fr-FR,91,Reviewer
1522,es-ES,226,Translator
1522,es-ES,323,Reviewer
1523,de-DE,301,Translator
1523,de-DE,339,Reviewer
1523,es-ES,223,Translator
1523,es-ES,163,Reviewer
1523,fr-FR,244,Translator
1523,fr-FR,369,Reviewer
1524,it-IT,428,Translator
1524,it-IT,175,Reviewer
1524,es-ES,241,Translator
1524,es-ES,390,Reviewer
1524,de-DE,240,Translator
1524,de-DE,352,Reviewer
1524,fr-FR,171,Translator
1524,fr-FR,326,Reviewer
1525,fr-FR,91,Translator
1525,fr-FR,444,Reviewer
1525,en-US,420,Translator
1525,en-US,259,Reviewer
1525,ja-JP,103,Translator
1525,ja-JP,98,Reviewer
1525,de-DE,144,Translator
1525,de-DE,71,Reviewer
1526,ja-JP,266,Translator
1526,ja-JP,421,Reviewer
1526,de-DE,144,Translator
1526,de-DE,339,Reviewer
1527,fr-FR,363,Translator
1527,fr-FR,33,Reviewer
1528,fr-FR,3,Translator
1528,fr-FR,169,Reviewer
1529,es-ES,90,Translator
1529,fr-FR,229,Translator
1529,de-DE,56,Translator
1529,ja-JP,98,Translator
1530,it-IT,216,Translator
1530,it-IT,408,Reviewer
1530,es-ES,45,Translator
1530,es-ES,200,Reviewer
1531,fr-FR,327,Translator
1531,fr-FR,406,Reviewer
1531,pl-PL,287,Translator
1531,pl-PL,60,Reviewer
1531,de-DE,78,Translator
1531,de-DE,197,Reviewer
1531,it-IT,47,Translator
1531,it-IT,428,Reviewer
1532,de-DE,288,Translator
1532,de-DE,303,Reviewer
1532,pl-PL,425,Translator
1532,pl-PL,31,Reviewer
1532,fr-FR,236,Translator
1532,fr-FR,91,Reviewer
1532,nl-NL,350,Translator
1532,nl-NL,437,Reviewer
1532,it-IT,181,Translator
1532,it-IT,492,Reviewer
1532,es-ES,29,Translator
1532,es-ES,168,Reviewer
1533,fr-FR,58,Translator
1534,de-DE,199,Translator
1534,en-US,259,Translator
1534,ja-JP,255,Translator
1535,zh-CN,16,Translator
1535,es-ES,426,Translator
1535,de-DE,300,Translator
1535,fr-FR,94,Translator
1536,nl-NL,123,Translator
1536,nl-NL,145,Reviewer
1536,fr-FR,459,Translator
1536,fr-FR,158,Reviewer
1536,it-IT,465,Translator
1536,it-IT,492,Reviewer
1536,de-DE,300,Translator
1536,de-DE,142,Reviewer
1536,es-ES,483,Translator
1536,es-ES,155,Reviewer
1537,de-DE,240,Translator
1537,de-DE,339,Reviewer
1537,it-IT,36,Translator
1537,it-IT,443,Reviewer
1537,fr-FR,171,Translator
1537,fr-FR,369,Reviewer
1537,es-ES,66,Translator
1537,es-ES,168,Reviewer
1537,pt-BR,104,Translator
1537,pt-BR,395,Reviewer
1538,ja-JP,254,Translator
1538,de-DE,303,Translator
1538,fr-FR,277,Translator
1538,es-ES,263,Translator
1539,de-DE,374,Translator
1539,ja-JP,421,Translator
1539,en-US,212,Translator
1539,fr-FR,260,Translator
1540,ja-JP,211,Translator
1540,ja-JP,98,Reviewer
1541,fr-FR,3,Translator
1541,fr-FR,164,Reviewer
1541,de-DE,78,Translator
1541,de-DE,424,Reviewer
1541,en-US,173,Translator
1541,en-US,496,Reviewer
1542,es-ES,263,Translator
1542,fr-FR,162,Translator
1543,de-DE,115,Translator
1543,de-DE,301,Reviewer
1543,ja-JP,285,Translator
1543,ja-JP,455,Reviewer
1543,it-IT,428,Translator
1543,it-IT,201,Reviewer
1543,es-ES,475,Translator
1543,es-ES,66,Reviewer
1544,ja-JP,187,Translator
1544,en-US,318,Translator
1545,es-ES,141,Translator
1546,ja-JP,266,Translator
1546,ja-JP,74,Reviewer
1547,it-IT,385,Translator
1547,fr-FR,326,Translator
1547,nl-NL,65,Translator
1547,es-ES,141,Translator
1548,fr-FR,58,Translator
1548,fr-FR,158,Reviewer
1549,fr-FR,444,Translator
1549,fr-FR,24,Reviewer
1549,es-ES,426,Translator
1549,es-ES,90,Reviewer
1550,de-DE,197,Translator
1550,de-DE,348,Reviewer
1550,ja-JP,254,Translator
1550,ja-JP,351,Reviewer
1550,es-ES,294,Translator
1550,es-ES,76,Reviewer
1550,fr-FR,236,Translator
1550,fr-FR,94,Reviewer
1550,it-IT,216,Translator
1550,it-IT,456,Reviewer
1551,it-IT,18,Translator
1551,it-IT,443,Reviewer
1551,es-ES,66,Translator
1551,es-ES,29,Reviewer
1551,ja-JP,193,Translator
1551,ja-JP,270,Reviewer
1551,de-DE,374,Translator
1551,de-DE,424,Reviewer
1551,fr-FR,82,Translator
1551,fr-FR,441,Reviewer
1552,it-IT,152,Translator
1552,es-ES,76,Translator
1553,fr-FR,459,Translator
1554,en-GB,440,Translator
1554,de-DE,71,Translator
1554,fr-FR,277,Translator
1555,ja-JP,455,Translator
1555,ja-JP,254,Reviewer
1555,fr-FR,464,Translator
1555,fr-FR,162,Reviewer
1555,es-ES,161,Translator
1555,es-ES,483,Reviewer
1555,it-IT,465,Translator
1555,it-IT,443,Reviewer
1555,de-DE,300,Translator
1555,de-DE,301,Reviewer
1556,fr-FR,180,Translator
1556,fr-FR,260,Reviewer
1557,fr-FR,58,Translator
1557,fr-FR,24,Reviewer
1557,de-DE,110,Translator
1557,de-DE,142,Reviewer
1557,ja-JP,74,Translator
1557,ja-JP,211,Reviewer
1557,es-ES,66,Translator
1557,es-ES,141,Reviewer
1558,ja-JP,397,Translator
1558,ja-JP,74,Reviewer
1558,fr-FR,441,Translator
1558,fr-FR,91,Reviewer
1558,de-DE,61,Translator
1558,de-DE,486,Reviewer
1558,ko-KR,413,Translator
1558,ko-KR,305,Reviewer
1558,es-ES,390,Translator
1558,es-ES,76,Reviewer
1559,fr-FR,260,Translator
1559,fr-FR,3,Reviewer
1559,ja-JP,494,Translator
1559,ja-JP,221,Reviewer
1559,ko-KR,445,Translator
1559,ko-KR,102,Reviewer
1560,pl-PL,402,Translator
1560,pl-PL,425,Reviewer
1560,it-IT,216,Translator
1560,it-IT,181,Reviewer
1560,de-DE,144,Translator
1560,de-DE,339,Reviewer
1560,fr-FR,94,Translator
1560,fr-FR,381,Reviewer
1560,es-ES,294,Translator
1560,es-ES,426,Reviewer
1560,nl-NL,62,Translator
1560,nl-NL,196,Reviewer
1561,es-ES,161,Translator
1561,es-ES,231,Reviewer
1561,fr-FR,24,Translator
1561,fr-FR,441,Reviewer
1561,de-DE,177,Translator
1561,de-DE,224,Reviewer
1562,zh-CN,2,Translator
1562,zh-CN,340,Reviewer
1562,ja-JP,366,Translator
1562,ja-JP,193,Reviewer
1562,fr-FR,33,Translator
1562,fr-FR,363,Reviewer
1562,de-DE,224,Translator
1562,de-DE,61,Reviewer
1563,es-ES,161,Translator
1563,de-DE,339,Translator
1563,ja-JP,449,Translator
1563,fr-FR,435,Translator
1564,de-DE,224,Translator
1564,ja-JP,281,Translator
1565,es-ES,134,Translator
1565,zh-CN,20,Translator
1565,fr-FR,5,Translator
1565,de-DE,97,Translator
1566,it-IT,152,Translator
1566,it-IT,385,Reviewer
1566,es-ES,168,Translator
1566,es-ES,223,Reviewer
1566,de-DE,115,Translator
1566,de-DE,177,Reviewer
1566,fr-FR,406,Translator
1566,fr-FR,158,Reviewer
1566,ja-JP,494,Translator
1566,ja-JP,397,Reviewer
1567,ja-JP,98,Translator
1567,fr-FR,381,Translator
1567,de-DE,144,Translator
1567,es-ES,399,Translator
1568,fr-FR,406,Translator
1568,fr-FR,484,Reviewer
1568,es-ES,155,Translator
1568,es-ES,45,Reviewer
1568,ja-JP,266,Translator
1568,ja-JP,397,Reviewer
1568,de-DE,115,Translator
1568,de-DE,48,Reviewer
1569,de-DE,110,Translator
1569,de-DE,97,Reviewer
1569,en-US,318,Translator
1569,en-US,173,Reviewer
1569,es-ES,155,Translator
1569,es-ES,390,Reviewer
1569,fr-FR,459,Translator
1569,fr-FR,441,Reviewer
1570,ja-JP,266,Translator
1570,es-ES,29,Translator
1571,ko-KR,321,Translator
1571,de-DE,110,Translator
1571,es-ES,141,Translator
1571,ja-JP,317,Translator
1571,fr-FR,91,Translator
1572,de-DE,348,Translator
1572,fr-FR,225,Translator
1572,pt-BR,289,Translator
1572,it-IT,385,Translator
1572,es-ES,66,Translator
1573,ja-JP,103,Translator
1574,fr-FR,363,Translator
1574,fr-FR,260,Reviewer
1574,ko-KR,102,Translator
1574,ko-KR,83,Reviewer
1574,es-ES,200,Translator
1574,es-ES,29,Reviewer
1574,de-DE,110,Translator
1574,de-DE,78,Reviewer
1574,ja-JP,255,Translator
1574,ja-JP,421,Reviewer
1575,nl-NL,307,Translator
1575,nl-NL,213,Reviewer
1575,fr-FR,225,Translator
1575,fr-FR,58,Reviewer
1575,es-ES,426,Translator
1575,es-ES,390,Reviewer
1576,it-IT,492,Translator
1576,it-IT,36,Reviewer
1577,it-IT,416,Translator
1577,ja-JP,270,Translator
1577,de-DE,197,Translator
1578,es-ES,141,Translator
1578,es-ES,66,Reviewer
1578,fr-FR,24,Translator
1578,fr-FR,91,Reviewer
1578,ja-JP,72,Translator
1578,ja-JP,295,Reviewer
1578,de-DE,303,Translator
1578,de-DE,197,Reviewer
1579,fr-FR,302,Translator
1580,fr-FR,250,Translator
1580,fr-FR,369,Reviewer
1580,en-US,34,Translator
1580,en-US,151,Reviewer
1581,de-DE,144,Translator
1581,de-DE,110,Reviewer
1581,ja-JP,254,Translator
1581,ja-JP,73,Reviewer
1581,es-ES,200,Translator
1581,es-ES,161,Reviewer
1581,zh-CN,2,Translator
1581,zh-CN,20,Reviewer
1582,ja-JP,193,Translator
1582,es-ES,226,Translator
1582,ko-KR,210,Translator
1582,de-DE,288,Translator
1583,es-ES,200,Translator
1583,es-ES,231,Reviewer
1583,de-DE,303,Translator
1583,de-DE,142,Reviewer
1583,nl-NL,359,Translator
1583,nl-NL,245,Reviewer
1583,pl-PL,460,Translator
1583,pl-PL,386,Reviewer
1583,it-IT,467,Translator
1583,it-IT,347,Reviewer
1584,en-GB,367,Translator
1584,en-GB,150,Reviewer
1584,fr-FR,441,Translator
1584,fr-FR,58,Reviewer
1584,de-DE,224,Translator
1584,de-DE,48,Reviewer
1585,de-DE,486,Translator
1586,zh-CN,376,Translator
1586,de-DE,110,Translator
1586,fr-FR,363,Translator
1587,en-US,34,Translator
1587,en-US,11,Reviewer
1588,nl-NL,65,Translator
1588,nl-NL,311,Reviewer
1588,de-DE,374,Translator
1588,de-DE,224,Reviewer
1588,it-IT,18,Translator
1588,it-IT,152,Reviewer
1589,pt-BR,310,Translator
1589,es-ES,231,Translator
1589,de-DE,370,Translator
1589,ja-JP,455,Translator
1589,fr-FR,225,Translator
1590,da-DK,407,Translator
1590,es-ES,231,Translator
1590,fr-FR,277,Translator
1591,es-ES,294,Translator
1591,es-ES,161,Reviewer
1591,fr-FR,464,Translator
1591,fr-FR,171,Reviewer
1591,de-DE,374,Translator
1591,de-DE,97,Reviewer
1592,es-ES,45,Translator
1592,es-ES,231,Reviewer
1592,fr-FR,441,Translator
1592,fr-FR,91,Reviewer
1592,it-IT,152,Translator
1592,it-IT,47,Reviewer
1593,es-ES,226,Translator
1593,es-ES,76,Reviewer
1593,fr-FR,453,Translator
1593,fr-FR,369,Reviewer
1594,fr-FR,33,Translator
1594,ja-JP,73,Translator
1594,ko-KR,209,Translator
1594,de-DE,303,Translator
1594,es-ES,29,Translator
1595,es-ES,101,Translator
1595,es-ES,66,Reviewer
1596,fr-FR,244,Translator
1596,ko-KR,210,Translator
1596,de-DE,142,Translator
1596,ja-JP,74,Translator
1596,es-ES,168,Translator
1597,es-ES,163,Translator
1598,ja-JP,455,Translator
1598,ja-JP,295,Reviewer
1598,de-DE,199,Translator
1598,de-DE,240,Reviewer
1598,es-ES,155,Translator
1598,es-ES,141,Reviewer
1599,es-ES,141,Translator
1599,da-DK,172,Translator
1599,fr-FR,441,Translator
1599,de-DE,142,Translator
1600,ja-JP,351,Translator
1600,ja-JP,295,Reviewer
1600,de-DE,352,Translator
1600,de-DE,199,Reviewer
1600,ko-KR,344,Translator
1600,ko-KR,490,Reviewer
1601,fr-FR,302,Translator
1601,de-DE,177,Translator
1601,es-ES,101,Translator
1602,ja-JP,187,Translator
1602,ja-JP,317,Reviewer
1602,fr-FR,91,Translator
1602,fr-FR,423,Reviewer
1603,ja-JP,397,Translator
1603,ja-JP,351,Reviewer
1604,it-IT,18,Translator
1605,de-DE,424,Translator
1605,de-DE,97,Reviewer
1606,it-IT,216,Translator
1606,it-IT,428,Reviewer
1606,de-DE,110,Translator
1606,de-DE,48,Reviewer
1606,es-ES,483,Translator
1606,es-ES,45,Reviewer
1606,fr-FR,260,Translator
1606,fr-FR,464,Reviewer
1606,nl-NL,360,Translator
1606,nl-NL,123,Reviewer
1607,es-ES,200,Translator
1607,es-ES,399,Reviewer
1607,fr-FR,363,Translator
1607,fr-FR,322,Reviewer
1607,de-DE,97,Translator
1607,de-DE,370,Reviewer
1607,da-DK,273,Translator
1607,da-DK,476,Reviewer
1608,es-ES,76,Translator
1608,es-ES,483,Reviewer
1608,fr-FR,484,Translator
1608,fr-FR,406,Reviewer
1609,es-ES,390,Translator
1609,fr-FR,381,Translator
1609,de-DE,110,Translator
1609,ja-JP,95,Translator
1609,ko-KR,267,Translator
1610,de-DE,97,Translator
1610,es-ES,294,Translator
1610,fr-FR,260,Translator
1610,ja-JP,397,Translator
1611,es-ES,223,Translator
1611,es-ES,475,Reviewer
1611,de-DE,71,Translator
1611,de-DE,142,Reviewer
1612,it-IT,467,Translator
1612,it-IT,465,Reviewer
1612,es-ES,426,Translator
1612,es-ES,483,Reviewer
1612,fr-FR,162,Translator
1612,fr-FR,180,Reviewer
1612,pt-BR,412,Translator
1612,pt-BR,268,Reviewer
1612,de-DE,434,Translator
1612,de-DE,288,Reviewer
1613,fr-FR,327,Translator
1613,fr-FR,302,Reviewer
1613,de-DE,339,Translator
1613,de-DE,110,Reviewer
1613,en-GB,440,Translator
1613,en-GB,121,Reviewer
1614,fr-FR,406,Translator
1614,fr-FR,327,Reviewer
1614,de-DE,300,Translator
1614,de-DE,224,Reviewer
1614,nl-NL,437,Translator
1614,nl-NL,87,Reviewer
1614,es-ES,155,Translator
1614,es-ES,475,Reviewer
1614,it-IT,47,Translator
1614,it-IT,347,Reviewer
1615,ja-JP,193,Translator
1616,de-DE,301,Translator
1616,de-DE,97,Reviewer
1616,fr-FR,94,Translator
1616,fr-FR,423,Reviewer
1616,ja-JP,491,Translator
1616,ja-JP,317,Reviewer
1617,es-ES,200,Translator
1617,pt-BR,310,Translator
1617,it-IT,36,Translator
1617,de-DE,199,Translator
1617,fr-FR,3,Translator
1618,zh-CN,204,Translator
1618,zh-CN,228,Reviewer
1618,fr-FR,451,Translator
1618,fr-FR,91,Reviewer
1618,es-ES,231,Translator
1618,es-ES,141,Reviewer
1619,de-DE,424,Translator
1619,de-DE,144,Reviewer
1619,fr-FR,381,Translator
1619,fr-FR,484,Reviewer
1619,es-ES,90,Translator
1619,es-ES,76,Reviewer
1620,de-DE,486,Translator
1620,de-DE,348,Reviewer
1621,de-DE,61,Translator
1621,de-DE,199,Reviewer
1621,es-ES,90,Translator
1621,es-ES,168,Reviewer
1622,de-DE,48,Translator
1622,ko-KR,243,Translator
1622,es-ES,426,Translator
1622,fr-FR,459,Translator
1622,ja-JP,285,Translator
1623,fr-FR,484,Translator
1623,ja-JP,182,Translator
1623,de-DE,486,Translator
1624,ja-JP,239,Translator
1624,ja-JP,421,Reviewer
1624,fr-FR,236,Translator
1624,fr-FR,365,Reviewer
1624,es-ES,161,Translator
1624,es-ES,223,Reviewer
1624,de-DE,97,Translator
1624,de-DE,434,Reviewer
1625,ja-JP,295,Translator
1625,ja-JP,285,Reviewer
1625,de-DE,348,Translator
1625,de-DE,303,Reviewer
1625,zh-CN,264,Translator
1625,zh-CN,2,Reviewer
1625,es-ES,76,Translator
1625,es-ES,163,Reviewer
1625,fr-FR,277,Translator
1625,fr-FR,327,Reviewer
1626,es-ES,231,Translator
1626,ja-JP,72,Translator
1626,de-DE,434,Translator
1626,fr-FR,225,Translator
1627,nl-NL,371,Translator
1627,es-ES,426,Translator
1628,es-ES,141,Translator
1628,es-ES,161,Reviewer
1628,fr-FR,158,Translator
1628,fr-FR,423,Reviewer
1628,ja-JP,364,Translator
1628,ja-JP,455,Reviewer
1629,fr-FR,91,Translator
1630,ko-KR,346,Translator
1630,ko-KR,305,Reviewer
1630,ja-JP,254,Translator
1630,ja-JP,255,Reviewer
1630,fr-FR,459,Translator
1630,fr-FR,162,Reviewer
1630,zh-CN,204,Translator
1630,zh-CN,184,Reviewer
1630,de-DE,71,Translator
1630,de-DE,309,Reviewer
1631,en-US,422,Translator
1631,en-US,21,Reviewer
1631,fr-FR,302,Translator
1631,fr-FR,5,Reviewer
1631,ja-JP,317,Translator
1631,ja-JP,494,Reviewer
1631,de-DE,78,Translator
1631,de-DE,199,Reviewer
1632,ja-JP,73,Translator
1632,ja-JP,72,Reviewer
1633,de-DE,56,Translator
1633,es-ES,399,Translator
1634,de-DE,57,Translator
1634,de-DE,424,Reviewer
1634,ja-JP,494,Translator
1634,ja-JP,421,Reviewer
1634,fr-FR,94,Translator
1634,fr-FR,33,Reviewer
1635,zh-CN,20,Translator
1635,zh-CN,204,Reviewer
1635,ja-JP,255,Translator
1635,ja-JP,74,Reviewer
1636,es-ES,223,Translator
1636,es-ES,66,Reviewer
1636,nl-NL,360,Translator
1636,nl-NL,307,Reviewer
1636,it-IT,201,Translator
1636,it-IT,385,Reviewer
1636,fr-FR,236,Translator
1636,fr-FR,441,Reviewer
1636,de-DE,57,Translator
1636,de-DE,78,Reviewer
1637,ja-JP,494,Translator
1637,de-DE,57,Translator
1637,en-US,154,Translator
1637,fr-FR,3,Translator
1638,de-DE,56,Translator
1638,de-DE,348,Reviewer
1638,it-IT,492,Translator
1638,it-IT,467,Reviewer
1638,fr-FR,158,Translator
1638,fr-FR,180,Reviewer
1638,es-ES,241,Translator
1638,es-ES,161,Reviewer
1639,de-DE,339,Translator
1639,de-DE,197,Reviewer
1639,fr-FR,453,Translator
1639,fr-FR,33,Reviewer
1639,es-ES,483,Translator
1639,es-ES,399,Reviewer
1639,zh-CN,429,Translator
1639,zh-CN,493,Reviewer
1640,fr-FR,451,Translator
1640,fr-FR,363,Reviewer
1640,en-GB,341,Translator
1640,en-GB,121,Reviewer
1640,de-DE,97,Translator
1640,de-DE,348,Reviewer
1641,zh-CN,99,Translator
1641,zh-CN,20,Reviewer
1642,fr-FR,33,Translator
1642,fr-FR,244,Reviewer
1642,de-DE,339,Translator
1642,de-DE,115,Reviewer
1642,ja-JP,281,Translator
1642,ja-JP,95,Reviewer
1642,pt-BR,395,Translator
1642,pt-BR,330,Reviewer
1642,es-ES,390,Translator
1642,es-ES,141,Reviewer
1643,ja-JP,320,Translator
1643,ja-JP,255,Reviewer
1644,de-DE,434,Translator
1644,de-DE,177,Reviewer
1644,fr-FR,277,Translator
1644,fr-FR,369,Reviewer
1644,es-ES,66,Translator
1644,es-ES,390,Reviewer
1644,ja-JP,98,Translator
1644,ja-JP,103,Reviewer
1645,ko-KR,102,Translator
1645,ko-KR,375,Reviewer
1645,de-DE,288,Translator
1645,de-DE,301,Reviewer
1645,fr-FR,158,Translator
1645,fr-FR,162,Reviewer
1645,es-ES,29,Translator
1645,es-ES,226,Reviewer
1646,it-IT,201,Translator
1646,it-IT,47,Reviewer
1646,fr-FR,441,Translator
1646,fr-FR,363,Reviewer
1647,de-DE,424,Translator
1647,de-DE,142,Reviewer
1648,es-ES,76,Translator
1649,en-US,357,Translator
1649,de-DE,197,Translator
1650,ja-JP,74,Translator
1650,ja-JP,351,Reviewer
1650,ko-KR,331,Translator
1650,ko-KR,332,Reviewer
1650,de-DE,348,Translator
1650,de-DE,110,Reviewer
1650,fr-FR,5,Translator
1650,fr-FR,164,Reviewer
1650,es-ES,134,Translator
1650,es-ES,226,Reviewer
1651,de-DE,115,Translator
1651,ja-JP,397,Translator
1651,es-ES,76,Translator
1651,ko-KR,344,Translator
1651,fr-FR,369,Translator
1652,fr-FR,464,Translator
1652,de-DE,110,Translator
1652,it-IT,443,Translator
1653,de-DE,288,Translator
1653,de-DE,97,Reviewer
1653,zh-CN,184,Translator
1653,zh-CN,429,Reviewer
1653,es-ES,323,Translator
1653,es-ES,294,Reviewer
1653,fr-FR,58,Translator
1653,fr-FR,369,Reviewer
1654,de-DE,434,Translator
1654,de-DE,224,Reviewer
1654,es-ES,223,Translator
1654,es-ES,155,Reviewer
1654,nl-NL,62,Translator
1654,nl-NL,166,Reviewer
1654,it-IT,175,Translator
1654,it-IT,347,Reviewer
1654,fr-FR,453,Translator
1654,fr-FR,58,Reviewer
1655,de-DE,348,Translator
1655,fr-FR,453,Translator
1655,it-IT,216,Translator
1656,fr-FR,169,Translator
1656,fr-FR,322,Reviewer
1656,ja-JP,98,Translator
1656,ja-JP,449,Reviewer
1656,it-IT,492,Translator
1656,it-IT,175,Reviewer
1656,de-DE,486,Translator
1656,de-DE,309,Reviewer
1656,es-ES,200,Translator
1656,es-ES,231,Reviewer
1657,de-DE,61,Translator
1657,ja-JP,103,Translator
1657,fr-FR,327,Translator
1657,es-ES,323,Translator
1658,ja-JP,187,Translator
1658,ja-JP,270,Reviewer
1658,es-ES,294,Translator
1658,es-ES,155,Reviewer
1658,ko-KR,321,Translator
1658,ko-KR,432,Reviewer
1659,ja-JP,317,Translator
1659,es-ES,294,Translator
1659,fr-FR,277,Translator
1659,de-DE,434,Translator
1660,fr-FR,164,Translator
1660,fr-FR,171,Reviewer
1660,en-US,233,Translator
1660,en-US,117,Reviewer
1660,de-DE,303,Translator
1660,de-DE,199,Reviewer
1660,ja-JP,397,Translator
1660,ja-JP,193,Reviewer
1661,de-DE,115,Translator
1661,es-ES,161,Translator
1661,fr-FR,441,Translator
1662,ko-KR,209,Translator
1662,ko-KR,375,Reviewer
1662,de-DE,110,Translator
1662,de-DE,424,Reviewer
1662,ja-JP,491,Translator
1662,ja-JP,366,Reviewer
1663,es-ES,390,Translator
1663,fr-FR,369,Translator
1663,de-DE,370,Translator
1663,it-IT,492,Translator
1663,nl-NL,253,Translator
1664,de-DE,288,Translator
1664,de-DE,61,Reviewer
1665,fr-FR,94,Translator
1665,es-ES,66,Translator
1665,de-DE,142,Translator
1666,ja-JP,421,Translator
1666,ja-JP,187,Reviewer
1666,ko-KR,207,Translator
1666,ko-KR,88,Reviewer
1666,zh-CN,232,Translator
1666,zh-CN,111,Reviewer
1667,en-GB,30,Translator
1667,fr-FR,464,Translator
1667,de-DE,348,Translator
1668,en-US,362,Translator
1668,ja-JP,72,Translator
1668,de-DE,144,Translator
1668,fr-FR,451,Translator
1669,fr-FR,423,Translator
1670,de-DE,240,Translator
1670,de-DE,57,Reviewer
1670,es-ES,163,Translator
1670,es-ES,168,Reviewer
1670,fr-FR,322,Translator
1670,fr-FR,484,Reviewer
1670,it-IT,36,Translator
1670,it-IT,443,Reviewer
1671,nl-NL,439,Translator
1671,nl-NL,123,Reviewer
1671,fr-FR,406,Translator
1671,fr-FR,444,Reviewer
1671,pl-PL,299,Translator
1671,pl-PL,386,Reviewer
1671,de-DE,56,Translator
1671,de-DE,97,Reviewer
1671,it-IT,416,Translator
1671,it-IT,152,Reviewer
1671,es-ES,426,Translator
1671,es-ES,90,Reviewer
1672,de-DE,48,Translator
1673,fr-FR,244,Translator
1673,fr-FR,363,Reviewer
1673,es-ES,141,Translator
1673,es-ES,231,Reviewer
1673,de-DE,78,Translator
1673,de-DE,61,Reviewer
1673,ja-JP,255,Translator
1673,ja-JP,103,Reviewer
1674,fr-FR,363,Translator
1674,fr-FR,365,Reviewer
1674,it-IT,18,Translator
1674,it-IT,216,Reviewer
1675,fr-FR,162,Translator
1675,fr-FR,180,Reviewer
1676,zh-CN,184,Translator
1676,zh-CN,319,Reviewer
1676,es-ES,161,Translator
1676,es-ES,66,Reviewer
1676,fr-FR,444,Translator
1676,fr-FR,3,Reviewer
1676,de-DE,78,Translator
1676,de-DE,309,Reviewer
1677,de-DE,144,Translator
1677,de-DE,197,Reviewer
1677,ja-JP,351,Translator
1677,ja-JP,317,Reviewer
1678,de-DE,301,Translator
1678,de-DE,303,Reviewer
1678,ko-KR,490,Translator
1678,ko-KR,284,Reviewer
1679,pt-BR,330,Translator
1679,pt-BR,185,Reviewer
1680,zh-CN,493,Translator
1680,fr-FR,381,Translator
1680,ko-KR,445,Translator
1680,de-DE,374,Translator
1680,ja-JP,295,Translator
1681,fr-FR,171,Translator
1681,fr-FR,484,Reviewer
1681,zh-CN,204,Translator
1681,zh-CN,312,Reviewer
1681,es-ES,294,Translator
1681,es-ES,163,Reviewer
1681,de-DE,370,Translator
1681,de-DE,177,Reviewer
1682,de-DE,57,Translator
1683,ja-JP,295,Translator
1683,es-ES,390,Translator
1683,fr-FR,162,Translator
1683,de-DE,115,Translator
1683,ko-KR,346,Translator
1684,fr-FR,380,Translator
1685,ja-JP,193,Translator
1685,ja-JP,364,Reviewer
1685,es-ES,66,Translator
1685,es-ES,76,Reviewer
1685,de-DE,57,Translator
1685,de-DE,288,Reviewer
1685,fr-FR,180,Translator
1685,fr-FR,365,Reviewer
1686,de-DE,224,Translator
1686,it-IT,18,Translator
1686,ja-JP,182,Translator
1686,es-ES,426,Translator
1686,fr-FR,441,Translator
1687,fr-FR,369,Translator
1687,fr-FR,162,Reviewer
1687,en-US,248,Translator
1687,en-US,315,Reviewer
1687,ja-JP,494,Translator
1687,ja-JP,320,Reviewer
1688,de-DE,224,Translator
1688,de-DE,486,Reviewer
1688,ja-JP,255,Translator
1688,ja-JP,95,Reviewer
1689,it-IT,152,Translator
1689,it-IT,201,Reviewer
1689,es-ES,168,Translator
1689,es-ES,294,Reviewer
1689,fr-FR,250,Translator
1689,fr-FR,164,Reviewer
1689,ja-JP,182,Translator
1689,ja-JP,187,Reviewer
1689,de-DE,48,Translator
1689,de-DE,424,Reviewer
1690,it-IT,18,Translator
1690,fr-FR,444,Translator
1690,de-DE,56,Translator
1690,es-ES,168,Translator
1691,fr-FR,363,Translator
1691,en-US,154,Translator
1691,es-ES,45,Translator
1691,de-DE,352,Translator
1692,fr-FR,435,Translator
1692,fr-FR,162,Reviewer
1692,zh-CN,335,Translator
1692,zh-CN,96,Reviewer
1693,ja-JP,320,Translator
1693,ja-JP,193,Reviewer
1693,ko-KR,331,Translator
1693,ko-KR,305,Reviewer
1694,ja-JP,98,Translator
1694,zh-CN,312,Translator
1695,de-DE,224,Translator
1695,it-IT,216,Translator
1695,fr-FR,164,Translator
1695,ja-JP,421,Translator
1695,es-ES,76,Translator
1696,de-DE,56,Translator
1696,de-DE,288,Reviewer
1696,fr-FR,441,Translator
1696,fr-FR,444,Reviewer
1696,en-GB,132,Translator
1696,en-GB,52,Reviewer
1697,nl-NL,123,Translator
1697,nl-NL,437,Reviewer
1697,de-DE,224,Translator
1697,de-DE,110,Reviewer
1698,fr-FR,369,Translator
1698,ja-JP,239,Translator
1698,de-DE,370,Translator
1698,zh-CN,136,Translator
1699,fr-FR,444,Translator
1699,ja-JP,239,Translator
1699,es-ES,90,Translator
1700,ko-KR,157,Translator
1700,de-DE,48,Translator
1700,es-ES,231,Translator
1701,fr-FR,158,Translator
1701,fr-FR,3,Reviewer
1701,ko-KR,102,Translator
1701,ko-KR,331,Reviewer
1701,ja-JP,266,Translator
1701,ja-JP,470,Reviewer
1701,es-ES,29,Translator
1701,es-ES,294,Reviewer
1701,de-DE,142,Translator
1701,de-DE,71,Reviewer
1702,fr-FR,444,Translator
1702,fr-FR,406,Reviewer
1702,en-US,173,Translator
1702,en-US,487,Reviewer
1702,ja-JP,74,Translator
1702,ja-JP,266,Reviewer
1702,de-DE,339,Translator
1702,de-DE,352,Reviewer
1703,zh-CN,96,Translator
1703,zh-CN,312,Reviewer
1703,ja-JP,317,Translator
1703,ja-JP,366,Reviewer
1703,fr-FR,369,Translator
1703,fr-FR,180,Reviewer
1703,de-DE,309,Translator
1703,de-DE,197,Reviewer
1704,de-DE,144,Translator
1704,de-DE,57,Reviewer
1704,fr-FR,164,Translator
1704,fr-FR,302,Reviewer
1704,zh-CN,204,Translator
1704,zh-CN,184,Reviewer
1705,ko-KR,102,Translator
1705,es-ES,399,Translator
1705,de-DE,348,Translator
1705,fr-FR,5,Translator
1706,de-DE,48,Translator
1706,fr-FR,326,Translator
1707,fr-FR,82,Translator
1707,fr-FR,24,Reviewer
1707,de-DE,288,Translator
1707,de-DE,61,Reviewer
1708,es-ES,323,Translator
1708,de-DE,142,Translator
1708,fr-FR,444,Translator
1708,da-DK,485,Translator
1709,de-DE,115,Translator
1709,de-DE,352,Reviewer
1709,es-ES,90,Translator
1709,es-ES,101,Reviewer
1709,it-IT,443,Translator
1709,it-IT,181,Reviewer
1709,fr-FR,180,Translator
1709,fr-FR,33,Reviewer
1709,nl-NL,62,Translator
1709,nl-NL,145,Reviewer
1710,it-IT,443,Translator
1710,it-IT,18,Reviewer
1710,es-ES,226,Translator
1710,es-ES,90,Reviewer
1710,pt-BR,104,Translator
1710,pt-BR,202,Reviewer
1710,fr-FR,277,Translator
1710,fr-FR,24,Reviewer
1710,de-DE,71,Translator
1710,de-DE,370,Reviewer
1711,es-ES,390,Translator
1711,es-ES,241,Reviewer
1711,de-DE,110,Translator
1711,de-DE,48,Reviewer
1711,fr-FR,171,Translator
1711,fr-FR,250,Reviewer
1711,ko-KR,332,Translator
1711,ko-KR,149,Reviewer
1712,de-DE,486,Translator
1712,ja-JP,449,Translator
1712,fr-FR,244,Translator
1712,es-ES,134,Translator
1712,it-IT,456,Translator
1713,en-US,233,Translator
1713,ja-JP,421,Translator
1713,fr-FR,180,Translator
1714,fr-FR,453,Translator
1714,fr-FR,94,Reviewer
1714,de-DE,199,Translator
1714,de-DE,374,Reviewer
1715,ja-JP,295,Translator
1715,ja-JP,98,Reviewer
1715,fr-FR,451,Translator
1715,fr-FR,5,Reviewer
1716,zh-CN,340,Translator
1716,zh-CN,42,Reviewer
1716,fr-FR,365,Translator
1716,fr-FR,363,Reviewer
1716,de-DE,110,Translator
1716,de-DE,61,Reviewer
1717,ko-KR,246,Translator
1717,es-ES,223,Translator
1717,ja-JP,317,Translator
1717,fr-FR,327,Translator
1717,de-DE,424,Translator
1718,en-US,383,Translator
1718,en-US,357,Reviewer
1718,de-DE,352,Translator
1718,de-DE,339,Reviewer
1718,ja-JP,211,Translator
1718,ja-JP,72,Reviewer
1718,fr-FR,229,Translator
1718,fr-FR,180,Reviewer
1719,it-IT,18,Translator
1719,it-IT,385,Reviewer
1719,pt-BR,272,Translator
1719,pt-BR,203,Reviewer
1720,de-DE,115,Translator
1720,de-DE,57,Reviewer
1720,fr-FR,5,Translator
1720,fr-FR,363,Reviewer
1720,da-DK,120,Translator
1720,da-DK,290,Reviewer
1721,de-DE,197,Translator
1721,de-DE,115,Reviewer
1721,ja-JP,295,Translator
1721,ja-JP,266,Reviewer
1722,fr-FR,3,Translator
1722,es-ES,29,Translator
1723,fr-FR,444,Translator
1724,es-ES,161,Translator
1724,es-ES,163,Reviewer
1725,fr-FR,302,Translator
1725,fr-FR,453,Reviewer
1725,it-IT,18,Translator
1725,it-IT,175,Reviewer
1725,de-DE,144,Translator
1725,de-DE,370,Reviewer
1725,es-ES,390,Translator
1725,es-ES,76,Reviewer
1726,ko-KR,284,Translator
1726,ko-KR,246,Reviewer
1726,de-DE,142,Translator
1726,de-DE,71,Reviewer
1726,ja-JP,295,Translator
1726,ja-JP,255,Reviewer
1726,fr-FR,164,Translator
1726,fr-FR,444,Reviewer
1726,es-ES,29,Translator
1726,es-ES,323,Reviewer
1727,ja-JP,98,Translator
1727,it-IT,385,Translator
1728,it-IT,152,Translator
1728,de-DE,61,Translator
1729,ja-JP,239,Translator
1729,ja-JP,72,Reviewer
1729,de-DE,144,Translator
1729,de-DE,434,Reviewer
1729,zh-CN,2,Translator
1729,zh-CN,429,Reviewer
1729,fr-FR,484,Translator
1729,fr-FR,365,Reviewer
1729,ko-KR,321,Translator
1729,ko-KR,316,Reviewer
1730,it-IT,443,Translator
1730,it-IT,152,Reviewer
1730,fr-FR,171,Translator
1730,fr-FR,94,Reviewer
1731,fr-FR,302,Translator
1731,fr-FR,164,Reviewer
1731,ja-JP,364,Translator
1731,ja-JP,221,Reviewer
1731,ko-KR,235,Translator
1731,ko-KR,157,Reviewer
1731,de-DE,348,Translator
1731,de-DE,110,Reviewer
1731,es-ES,426,Translator
1731,es-ES,101,Reviewer
1732,ko-KR,149,Translator
1732,ko-KR,344,Reviewer
1732,ja-JP,421,Translator
1732,ja-JP,285,Reviewer
1733,fr-FR,33,Translator
1733,fr-FR,302,Reviewer
1733,ko-KR,297,Translator
1733,ko-KR,413,Reviewer
1733,ja-JP,285,Translator
1733,ja-JP,182,Reviewer
1733,es-ES,226,Translator
1733,es-ES,399,Reviewer
1733,de-DE,224,Translator
1733,de-DE,339,Reviewer
1734,fr-FR,260,Translator
1734,fr-FR,229,Reviewer
1734,en-US,248,Translator
1734,en-US,173,Reviewer
1734,de-DE,352,Translator
1734,de-DE,56,Reviewer
1734,ja-JP,494,Translator
1734,ja-JP,364,Reviewer
1735,en-GB,480,Translator
1735,en-GB,178,Reviewer
1735,fr-FR,423,Translator
1735,fr-FR,363,Reviewer
1735,ja-JP,103,Translator
1735,ja-JP,239,Reviewer
1735,es-ES,475,Translator
1735,es-ES,399,Reviewer
1735,de-DE,97,Translator
1735,de-DE,309,Reviewer
1736,de-DE,177,Translator
1736,fr-FR,24,Translator
1736,es-ES,483,Translator
1736,zh-CN,42,Translator
1737,ko-KR,102,Translator
1737,fr-FR,94,Translator
1737,zh-CN,184,Translator
1738,de-DE,370,Translator
1738,de-DE,78,Reviewer
1738,fr-FR,277,Translator
1738,fr-FR,302,Reviewer
1738,es-ES,241,Translator
1738,es-ES,426,Reviewer
1738,ja-JP,255,Translator
1738,ja-JP,455,Reviewer
1739,zh-CN,96,Translator
1739,zh-CN,308,Reviewer
1740,ja-JP,266,Translator
1740,ja-JP,366,Reviewer
1740,ko-KR,305,Translator
1740,ko-KR,316,Reviewer
1740,fr-FR,444,Translator
1740,fr-FR,169,Reviewer
1741,ja-JP,254,Translator
1741,ja-JP,73,Reviewer
1741,en-US,154,Translator
1741,en-US,22,Reviewer
1741,de-DE,224,Translator
1741,de-DE,115,Reviewer
1742,fr-FR,444,Translator
1742,fr-FR,464,Reviewer
1742,de-DE,48,Translator
1742,de-DE,115,Reviewer
1742,ja-JP,72,Translator
1742,ja-JP,211,Reviewer
1742,en-US,248,Translator
1742,en-US,384,Reviewer
1743,fr-FR,435,Translator
1743,ja-JP,72,Translator
1743,zh-CN,489,Translator
1743,de-DE,370,Translator
1744,ja-JP,295,Translator
1744,ja-JP,270,Reviewer
1744,ko-KR,124,Translator
1744,ko-KR,413,Reviewer
1744,fr-FR,444,Translator
1744,fr-FR,369,Reviewer
1745,ko-KR,102,Translator
1745,ko-KR,405,Reviewer
1745,fr-FR,260,Translator
1745,fr-FR,158,Reviewer
1745,ja-JP,103,Translator
1745,ja-JP,320,Reviewer
1745,de-DE,486,Translator
1745,de-DE,110,Reviewer
1745,es-ES,168,Translator
1745,es-ES,475,Reviewer
1746,zh-CN,184,Translator
1746,zh-CN,493,Reviewer
1746,de-DE,370,Translator
1746,de-DE,142,Reviewer
1746,ja-JP,351,Translator
1746,ja-JP,397,Reviewer
1747,de-DE,177,Translator
1747,de-DE,309,Reviewer
1747,es-ES,101,Translator
1747,es-ES,45,Reviewer
1747,fr-FR,277,Translator
1747,fr-FR,326,Reviewer
1748,fr-FR,453,Translator
1748,fr-FR,365,Reviewer
1748,de-DE,224,Translator
1748,de-DE,144,Reviewer
1748,en-GB,324,Translator
1748,en-GB,367,Reviewer
1749,fr-FR,464,Translator
1749,fr-FR,484,Reviewer
1749,it-IT,47,Translator
1749,it-IT,175,Reviewer
1749,de-DE,339,Translator
1749,de-DE,97,Reviewer
1749,es-ES,226,Translator
1749,es-ES,323,Reviewer
1749,ja-JP,421,Translator
1749,ja-JP,285,Reviewer
1750,zh-CN,106,Translator
1750,zh-CN,2,Reviewer
1750,ja-JP,364,Translator
1750,ja-JP,211,Reviewer
1750,fr-FR,302,Translator
1750,fr-FR,406,Reviewer
1750,de-DE,199,Translator
1750,de-DE,71,Reviewer
1750,ko-KR,267,Translator
1750,ko-KR,432,Reviewer
1751,fr-FR,236,Translator
1751,fr-FR,302,Reviewer
1751,de-DE,370,Translator
1751,de-DE,486,Reviewer
1751,zh-CN,429,Translator
1751,zh-CN,42,Reviewer
1752,es-ES,66,Translator
1752,ja-JP,254,Translator
1752,de-DE,48,Translator
1752,fr-FR,451,Translator
1753,nl-NL,360,Translator
1753,nl-NL,213,Reviewer
1754,fr-FR,441,Translator
1754,da-DK,393,Translator
1754,de-DE,224,Translator
1755,es-ES,45,Translator
1755,es-ES,90,Reviewer
1755,it-IT,416,Translator
1755,it-IT,181,Reviewer
1756,fr-FR,169,Translator
1756,fr-FR,94,Reviewer
1756,da-DK,485,Translator
1756,da-DK,138,Reviewer
1756,de-DE,97,Translator
1756,de-DE,199,Reviewer
1756,es-ES,426,Translator
1756,es-ES,241,Reviewer
1757,fr-FR,464,Translator
1757,fr-FR,327,Reviewer
1757,en-GB,44,Translator
1757,en-GB,30,Reviewer
1757,de-DE,288,Translator
1757,de-DE,97,Reviewer
1758,de-DE,115,Translator
1758,de-DE,240,Reviewer
1759,fr-FR,369,Translator
1759,fr-FR,58,Reviewer
1759,en-GB,121,Translator
1759,en-GB,480,Reviewer
1759,de-DE,288,Translator
1759,de-DE,339,Reviewer
1760,fr-FR,453,Translator
1760,fr-FR,441,Reviewer
1760,ko-KR,316,Translator
1760,ko-KR,331,Reviewer
1760,ja-JP,366,Translator
1760,ja-JP,187,Reviewer
1760,de-DE,48,Translator
1760,de-DE,348,Reviewer
1760,es-ES,231,Translator
1760,es-ES,155,Reviewer
1761,da-DK,273,Translator
1761,de-DE,486,Translator
1761,fr-FR,91,Translator
1761,es-ES,475,Translator
1762,fr-FR,94,Translator
1762,de-DE,352,Translator
1762,ja-JP,187,Translator
1762,es-ES,475,Translator
1763,de-DE,424,Translator
1763,de-DE,301,Reviewer
1764,ja-JP,317,Translator
1764,ja-JP,421,Reviewer
1764,de-DE,309,Translator
1764,de-DE,240,Reviewer
1764,es-ES,294,Translator
1764,es-ES,390,Reviewer
1765,fr-FR,158,Translator
1765,de-DE,224,Translator
1765,en-GB,68,Translator
1766,ja-JP,320,Translator
1766,de-DE,144,Translator
1766,fr-FR,363,Translator
1766,es-ES,45,Translator
1767,fr-FR,225,Translator
1767,fr-FR,180,Reviewer
1768,es-ES,241,Translator
1768,fr-FR,423,Translator
1769,fr-FR,444,Translator
1769,fr-FR,441,Reviewer
1770,de-DE,339,Translator
1770,de-DE,177,Reviewer
1770,zh-CN,50,Translator
1770,zh-CN,319,Reviewer
1770,fr-FR,326,Translator
1770,fr-FR,453,Reviewer
1771,es-ES,323,Translator
1771,es-ES,241,Reviewer
1771,ja-JP,254,Translator
1771,ja-JP,285,Reviewer
1771,fr-FR,91,Translator
1771,fr-FR,451,Reviewer
1771,de-DE,370,Translator
1771,de-DE,374,Reviewer
1772,es-ES,155,Translator
1772,es-ES,141,Reviewer
1772,pt-BR,418,Translator
1772,pt-BR,330,Reviewer
1772,de-DE,197,Translator
1772,de-DE,352,Reviewer
1772,fr-FR,229,Translator
1772,fr-FR,33,Reviewer
1772,ja-JP,364,Translator
1772,ja-JP,494,Reviewer
1773,ja-JP,470,Translator
1773,ja-JP,295,Reviewer
1773,es-ES,29,Translator
1773,es-ES,399,Reviewer
1773,de-DE,48,Translator
1773,de-DE,288,Reviewer
1773,fr-FR,229,Translator
1773,fr-FR,435,Reviewer
1774,pt-BR,430,Translator
1774,pt-BR,222,Reviewer
1775,en-US,420,Translator
1775,en-US,384,Reviewer
1775,de-DE,303,Translator
1775,de-DE,486,Reviewer
1775,ja-JP,421,Translator
1775,ja-JP,366,Reviewer
1775,fr-FR,260,Translator
1775,fr-FR,244,Reviewer
1776,de-DE,144,Translator
1776,de-DE,240,Reviewer
1776,ja-JP,351,Translator
1776,ja-JP,491,Reviewer
1776,es-ES,390,Translator
1776,es-ES,426,Reviewer
1777,ja-JP,193,Translator
1777,ja-JP,470,Reviewer
1777,de-DE,374,Translator
1777,de-DE,142,Reviewer
1777,fr-FR,244,Translator
1777,fr-FR,94,Reviewer
1777,es-ES,45,Translator
1777,es-ES,231,Reviewer
1778,es-ES,200,Translator
1778,es-ES,323,Reviewer
1778,ko-KR,432,Translator
1778,ko-KR,405,Reviewer
1779,fr-FR,164,Translator
1779,fr-FR,380,Reviewer
1779,ja-JP,98,Translator
1779,ja-JP,255,Reviewer
1779,de-DE,309,Translator
1779,de-DE,374,Reviewer
1780,ja-JP,491,Translator
1780,ja-JP,221,Reviewer
1780,ko-KR,210,Translator
1780,ko-KR,332,Reviewer
1781,de-DE,110,Translator
1781,es-ES,161,Translator
1781,fr-FR,380,Translator
1781,ko-KR,405,Translator
1781,ja-JP,239,Translator
1782,fr-FR,453,Translator
1782,es-ES,76,Translator
1782,de-DE,348,Translator
1782,ja-JP,254,Translator
1783,fr-FR,5,Translator
1783,fr-FR,244,Reviewer
1783,zh-CN,106,Translator
1783,zh-CN,204,Reviewer
1783,es-ES,294,Translator
1783,es-ES,399,Reviewer
1783,de-DE,288,Translator
1783,de-DE,97,Reviewer
1784,fr-FR,484,Translator
1784,fr-FR,441,Reviewer
1785,de-DE,144,Translator
1785,de-DE,339,Reviewer
1785,fr-FR,453,Translator
1785,fr-FR,33,Reviewer
1785,ja-JP,266,Translator
1785,ja-JP,449,Reviewer
1785,es-ES,323,Translator
1785,es-ES,475,Reviewer
1786,fr-FR,453,Translator
1786,fr-FR,369,Reviewer
1786,zh-CN,204,Translator
1786,zh-CN,319,Reviewer
1786,ja-JP,455,Translator
1786,ja-JP,221,Reviewer
1786,de-DE,224,Translator
1786,de-DE,300,Reviewer
1786,ko-KR,358,Translator
1786,ko-KR,207,Reviewer
1787,zh-CN,429,Translator
1787,zh-CN,308,Reviewer
1787,de-DE,144,Translator
1787,de-DE,224,Reviewer
1787,fr-FR,451,Translator
1787,fr-FR,58,Reviewer
1787,ko-KR,243,Translator
1787,ko-KR,297,Reviewer
1787,ja-JP,281,Translator
1787,ja-JP,211,Reviewer
1788,fr-FR,180,Translator
1789,ja-JP,211,Translator
1789,ja-JP,364,Reviewer
1789,fr-FR,24,Translator
1789,fr-FR,435,Reviewer
1789,es-ES,426,Translator
1789,es-ES,134,Reviewer
1789,de-DE,56,Translator
1789,de-DE,240,Reviewer
1790,de-DE,309,Translator
1790,de-DE,348,Reviewer
1790,en-US,34,Translator
1790,en-US,487,Reviewer
1790,es-ES,226,Translator
1790,es-ES,231,Reviewer
1791,fr-FR,327,Translator
1791,ko-KR,124,Translator
1791,es-ES,399,Translator
1792,fr-FR,171,Translator
1793,fr-FR,277,Translator
1793,fr-FR,5,Reviewer
1793,ja-JP,320,Translator
1793,ja-JP,351,Reviewer
1793,zh-CN,2,Translator
1793,zh-CN,312,Reviewer
1793,es-ES,241,Translator
1793,es-ES,294,Reviewer
1793,de-DE,97,Translator
1793,de-DE,199,Reviewer
1794,es-ES,294,Translator
1794,ja-JP,103,Translator
1795,fr-FR,162,Translator
1795,de-DE,97,Translator
1795,ja-JP,182,Translator
1795,en-US,487,Translator
1796,es-ES,426,Translator
1796,es-ES,241,Reviewer
1796,de-DE,144,Translator
1796,de-DE,142,Reviewer
1796,zh-CN,2,Translator
1796,zh-CN,111,Reviewer
1796,fr-FR,171,Translator
1796,fr-FR,369,Reviewer
1797,de-DE,301,Translator
1797,es-ES,294,Translator
1798,de-DE,303,Translator
1799,fr-FR,302,Translator
1799,fr-FR,158,Reviewer
1799,de-DE,300,Translator
1799,de-DE,144,Reviewer
1800,fr-FR,24,Translator
1800,fr-FR,171,Reviewer
1800,zh-CN,106,Translator
1800,zh-CN,20,Reviewer
1801,de-DE,370,Translator
1801,de-DE,71,Reviewer
1801,fr-FR,363,Translator
1801,fr-FR,277,Reviewer
1801,it-IT,201,Translator
1801,it-IT,181,Reviewer
1802,ja-JP,266,Translator
1802,de-DE,110,Translator
1803,de-DE,144,Translator
1803,de-DE,352,Reviewer
1803,es-ES,399,Translator
1803,es-ES,475,Reviewer
1803,fr-FR,302,Translator
1803,fr-FR,94,Reviewer
1803,ko-KR,210,Translator
1803,ko-KR,331,Reviewer
1803,ja-JP,266,Translator
1803,ja-JP,98,Reviewer
1804,es-ES,155,Translator
1804,es-ES,390,Reviewer
1804,fr-FR,33,Translator
1804,fr-FR,180,Reviewer
1804,de-DE,71,Translator
1804,de-DE,78,Reviewer
1804,it-IT,216,Translator
1804,it-IT,385,Reviewer
1804,ja-JP,270,Translator
1804,ja-JP,281,Reviewer
1805,zh-CN,20,Translator
1805,zh-CN,184,Reviewer
1805,ja-JP,255,Translator
1805,ja-JP,449,Reviewer
1805,fr-FR,484,Translator
1805,fr-FR,302,Reviewer
1805,de-DE,486,Translator
1805,de-DE,56,Reviewer
1805,es-ES,294,Translator
1805,es-ES,141,Reviewer
1806,de-DE,348,Translator
1806,de-DE,177,Reviewer
1806,fr-FR,277,Translator
1806,fr-FR,327,Reviewer
1806,ja-JP,239,Translator
1806,ja-JP,366,Reviewer
1806,pt-BR,310,Translator
1806,pt-BR,12,Reviewer
1806,es-ES,90,Translator
1806,es-ES,45,Reviewer
1807,de-DE,56,Translator
1807,de-DE,224,Reviewer
1807,ko-KR,124,Translator
1807,ko-KR,297,Reviewer
1807,fr-FR,236,Translator
1807,fr-FR,58,Reviewer
1807,ja-JP,182,Translator
1807,ja-JP,266,Reviewer
1808,de-DE,142,Translator
1808,de-DE,115,Reviewer
1809,fr-FR,326,Translator
1809,ja-JP,295,Translator
1809,de-DE,115,Translator
1810,zh-CN,497,Translator
1810,de-DE,240,Translator
1810,es-ES,200,Translator
1810,fr-FR,94,Translator
1810,ja-JP,397,Translator
1811,pt-BR,131,Translator
1811,pt-BR,46,Reviewer
1811,it-IT,492,Translator
1811,it-IT,216,Reviewer
1811,fr-FR,464,Translator
1811,fr-FR,82,Reviewer
1811,es-ES,390,Translator
1811,es-ES,90,Reviewer
1811,de-DE,240,Translator
1811,de-DE,348,Reviewer
1812,de-DE,352,Translator
1812,es-ES,483,Translator
1812,it-IT,18,Translator
1812,fr-FR,365,Translator
1812,ja-JP,221,Translator
1813,es-ES,29,Translator
1813,it-IT,456,Translator
1814,de-DE,352,Translator
1814,es-ES,200,Translator
1814,pt-BR,46,Translator
1815,fr-FR,162,Translator
1815,ja-JP,103,Translator
1815,es-ES,90,Translator
1816,it-IT,492,Translator
1816,it-IT,216,Reviewer
1816,fr-FR,5,Translator
1816,fr-FR,327,Reviewer
1816,es-ES,200,Translator
1816,es-ES,161,Reviewer
1816,de-DE,142,Translator
1816,de-DE,224,Reviewer
1817,ja-JP,285,Translator
1817,ja-JP,366,Reviewer
1817,en-US,248,Translator
1817,en-US,154,Reviewer
1818,it-IT,18,Translator
1818,it-IT,385,Reviewer
1818,de-DE,177,Translator
1818,de-DE,197,Reviewer
1818,es-ES,163,Translator
1818,es-ES,168,Reviewer
1818,ja-JP,295,Translator
1818,ja-JP,221,Reviewer
1818,fr-FR,33,Translator
1818,fr-FR,162,Reviewer
1819,de-DE,199,Translator
1819,de-DE,97,Reviewer
1819,fr-FR,302,Translator
1819,fr-FR,380,Reviewer
1819,ja-JP,72,Translator
1819,ja-JP,281,Reviewer
1819,es-ES,231,Translator
1819,es-ES,241,Reviewer
1820,fr-FR,444,Translator
1820,de-DE,303,Translator
1820,en-GB,472,Translator
1821,en-US,212,Translator
1821,de-DE,374,Translator
1822,fr-FR,180,Translator
1822,fr-FR,229,Reviewer
1822,zh-CN,376,Translator
1822,zh-CN,50,Reviewer
1822,de-DE,240,Translator
1822,de-DE,199,Reviewer
1823,es-ES,134,Translator
1823,es-ES,323,Reviewer
1823,fr-FR,464,Translator
1823,fr-FR,33,Reviewer
1823,de-DE,115,Translator
1823,de-DE,348,Reviewer
1824,en-GB,313,Translator
1824,en-GB,44,Reviewer
1824,fr-FR,5,Translator
1824,fr-FR,444,Reviewer
1824,de-DE,78,Translator
1824,de-DE,352,Reviewer
1825,zh-CN,493,Translator
1825,zh-CN,106,Reviewer
1826,de-DE,197,Translator
1826,de-DE,303,Reviewer
1826,fr-FR,327,Translator
1826,fr-FR,162,Reviewer
1826,it-IT,443,Translator
1826,it-IT,18,Reviewer
1826,es-ES,101,Translator
1826,es-ES,426,Reviewer
1826,nl-NL,123,Translator
1826,nl-NL,119,Reviewer
1827,de-DE,56,Translator
1827,de-DE,303,Reviewer
1827,ja-JP,266,Translator
1827,ja-JP,239,Reviewer
1827,fr-FR,302,Translator
1827,fr-FR,5,Reviewer
1828,fr-FR,363,Translator
1828,fr-FR,91,Reviewer
1828,de-DE,224,Translator
1828,de-DE,374,Reviewer
1828,it-IT,36,Translator
1828,it-IT,456,Reviewer
1828,es-ES,390,Translator
1828,es-ES,226,Reviewer
1828,nl-NL,62,Translator
1828,nl-NL,499,Reviewer
1829,ko-KR,102,Translator
1829,ko-KR,235,Reviewer
1829,fr-FR,91,Translator
1829,fr-FR,171,Reviewer
1829,es-ES,45,Translator
1829,es-ES,66,Reviewer
1829,ja-JP,182,Translator
1829,ja-JP,317,Reviewer
1830,es-ES,134,Translator
1830,es-ES,161,Reviewer
1831,ja-JP,211,Translator
1831,ja-JP,320,Reviewer
1831,fr-FR,24,Translator
1831,fr-FR,406,Reviewer
1831,it-IT,443,Translator
1831,it-IT,467,Reviewer
1831,de-DE,486,Translator
1831,de-DE,78,Reviewer
1831,es-ES,76,Translator
1831,es-ES,223,Reviewer
1832,fr-FR,169,Translator
1832,fr-FR,58,Reviewer
1832,ja-JP,285,Translator
1832,ja-JP,351,Reviewer
1832,ko-KR,179,Translator
1832,ko-KR,344,Reviewer
1832,de-DE,110,Translator
1832,de-DE,374,Reviewer
1832,es-ES,399,Translator
1832,es-ES,141,Reviewer
1833,es-ES,294,Translator
1833,ko-KR,346,Translator
1833,fr-FR,58,Translator
1833,de-DE,352,Translator
1833,ja-JP,317,Translator
1834,ja-JP,103,Translator
1834,ja-JP,317,Reviewer
1835,de-DE,197,Translator
1835,de-DE,424,Reviewer
1835,ja-JP,320,Translator
1835,ja-JP,317,Reviewer
1835,es-ES,90,Translator
1835,es-ES,76,Reviewer
1835,fr-FR,3,Translator
1835,fr-FR,322,Reviewer
1836,ko-KR,207,Translator
1836,ko-KR,83,Reviewer
1836,es-ES,231,Translator
1836,es-ES,66,Reviewer
1836,de-DE,78,Translator
1836,de-DE,97,Reviewer
1836,fr-FR,365,Translator
1836,fr-FR,24,Reviewer
1837,de-DE,434,Translator
1837,es-ES,45,Translator
1837,ja-JP,470,Translator
1837,fr-FR,451,Translator
1838,fr-FR,158,Translator
1838,fr-FR,164,Reviewer
1838,ja-JP,281,Translator
1838,ja-JP,187,Reviewer
1839,de-DE,309,Translator
1839,fr-FR,381,Translator
1839,ja-JP,266,Translator
1839,es-ES,475,Translator
1840,de-DE,115,Translator
1840,de-DE,78,Reviewer
1840,ja-JP,266,Translator
1840,ja-JP,421,Reviewer
1840,fr-FR,33,Translator
1840,fr-FR,302,Reviewer
1840,es-ES,161,Translator
1840,es-ES,390,Reviewer
1841,es-ES,263,Translator
1841,fr-FR,277,Translator
1841,ko-KR,284,Translator
1841,de-DE,352,Translator
1842,fr-FR,444,Translator
1842,fr-FR,451,Reviewer
1842,ja-JP,470,Translator
1842,ja-JP,266,Reviewer
1842,es-ES,101,Translator
1842,es-ES,294,Reviewer
1842,ko-KR,445,Translator
1842,ko-KR,149,Reviewer
1842,de-DE,56,Translator
1842,de-DE,199,Reviewer
1843,ja-JP,182,Translator
1843,ja-JP,98,Reviewer
1843,fr-FR,164,Translator
1843,fr-FR,444,Reviewer
1843,es-ES,426,Translator
1843,es-ES,483,Reviewer
1844,zh-CN,493,Translator
1844,zh-CN,2,Reviewer
1845,it-IT,47,Translator
1846,es-ES,101,Translator
1846,es-ES,226,Reviewer
1846,fr-FR,453,Translator
1846,fr-FR,451,Reviewer
1846,en-US,21,Translator
1846,en-US,233,Reviewer
1847,es-ES,155,Translator
1847,es-ES,226,Reviewer
1847,fr-FR,365,Translator
1847,fr-FR,326,Reviewer
1847,ja-JP,281,Translator
1847,ja-JP,317,Reviewer
1847,de-DE,144,Translator
1847,de-DE,71,Reviewer
1848,ja-JP,366,Translator
1848,ja-JP,491,Reviewer
1849,de-DE,115,Translator
1849,de-DE,288,Reviewer
1849,es-ES,223,Translator
1849,es-ES,29,Reviewer
1849,zh-CN,335,Translator
1849,zh-CN,232,Reviewer
1850,en-GB,480,Translator
1850,de-DE,424,Translator
1851,it-IT,18,Translator
1851,it-IT,456,Reviewer
1851,de-DE,486,Translator
1851,de-DE,424,Reviewer
1851,pl-PL,188,Translator
1851,pl-PL,299,Reviewer
1852,zh-CN,50,Translator
1852,fr-FR,236,Translator
1853,de-DE,424,Translator
1853,ja-JP,221,Translator
1854,es-ES,101,Translator
1854,es-ES,200,Reviewer
1854,pt-BR,330,Translator
1854,pt-BR,160,Reviewer
1854,ja-JP,266,Translator
1854,ja-JP,295,Reviewer
1855,de-DE,224,Translator
1855,de-DE,352,Reviewer
1855,nl-NL,166,Translator
1855,nl-NL,350,Reviewer
1856,de-DE,240,Translator
1856,de-DE,301,Reviewer
1857,en-GB,396,Translator
1857,fr-FR,236,Translator
1857,de-DE,48,Translator
1858,ja-JP,266,Translator
1859,ja-JP,72,Translator
1859,ja-JP,449,Reviewer
1859,de-DE,348,Translator
1859,de-DE,352,Reviewer
1859,es-ES,323,Translator
1859,es-ES,155,Reviewer
1859,ko-KR,246,Translator
1859,ko-KR,217,Reviewer
1859,fr-FR,406,Translator
1859,fr-FR,381,Reviewer
1860,fr-FR,381,Translator
1860,fr-FR,33,Reviewer
1861,it-IT,443,Translator
1861,it-IT,47,Reviewer
1862,zh-CN,50,Translator
1862,fr-FR,484,Translator
1862,es-ES,241,Translator
1862,ja-JP,281,Translator
1862,de-DE,303,Translator
1863,fr-FR,381,Translator
1863,fr-FR,162,Reviewer
1864,de-DE,300,Translator
1865,fr-FR,260,Translator
1865,de-DE,71,Translator
1865,ko-KR,243,Translator
1865,ja-JP,281,Translator
1865,zh-CN,16,Translator
1866,fr-FR,464,Translator
1866,de-DE,71,Translator
1866,zh-CN,312,Translator
1867,de-DE,374,Translator
1867,de-DE,71,Reviewer
1867,ja-JP,470,Translator
1867,ja-JP,254,Reviewer
1867,es-ES,399,Translator
1867,es-ES,483,Reviewer
1868,ko-KR,102,Translator
1868,ja-JP,364,Translator
1868,de-DE,309,Translator
1868,fr-FR,327,Translator
1868,es-ES,155,Translator
1869,fr-FR,94,Translator
1869,de-DE,224,Translator
1869,en-GB,30,Translator
1869,ja-JP,72,Translator
1869,es-ES,163,Translator
1870,fr-FR,171,Translator
1870,fr-FR,435,Reviewer
1870,ja-JP,74,Translator
1870,ja-JP,351,Reviewer
1870,es-ES,241,Translator
1870,es-ES,223,Reviewer
1870,de-DE,56,Translator
1870,de-DE,177,Reviewer
1871,fr-FR,327,Translator
1872,ja-JP,366,Translator
1872,ja-JP,364,Reviewer
1872,de-DE,197,Translator
1872,de-DE,301,Reviewer
1873,ja-JP,281,Translator
1873,fr-FR,3,Translator
1873,de-DE,374,Translator
1874,en-US,151,Translator
1874,en-US,22,Reviewer
1874,de-DE,348,Translator
1874,de-DE,434,Reviewer
1874,ja-JP,494,Translator
1874,ja-JP,320,Reviewer
1874,fr-FR,363,Translator
1874,fr-FR,327,Reviewer
1875,es-ES,161,Translator
1875,fr-FR,406,Translator
1875,da-DK,393,Translator
1875,de-DE,424,Translator
1876,en-US,248,Translator
1876,de-DE,309,Translator
1877,es-ES,66,Translator
1877,es-ES,101,Reviewer
1877,ja-JP,266,Translator
1877,ja-JP,317,Reviewer
1877,de-DE,288,Translator
1877,de-DE,97,Reviewer
1878,es-ES,76,Translator
1878,es-ES,134,Reviewer
1878,fr-FR,236,Translator
1878,fr-FR,158,Reviewer
1878,ko-KR,305,Translator
1878,ko-KR,344,Reviewer
1878,ja-JP,239,Translator
1878,ja-JP,187,Reviewer
1878,de-DE,177,Translator
1878,de-DE,348,Reviewer
1879,de-DE,339,Translator
1879,it-IT,347,Translator
1879,fr-FR,82,Translator
1879,ja-JP,449,Translator
1879,es-ES,200,Translator
1880,fr-FR,5,Translator
1880,fr-FR,91,Reviewer
1880,it-IT,47,Translator
1880,it-IT,385,Reviewer
1880,es-ES,263,Translator
1880,es-ES,29,Reviewer
1880,ja-JP,281,Translator
1880,ja-JP,266,Reviewer
1880,de-DE,48,Translator
1880,de-DE,352,Reviewer
1881,fr-FR,94,Translator
1881,de-DE,240,Translator
1881,it-IT,18,Translator
1881,ja-JP,364,Translator
1881,es-ES,241,Translator
1882,zh-CN,495,Translator
1882,de-DE,352,Translator
1882,ja-JP,351,Translator
1882,fr-FR,363,Translator
1883,es-ES,231,Translator
1883,fr-FR,91,Translator
1883,it-IT,416,Translator
1883,de-DE,78,Translator
1884,de-DE,56,Translator
1884,zh-CN,308,Translator
1885,fr-FR,381,Translator
1885,es-ES,390,Translator
1885,ja-JP,95,Translator
1885,de-DE,352,Translator
1886,ja-JP,494,Translator
1886,ja-JP,73,Reviewer
1886,en-US,357,Translator
1886,en-US,212,Reviewer
1886,de-DE,56,Translator
1886,de-DE,144,Reviewer
1887,fr-FR,225,Translator
1887,fr-FR,229,Reviewer
1887,de-DE,199,Translator
1887,de-DE,301,Reviewer
1887,zh-CN,335,Translator
1887,zh-CN,204,Reviewer
1888,fr-FR,380,Translator
1888,fr-FR,484,Reviewer
1888,en-GB,292,Translator
1888,en-GB,341,Reviewer
1888,de-DE,348,Translator
1888,de-DE,71,Reviewer
1889,en-GB,446,Translator
1889,en-GB,178,Reviewer
1889,ja-JP,255,Translator
1889,ja-JP,74,Reviewer
1889,fr-FR,33,Translator
1889,fr-FR,302,Reviewer
1889,de-DE,57,Translator
1889,de-DE,61,Reviewer
1889,es-ES,45,Translator
1889,es-ES,323,Reviewer
1890,de-DE,48,Translator
1890,de-DE,57,Reviewer
1891,en-US,468,Translator
1891,en-US,357,Reviewer
1891,ja-JP,73,Translator
1891,ja-JP,455,Reviewer
1892,zh-CN,42,Translator
1892,zh-CN,312,Reviewer
1892,ja-JP,285,Translator
1892,ja-JP,397,Reviewer
1892,de-DE,177,Translator
1892,de-DE,48,Reviewer
1893,de-DE,352,Translator
1893,de-DE,78,Reviewer
1894,da-DK,19,Translator
1895,zh-CN,204,Translator
1895,zh-CN,16,Reviewer
1895,es-ES,90,Translator
1895,es-ES,200,Reviewer
1896,fr-FR,250,Translator
1896,fr-FR,459,Reviewer
1896,zh-CN,308,Translator
1896,zh-CN,96,Reviewer
1896,de-DE,339,Translator
1896,de-DE,374,Reviewer
1897,fr-FR,225,Translator
1897,ja-JP,364,Translator
1897,ko-KR,332,Translator
1897,de-DE,303,Translator
1897,es-ES,101,Translator
1898,pt-BR,12,Translator
1898,it-IT,47,Translator
1898,fr-FR,3,Translator
1898,es-ES,399,Translator
1898,de-DE,78,Translator
1899,es-ES,323,Translator
1899,de-DE,486,Translator
1900,ja-JP,470,Translator
1900,ja-JP,270,Reviewer
1901,de-DE,177,Translator
1901,de-DE,309,Reviewer
1901,ja-JP,421,Translator
1901,ja-JP,317,Reviewer
1901,pt-BR,337,Translator
1901,pt-BR,203,Reviewer
1901,fr-FR,381,Translator
1901,fr-FR,302,Reviewer
1901,es-ES,390,Translator
1901,es-ES,141,Reviewer
1902,fr-FR,464,Translator
1902,fr-FR,369,Reviewer
1902,ja-JP,221,Translator
1902,ja-JP,320,Reviewer
1902,pt-BR,310,Translator
1902,pt-BR,227,Reviewer
1902,de-DE,115,Translator
1902,de-DE,434,Reviewer
1902,es-ES,483,Translator
1902,es-ES,101,Reviewer
1903,zh-CN,204,Translator
1903,zh-CN,50,Reviewer
1903,de-DE,197,Translator
1903,de-DE,348,Reviewer
1903,fr-FR,484,Translator
1903,fr-FR,236,Reviewer
1903,ko-KR,332,Translator
1903,ko-KR,331,Reviewer
1904,zh-CN,96,Translator
1904,ko-KR,88,Translator
1904,ja-JP,211,Translator
1905,de-DE,57,Translator
1905,de-DE,199,Reviewer
1905,fr-FR,250,Translator
1905,fr-FR,94,Reviewer
1905,ja-JP,239,Translator
1905,ja-JP,421,Reviewer
1905,ko-KR,346,Translator
1905,ko-KR,179,Reviewer
1906,it-IT,456,Translator
1906,it-IT,385,Reviewer
1906,ja-JP,73,Translator
1906,ja-JP,449,Reviewer
1906,es-ES,399,Translator
1906,es-ES,168,Reviewer
1906,fr-FR,82,Translator
1906,fr-FR,180,Reviewer
1907,de-DE,110,Translator
1907,de-DE,240,Reviewer
1907,pt-BR,442,Translator
1907,pt-BR,185,Reviewer
1908,it-IT,456,Translator
1908,nl-NL,253,Translator
1908,es-ES,483,Translator
1908,fr-FR,363,Translator
1908,de-DE,352,Translator
1909,fr-FR,453,Translator
1909,fr-FR,484,Reviewer
1909,pt-BR,310,Translator
1909,pt-BR,283,Reviewer
1910,en-GB,396,Translator
1910,en-GB,68,Reviewer
1911,en-US,496,Translator
1911,en-US,468,Reviewer
1911,ja-JP,470,Translator
1911,ja-JP,254,Reviewer
1911,fr-FR,3,Translator
1911,fr-FR,444,Reviewer
1912,fr-FR,277,Translator
1912,de-DE,144,Translator
1913,zh-CN,308,Translator
1913,zh-CN,497,Reviewer
1913,fr-FR,82,Translator
1913,fr-FR,406,Reviewer
1913,ja-JP,211,Translator
1913,ja-JP,320,Reviewer
1913,de-DE,339,Translator
1913,de-DE,56,Reviewer
1914,zh-CN,497,Translator
1914,es-ES,168,Translator
1914,de-DE,288,Translator
1915,fr-FR,260,Translator
1915,ja-JP,317,Translator
1915,de-DE,352,Translator
1915,ko-KR,243,Translator
1915,es-ES,241,Translator
1916,ja-JP,281,Translator
1916,ja-JP,74,Reviewer
1916,zh-CN,111,Translator
1916,zh-CN,136,Reviewer
1917,fr-FR,459,Translator
1917,en-GB,440,Translator
1917,de-DE,56,Translator
1918,de-DE,288,Translator
1918,de-DE,56,Reviewer
1919,es-ES,134,Translator
1919,en-US,233,Translator
1919,fr-FR,435,Translator
1919,de-DE,197,Translator
1920,fr-FR,164,Translator
1920,fr-FR,260,Reviewer
1920,de-DE,352,Translator
1920,de-DE,56,Reviewer
1921,fr-FR,322,Translator
1921,fr-FR,381,Reviewer
1921,da-DK,189,Translator
1921,da-DK,195,Reviewer
1921,es-ES,163,Translator
1921,es-ES,29,Reviewer
1921,de-DE,301,Translator
1921,de-DE,309,Reviewer
1922,ja-JP,295,Translator
1922,ja-JP,285,Reviewer
1922,fr-FR,369,Translator
1922,fr-FR,180,Reviewer
1922,ko-KR,157,Translator
1922,ko-KR,210,Reviewer
1923,ja-JP,239,Translator
1924,de-DE,370,Translator
1925,de-DE,110,Translator
1925,en-GB,198,Translator
1925,fr-FR,162,Translator
1926,ja-JP,266,Translator
1926,de-DE,352,Translator
1927,en-GB,436,Translator
1927,en-GB,68,Reviewer
1928,de-DE,61,Translator
1928,de-DE,71,Reviewer
1928,fr-FR,82,Translator
1928,fr-FR,33,Reviewer
1928,en-GB,480,Translator
1928,en-GB,367,Reviewer
1929,pt-BR,272,Translator
1930,ja-JP,421,Translator
1930,ja-JP,364,Reviewer
1930,es-ES,66,Translator
1930,es-ES,294,Reviewer
1930,zh-CN,111,Translator
1930,zh-CN,264,Reviewer
1931,de-DE,339,Translator
1931,zh-CN,232,Translator
1931,ja-JP,470,Translator
1931,fr-FR,435,Translator
1932,de-DE,303,Translator
1932,de-DE,300,Reviewer
1932,fr-FR,277,Translator
1932,fr-FR,484,Reviewer
1932,es-ES,141,Translator
1932,es-ES,101,Reviewer
1932,it-IT,47,Translator
1932,it-IT,347,Reviewer
1933,fr-FR,322,Translator
1933,es-ES,294,Translator
1933,it-IT,443,Translator
1934,de-DE,61,Translator
1934,de-DE,300,Reviewer
1934,ja-JP,351,Translator
1934,ja-JP,182,Reviewer
1934,es-ES,45,Translator
1934,es-ES,426,Reviewer
1934,ko-KR,267,Translator
1934,ko-KR,358,Reviewer
1935,de-DE,348,Translator
1935,es-ES,134,Translator
1935,fr-FR,244,Translator
1935,it-IT,492,Translator
1935,nl-NL,62,Translator
1936,it-IT,36,Translator
1936,it-IT,181,Reviewer
1936,de-DE,71,Translator
1936,de-DE,348,Reviewer
1936,fr-FR,365,Translator
1936,fr-FR,236,Reviewer
1936,pt-BR,105,Translator
1936,pt-BR,272,Reviewer
1936,es-ES,323,Translator
1936,es-ES,231,Reviewer
1937,en-GB,472,Translator
1937,en-GB,121,Reviewer
1937,fr-FR,3,Translator
1937,fr-FR,322,Reviewer
1937,de-DE,434,Translator
1937,de-DE,144,Reviewer
1938,es-ES,161,Translator
1938,es-ES,294,Reviewer
1939,de-DE,424,Translator
1939,de-DE,78,Reviewer
1939,es-ES,294,Translator
1939,es-ES,241,Reviewer
1939,ja-JP,455,Translator
1939,ja-JP,491,Reviewer
1939,fr-FR,406,Translator
1939,fr-FR,453,Reviewer
1940,pt-BR,46,Translator
1940,pt-BR,461,Reviewer
1940,de-DE,71,Translator
1940,de-DE,57,Reviewer
1940,fr-FR,250,Translator
1940,fr-FR,423,Reviewer
1941,fr-FR,236,Translator
1942,de-DE,303,Translator
1942,en-GB,487,Translator
1942,fr-FR,444,Translator
1943,de-DE,115,Translator
1943,fr-FR,380,Translator
1943,ja-JP,211,Translator
1943,es-ES,200,Translator
1944,es-ES,29,Translator
1944,es-ES,163,Reviewer
1944,fr-FR,169,Translator
1944,fr-FR,464,Reviewer
1945,de-DE,110,Translator
1945,de-DE,240,Reviewer
1946,zh-CN,42,Translator
1946,zh-CN,312,Reviewer
1946,fr-FR,451,Translator
1946,fr-FR,236,Reviewer
1946,es-ES,399,Translator
1946,es-ES,231,Reviewer
1947,fr-FR,169,Translator
1947,fr-FR,82,Reviewer
1948,fr-FR,236,Translator
1948,fr-FR,380,Reviewer
1949,de-DE,57,Translator
1949,fr-FR,381,Translator
1949,ja-JP,103,Translator
1949,es-ES,231,Translator
1949,it-IT,408,Translator
1950,de-DE,300,Translator
1950,de-DE,56,Reviewer
1950,fr-FR,244,Translator
1950,fr-FR,326,Reviewer
1950,nl-NL,119,Translator
1950,nl-NL,391,Reviewer
1950,it-IT,181,Translator
1950,it-IT,456,Reviewer
1950,es-ES,226,Translator
1950,es-ES,223,Reviewer
1950,pl-PL,368,Translator
1950,pl-PL,304,Reviewer
1951,es-ES,241,Translator
1951,es-ES,399,Reviewer
1951,fr-FR,484,Translator
1951,fr-FR,381,Reviewer
1952,zh-CN,335,Translator
1952,zh-CN,319,Reviewer
1953,ja-JP,281,Translator
1953,ja-JP,266,Reviewer
1953,fr-FR,406,Translator
1953,fr-FR,302,Reviewer
1953,it-IT,385,Translator
1953,it-IT,347,Reviewer
1954,en-GB,198,Translator
1954,de-DE,288,Translator
1955,it-IT,347,Translator
1955,de-DE,486,Translator
1955,fr-FR,380,Translator
1955,es-ES,483,Translator
1956,es-ES,161,Translator
1956,de-DE,57,Translator
1956,fr-FR,229,Translator
1956,en-US,173,Translator
1957,de-DE,48,Translator
1957,de-DE,71,Reviewer
1957,en-US,420,Translator
1957,en-US,93,Reviewer
1957,ja-JP,366,Translator
1957,ja-JP,494,Reviewer
1958,ko-KR,316,Translator
1958,ko-KR,346,Reviewer
1958,ja-JP,182,Translator
1958,ja-JP,266,Reviewer
1958,de-DE,486,Translator
1958,de-DE,48,Reviewer
1958,es-ES,426,Translator
1958,es-ES,163,Reviewer
1958,fr-FR,464,Translator
1958,fr-FR,369,Reviewer
1959,en-GB,125,Translator
1960,ko-KR,344,Translator
1960,ko-KR,267,Reviewer
1960,ja-JP,221,Translator
1960,ja-JP,364,Reviewer
1960,zh-CN,20,Translator
1960,zh-CN,493,Reviewer
1960,fr-FR,459,Translator
1960,fr-FR,180,Reviewer
1960,de-DE,115,Translator
1960,de-DE,199,Reviewer
1961,fr-FR,229,Translator
1961,fr-FR,444,Reviewer
1962,de-DE,303,Translator
1962,de-DE,48,Reviewer
1962,es-ES,76,Translator
1962,es-ES,101,Reviewer
1962,it-IT,347,Translator
1962,it-IT,492,Reviewer
1962,fr-FR,250,Translator
1962,fr-FR,260,Reviewer
1963,ja-JP,270,Translator
1963,es-ES,323,Translator
1963,it-IT,216,Translator
1964,fr-FR,369,Translator
1964,fr-FR,322,Reviewer
1964,es-ES,223,Translator
1964,es-ES,76,Reviewer
1964,zh-CN,20,Translator
1964,zh-CN,228,Reviewer
1965,de-DE,199,Translator
1965,de-DE,301,Reviewer
1966,fr-FR,363,Translator
1966,fr-FR,158,Reviewer
1966,ko-KR,344,Translator
1966,ko-KR,149,Reviewer
1966,de-DE,348,Translator
1966,de-DE,110,Reviewer
1966,ja-JP,455,Translator
1966,ja-JP,491,Reviewer
1966,es-ES,45,Translator
1966,es-ES,231,Reviewer
1967,de-DE,48,Translator
1967,de-DE,348,Reviewer
1967,zh-CN,232,Translator
1967,zh-CN,184,Reviewer
1967,fr-FR,484,Translator
1967,fr-FR,236,Reviewer
1968,ko-KR,297,Translator
1968,ko-KR,83,Reviewer
1968,ja-JP,455,Translator
1968,ja-JP,221,Reviewer
1969,es-ES,141,Translator
1969,es-ES,76,Reviewer
1969,pt-BR,283,Translator
1969,pt-BR,12,Reviewer
1969,de-DE,71,Translator
1969,de-DE,352,Reviewer
1970,nl-NL,119,Translator
1970,nl-NL,311,Reviewer
1970,it-IT,385,Translator
1970,it-IT,216,Reviewer
1970,es-ES,141,Translator
1970,es-ES,45,Reviewer
1971,nl-NL,133,Translator
1971,nl-NL,311,Reviewer
1971,fr-FR,169,Translator
1971,fr-FR,435,Reviewer
1971,de-DE,57,Translator
1971,de-DE,301,Reviewer
1971,it-IT,443,Translator
1971,it-IT,181,Reviewer
1971,es-ES,161,Translator
1971,es-ES,163,Reviewer
1972,en-US,318,Translator
1972,en-US,248,Reviewer
1972,de-DE,199,Translator
1972,de-DE,97,Reviewer
1972,fr-FR,58,Translator
1972,fr-FR,94,Reviewer
1972,ja-JP,98,Translator
1972,ja-JP,351,Reviewer
1973,de-DE,57,Translator
1973,de-DE,110,Reviewer
1973,it-IT,492,Translator
1973,it-IT,18,Reviewer
1973,fr-FR,423,Translator
1973,fr-FR,451,Reviewer
1973,es-ES,101,Translator
1973,es-ES,294,Reviewer
1973,pt-BR,395,Translator
1973,pt-BR,412,Reviewer
1974,it-IT,36,Translator
1974,it-IT,443,Reviewer
1974,es-ES,223,Translator
1974,es-ES,66,Reviewer
1974,ja-JP,221,Translator
1974,ja-JP,366,Reviewer
1974,de-DE,486,Translator
1974,de-DE,142,Reviewer
1975,it-IT,416,Translator
1975,de-DE,303,Translator
1975,es-ES,241,Translator
1975,pl-PL,219,Translator
1975,fr-FR,435,Translator
1975,nl-NL,245,Translator
1976,es-ES,200,Translator
1977,ja-JP,187,Translator
1977,es-ES,168,Translator
1977,fr-FR,369,Translator
1977,de-DE,144,Translator
1978,ko-KR,344,Translator
1978,ko-KR,413,Reviewer
1979,de-DE,142,Translator
1979,de-DE,57,Reviewer
1979,ja-JP,281,Translator
1979,ja-JP,494,Reviewer
1979,fr-FR,5,Translator
1979,fr-FR,169,Reviewer
1979,en-US,422,Translator
1979,en-US,383,Reviewer
1980,ja-JP,351,Translator
1980,ja-JP,281,Reviewer
1980,zh-CN,96,Translator
1980,zh-CN,204,Reviewer
1980,de-DE,71,Translator
1980,de-DE,57,Reviewer
1980,ko-KR,490,Translator
1980,ko-KR,157,Reviewer
1980,fr-FR,441,Translator
1980,fr-FR,451,Reviewer
1981,fr-FR,327,Translator
1981,fr-FR,380,Reviewer
1981,ja-JP,295,Translator
1981,ja-JP,73,Reviewer
1981,it-IT,408,Translator
1981,it-IT,347,Reviewer
1981,de-DE,197,Translator
1981,de-DE,303,Reviewer
1981,es-ES,426,Translator
1981,es-ES,323,Reviewer
1982,de-DE,288,Translator
1982,de-DE,374,Reviewer
1982,zh-CN,136,Translator
1982,zh-CN,96,Reviewer
1983,de-DE,300,Translator
1983,de-DE,288,Reviewer
1984,de-DE,486,Translator
1984,de-DE,78,Reviewer
1984,ja-JP,364,Translator
1984,ja-JP,455,Reviewer
1984,fr-FR,444,Translator
1984,fr-FR,250,Reviewer
1984,es-ES,226,Translator
1984,es-ES,45,Reviewer
1984,ko-KR,217,Translator
1984,ko-KR,149,Reviewer
1985,de-DE,56,Translator
1985,fr-FR,229,Translator
1985,ja-JP,74,Translator
1985,zh-CN,429,Translator
1986,de-DE,110,Translator
1986,de-DE,434,Reviewer
1987,ko-KR,332,Translator
1987,es-ES,101,Translator
1988,es-ES,323,Translator
1988,es-ES,263,Reviewer
1988,fr-FR,451,Translator
1988,fr-FR,381,Reviewer
1988,de-DE,57,Translator
1988,de-DE,424,Reviewer
1989,de-DE,352,Translator
1989,de-DE,374,Reviewer
1989,fr-FR,164,Translator
1989,fr-FR,225,Reviewer
1989,es-ES,475,Translator
1989,es-ES,101,Reviewer
1990,de-DE,48,Translator
1990,de-DE,110,Reviewer
1990,ja-JP,455,Translator
1990,ja-JP,255,Reviewer
1990,it-IT,428,Translator
1990,it-IT,492,Reviewer
1990,es-ES,223,Translator
1990,es-ES,161,Reviewer
1990,fr-FR,158,Translator
1990,fr-FR,381,Reviewer
1991,es-ES,475,Translator
1991,de-DE,240,Translator
1991,fr-FR,444,Translator
1991,ja-JP,254,Translator
1992,de-DE,71,Translator
1992,de-DE,224,Reviewer
1992,fr-FR,444,Translator
1992,fr-FR,302,Reviewer
1992,ja-JP,103,Translator
1992,ja-JP,281,Reviewer
1992,es-ES,90,Translator
1992,es-ES,263,Reviewer
1993,de-DE,224,Translator
1993,de-DE,370,Reviewer
1993,es-ES,200,Translator
1993,es-ES,29,Reviewer
1993,ja-JP,366,Translator
1993,ja-JP,187,Reviewer
1993,fr-FR,162,Translator
1993,fr-FR,3,Reviewer
1993,it-IT,467,Translator
1993,it-IT,465,Reviewer
1994,it-IT,456,Translator
1994,it-IT,216,Reviewer
1994,fr-FR,244,Translator
1994,fr-FR,381,Reviewer
1994,de-DE,57,Translator
1994,de-DE,370,Reviewer
1995,ja-JP,72,Translator
1995,ja-JP,266,Reviewer
1995,de-DE,78,Translator
1995,de-DE,348,Reviewer
1995,fr-FR,444,Translator
1995,fr-FR,225,Reviewer
1995,it-IT,216,Translator
1995,it-IT,385,Reviewer
1995,es-ES,390,Translator
1995,es-ES,399,Reviewer
1996,zh-CN,204,Translator
1996,de-DE,424,Translator
1996,ko-KR,413,Translator
1996,ja-JP,397,Translator
1997,zh-CN,495,Translator
1997,zh-CN,376,Reviewer
1997,de-DE,348,Translator
1997,de-DE,177,Reviewer
1997,ja-JP,270,Translator
1997,ja-JP,187,Reviewer
1997,fr-FR,302,Translator
1997,fr-FR,380,Reviewer
1998,ja-JP,103,Translator
1998,de-DE,97,Translator
1998,fr-FR,158,Translator
1998,ko-KR,413,Translator
1998,es-ES,226,Translator
1999,es-ES,231,Translator
1999,es-ES,399,Reviewer
1999,de-DE,348,Translator
1999,de-DE,374,Reviewer
1999,fr-FR,24,Translator
1999,fr-FR,58,Reviewer
1999,da-DK,189,Translator
1999,da-DK,237,Reviewer
2000,ja-JP,182,Translator
2000,ja-JP,239,Reviewer
2000,ko-KR,297,Translator
2000,ko-KR,235,Reviewer
2000,fr-FR,459,Translator
2000,fr-FR,406,Reviewer
2000,es-ES,134,Translator
2000,es-ES,45,Reviewer
2000,de-DE,71,Translator
2000,de-DE,374,Reviewer
2001,en-GB,324,Translator
2001,de-DE,110,Translator
2001,fr-FR,158,Translator
2002,fr-FR,164,Translator
2002,fr-FR,453,Reviewer
2002,es-ES,168,Translator
2002,es-ES,231,Reviewer
2002,it-IT,18,Translator
2002,it-IT,408,Reviewer
2002,de-DE,348,Translator
2002,de-DE,78,Reviewer
2002,ja-JP,421,Translator
2002,ja-JP,193,Reviewer
2003,fr-FR,24,Translator
2003,zh-CN,495,Translator
2003,de-DE,352,Translator
2004,fr-FR,162,Translator
2004,fr-FR,322,Reviewer
2004,ja-JP,221,Translator
2004,ja-JP,239,Reviewer
2004,en-US,212,Translator
2004,en-US,318,Reviewer
2004,de-DE,288,Translator
2004,de-DE,309,Reviewer
2005,it-IT,216,Translator
2005,de-DE,301,Translator
2005,fr-FR,380,Translator
2005,es-ES,226,Translator
2005,ja-JP,320,Translator
2006,it-IT,36,Translator
2006,es-ES,161,Translator
2006,ja-JP,95,Translator
2007,de-DE,61,Translator
2007,es-ES,223,Translator
2007,fr-FR,406,Translator
2007,da-DK,389,Translator
2008,es-ES,263,Translator
2008,ja-JP,455,Translator
2009,en-GB,52,Translator
2009,en-GB,292,Reviewer
2009,de-DE,374,Translator
2009,de-DE,301,Reviewer
2009,fr-FR,365,Translator
2009,fr-FR,250,Reviewer
2010,de-DE,197,Translator
2010,de-DE,486,Reviewer
2010,es-ES,390,Translator
2010,es-ES,226,Reviewer
2010,ja-JP,187,Translator
2010,ja-JP,285,Reviewer
2010,fr-FR,363,Translator
2010,fr-FR,302,Reviewer
2011,ja-JP,254,Translator
2011,ja-JP,320,Reviewer
2011,fr-FR,3,Translator
2011,fr-FR,277,Reviewer
2011,de-DE,115,Translator
2011,de-DE,300,Reviewer
2012,es-ES,399,Translator
2012,es-ES,155,Reviewer
2012,ja-JP,366,Translator
2012,ja-JP,351,Reviewer
2012,fr-FR,369,Translator
2012,fr-FR,435,Reviewer
2013,ja-JP,366,Translator
2013,ja-JP,187,Reviewer
2013,es-ES,134,Translator
2013,es-ES,101,Reviewer
2013,it-IT,181,Translator
2013,it-IT,47,Reviewer
2013,de-DE,348,Translator
2013,de-DE,78,Reviewer
2013,fr-FR,250,Translator
2013,fr-FR,451,Reviewer
2014,zh-CN,340,Translator
2014,fr-FR,302,Translator
2014,de-DE,177,Translator
2014,es-ES,263,Translator
2015,de-DE,224,Translator
2015,es-ES,426,Translator
2015,it-IT,456,Translator
2015,fr-FR,5,Translator
2016,es-ES,29,Translator
2016,es-ES,426,Reviewer
2016,de-DE,434,Translator
2016,de-DE,199,Reviewer
2016,fr-FR,164,Translator
2016,fr-FR,236,Reviewer
2016,zh-CN,429,Translator
2016,zh-CN,340,Reviewer
2017,de-DE,115,Translator
2017,de-DE,177,Reviewer
2017,fr-FR,459,Translator
2017,fr-FR,464,Reviewer
2017,es-ES,399,Translator
2017,es-ES,155,Reviewer
2017,ja-JP,494,Translator
2017,ja-JP,103,Reviewer
2018,zh-CN,232,Translator
2018,fr-FR,244,Translator
2018,ja-JP,73,Translator
2019,ja-JP,270,Translator
2019,ja-JP,255,Reviewer
2020,ja-JP,72,Translator
2020,ja-JP,351,Reviewer
2021,de-DE,300,Translator
2021,de-DE,309,Reviewer
2021,da-DK,215,Translator
2021,da-DK,138,Reviewer
2021,es-ES,45,Translator
2021,es-ES,76,Reviewer
2022,zh-CN,50,Translator
2022,zh-CN,493,Reviewer
2022,fr-FR,33,Translator
2022,fr-FR,229,Reviewer
2022,de-DE,434,Translator
2022,de-DE,110,Reviewer
2023,en-GB,436,Translator
2023,de-DE,288,Translator
2024,en-US,11,Translator
2024,es-ES,426,Translator
2025,it-IT,152,Translator
2025,fr-FR,229,Translator
2025,es-ES,475,Translator
2026,ko-KR,490,Translator
2026,ja-JP,281,Translator
2026,fr-FR,423,Translator
2026,es-ES,66,Translator
2026,de-DE,434,Translator
2027,de-DE,370,Translator
2027,de-DE,197,Reviewer
2027,es-ES,90,Translator
2027,es-ES,294,Reviewer
2027,ja-JP,187,Translator
2027,ja-JP,193,Reviewer
2027,fr-FR,322,Translator
2027,fr-FR,380,Reviewer
2027,zh-CN,319,Translator
2027,zh-CN,376,Reviewer
2028,fr-FR,33,Translator
2028,de-DE,144,Translator
2028,en-GB,396,Translator
2029,ja-JP,397,Translator
2029,ja-JP,74,Reviewer
2029,de-DE,56,Translator
2029,de-DE,301,Reviewer
2029,fr-FR,5,Translator
2029,fr-FR,158,Reviewer
2029,en-US,248,Translator
2029,en-US,151,Reviewer
2030,es-ES,134,Translator
2030,es-ES,231,Reviewer
2030,de-DE,115,Translator
2030,de-DE,434,Reviewer
2031,fr-FR,171,Translator
2032,ja-JP,221,Translator
2032,ja-JP,255,Reviewer
2033,es-ES,226,Translator
2033,es-ES,29,Reviewer
2033,ja-JP,98,Translator
2033,ja-JP,351,Reviewer
2033,en-GB,446,Translator
2033,en-GB,324,Reviewer
2033,de-DE,240,Translator
2033,de-DE,78,Reviewer
2033,fr-FR,435,Translator
2033,fr-FR,381,Reviewer
2034,de-DE,57,Translator
2034,de-DE,177,Reviewer
2034,ja-JP,491,Translator
2034,ja-JP,254,Reviewer
2034,fr-FR,326,Translator
2034,fr-FR,484,Reviewer
2034,es-ES,223,Translator
2034,es-ES,426,Reviewer
2035,de-DE,303,Translator
2035,de-DE,177,Reviewer
2036,nl-NL,307,Translator
2036,nl-NL,454,Reviewer
2036,it-IT,385,Translator
2036,it-IT,428,Reviewer
2036,de-DE,240,Translator
2036,de-DE,144,Reviewer
2036,fr-FR,453,Translator
2036,fr-FR,302,Reviewer
2037,ja-JP,317,Translator
2037,ja-JP,295,Reviewer
2037,de-DE,177,Translator
2037,de-DE,197,Reviewer
2037,es-ES,29,Translator
2037,es-ES,168,Reviewer
2037,fr-FR,277,Translator
2037,fr-FR,229,Reviewer
2038,en-GB,480,Translator
2038,en-GB,446,Reviewer
2038,fr-FR,327,Translator
2038,fr-FR,158,Reviewer
2038,de-DE,301,Translator
2038,de-DE,352,Reviewer
2039,ja-JP,320,Translator
2039,zh-CN,20,Translator
2039,es-ES,226,Translator
2039,fr-FR,94,Translator
2040,fr-FR,260,Translator
2040,fr-FR,441,Reviewer
2040,ja-JP,239,Translator
2040,ja-JP,491,Reviewer
2040,de-DE,486,Translator
2040,de-DE,424,Reviewer
2040,es-ES,161,Translator
2040,es-ES,66,Reviewer
2041,ja-JP,285,Translator
2041,es-ES,141,Translator
2041,de-DE,303,Translator
2041,it-IT,416,Translator
2041,fr-FR,164,Translator
2042,fr-FR,277,Translator
2042,de-DE,71,Translator
2042,en-GB,487,Translator
2043,fr-FR,326,Translator
2043,fr-FR,162,Reviewer
2043,es-ES,45,Translator
2043,es-ES,231,Reviewer
2043,ja-JP,470,Translator
2043,ja-JP,351,Reviewer
2043,de-DE,370,Translator
2043,de-DE,288,Reviewer
2044,fr-FR,435,Translator
2044,ja-JP,103,Translator
2044,es-ES,483,Translator
2044,zh-CN,495,Translator
2044,de-DE,57,Translator
2045,ja-JP,254,Translator
2045,ja-JP,351,Reviewer
2045,es-ES,163,Translator
2045,es-ES,76,Reviewer
2045,de-DE,434,Translator
2045,de-DE,57,Reviewer
2045,it-IT,181,Translator
2045,it-IT,47,Reviewer
2045,fr-FR,260,Translator
2045,fr-FR,327,Reviewer
2046,es-ES,231,Translator
2046,es-ES,161,Reviewer
2046,fr-FR,250,Translator
2046,fr-FR,302,Reviewer
2046,it-IT,175,Translator
2046,it-IT,36,Reviewer
2046,de-DE,374,Translator
2046,de-DE,97,Reviewer
2047,fr-FR,24,Translator
2047,fr-FR,162,Reviewer
2047,zh-CN,308,Translator
2047,zh-CN,429,Reviewer
2047,de-DE,197,Translator
2047,de-DE,374,Reviewer
2048,fr-FR,484,Translator
2048,fr-FR,236,Reviewer
2048,de-DE,224,Translator
2048,de-DE,97,Reviewer
2048,zh-CN,2,Translator
2048,zh-CN,319,Reviewer
2048,ja-JP,366,Translator
2048,ja-JP,421,Reviewer
2049,de-DE,300,Translator
2049,de-DE,71,Reviewer
2049,ja-JP,211,Translator
2049,ja-JP,73,Reviewer
2049,fr-FR,171,Translator
2049,fr-FR,327,Reviewer
2049,es-ES,399,Translator
2049,es-ES,141,Reviewer
2050,de-DE,78,Translator
2050,de-DE,370,Reviewer
2051,ko-KR,445,Translator
2051,ko-KR,102,Reviewer
2052,de-DE,374,Translator
2052,ja-JP,103,Translator
2052,fr-FR,250,Translator
2052,en-US,212,Translator
2053,ja-JP,72,Translator
2053,ja-JP,397,Reviewer
2053,es-ES,426,Translator
2053,es-ES,101,Reviewer
2053,pt-BR,430,Translator
2053,pt-BR,148,Reviewer
2053,fr-FR,369,Translator
2053,fr-FR,225,Reviewer
2053,de-DE,142,Translator
2053,de-DE,339,Reviewer
2054,fr-FR,5,Translator
2054,ja-JP,295,Translator
2055,fr-FR,236,Translator
2055,fr-FR,82,Reviewer
2055,es-ES,101,Translator
2055,es-ES,475,Reviewer
2055,ja-JP,74,Translator
2055,ja-JP,455,Reviewer
2055,it-IT,492,Translator
2055,it-IT,36,Reviewer
2056,de-DE,177,Translator
2056,de-DE,352,Reviewer
2056,fr-FR,164,Translator
2056,fr-FR,326,Reviewer
2057,zh-CN,308,Translator
2057,de-DE,301,Translator
2058,en-GB,198,Translator
2058,en-GB,440,Reviewer
2058,es-ES,294,Translator
2058,es-ES,45,Reviewer
2058,fr-FR,5,Translator
2058,fr-FR,260,Reviewer
2058,de-DE,424,Translator
2058,de-DE,240,Reviewer
2058,ja-JP,317,Translator
2058,ja-JP,494,Reviewer
2059,fr-FR,236,Translator
2060,da-DK,85,Translator
2061,de-DE,71,Translator
2061,de-DE,424,Reviewer
2061,fr-FR,229,Translator
2061,fr-FR,162,Reviewer
2061,es-ES,163,Translator
2061,es-ES,161,Reviewer
2061,en-US,315,Translator
2061,en-US,11,Reviewer
2062,ja-JP,74,Translator
2062,ko-KR,305,Translator
2062,fr-FR,464,Translator
2062,de-DE,57,Translator
2063,es-ES,76,Translator
2063,ko-KR,179,Translator
2063,ja-JP,421,Translator
2064,en-US,212,Translator
2064,en-US,154,Reviewer
2064,de-DE,115,Translator
2064,de-DE,424,Reviewer
2064,ja-JP,281,Translator
2064,ja-JP,366,Reviewer
2064,fr-FR,326,Translator
2064,fr-FR,423,Reviewer
2065,de-DE,57,Translator
2065,de-DE,110,Reviewer
2065,en-US,151,Translator
2065,en-US,422,Reviewer
2065,ja-JP,397,Translator
2065,ja-JP,351,Reviewer
2065,fr-FR,484,Translator
2065,fr-FR,369,Reviewer
2066,zh-CN,489,Translator
2066,es-ES,101,Translator
2066,de-DE,486,Translator
2066,fr-FR,381,Translator
2067,de-DE,199,Translator
2067,de-DE,301,Reviewer
2068,ja-JP,255,Translator
2068,ja-JP,74,Reviewer
2068,de-DE,78,Translator
2068,de-DE,288,Reviewer
2068,en-US,154,Translator
2068,en-US,233,Reviewer
2068,fr-FR,158,Translator
2068,fr-FR,94,Reviewer
2069,fr-FR,94,Translator
2069,fr-FR,164,Reviewer
2069,de-DE,48,Translator
2069,de-DE,374,Reviewer
2070,ja-JP,103,Translator
2070,ja-JP,320,Reviewer
2070,es-ES,66,Translator
2070,es-ES,475,Reviewer
2071,es-ES,426,Translator
2071,es-ES,134,Reviewer
2071,ja-JP,281,Translator
2071,ja-JP,74,Reviewer
2071,de-DE,110,Translator
2071,de-DE,56,Reviewer
2071,zh-CN,20,Translator
2071,zh-CN,184,Reviewer
2071,fr-FR,459,Translator
2071,fr-FR,260,Reviewer
2072,es-ES,263,Translator
2073,de-DE,56,Translator
2073,fr-FR,164,Translator
2074,nl-NL,371,Translator
2074,nl-NL,350,Reviewer
2074,de-DE,303,Translator
2074,de-DE,56,Reviewer
2074,fr-FR,451,Translator
2074,fr-FR,444,Reviewer
2074,es-ES,390,Translator
2074,es-ES,241,Reviewer
2074,it-IT,47,Translator
2074,it-IT,443,Reviewer
2075,en-GB,472,Translator
2075,en-GB,313,Reviewer
2075,fr-FR,260,Translator
2075,fr-FR,327,Reviewer
2075,de-DE,78,Translator
2075,de-DE,110,Reviewer
2076,de-DE,61,Translator
2076,de-DE,434,Reviewer
2076,en-US,384,Translator
2076,en-US,34,Reviewer
2077,de-DE,339,Translator
2077,de-DE,301,Reviewer
2077,es-ES,294,Translator
2077,es-ES,45,Reviewer
2077,fr-FR,435,Translator
2077,fr-FR,162,Reviewer
2077,it-IT,47,Translator
2077,it-IT,216,Reviewer
2078,zh-CN,99,Translator
2078,zh-CN,204,Reviewer
2078,de-DE,197,Translator
2078,de-DE,301,Reviewer
2078,fr-FR,180,Translator
2078,fr-FR,91,Reviewer
2079,fr-FR,380,Translator
2079,fr-FR,162,Reviewer
2079,de-DE,110,Translator
2079,de-DE,374,Reviewer
2079,nl-NL,253,Translator
2079,nl-NL,437,Reviewer
2079,it-IT,428,Translator
2079,it-IT,467,Reviewer
2079,es-ES,45,Translator
2079,es-ES,163,Reviewer
2080,ko-KR,445,Translator
2080,ko-KR,344,Reviewer
2080,ja-JP,470,Translator
2080,ja-JP,364,Reviewer
2080,fr-FR,58,Translator
2080,fr-FR,423,Reviewer
2080,de-DE,57,Translator
2080,de-DE,48,Reviewer
2080,es-ES,390,Translator
2080,es-ES,134,Reviewer
2081,en-US,487,Translator
2081,en-US,383,Reviewer
2081,fr-FR,453,Translator
2081,fr-FR,82,Reviewer
2081,de-DE,303,Translator
2081,de-DE,61,Reviewer
2081,es-ES,241,Translator
2081,es-ES,231,Reviewer
2082,ja-JP,211,Translator
2082,ja-JP,73,Reviewer
2083,fr-FR,277,Translator
2083,fr-FR,5,Reviewer
2083,de-DE,61,Translator
2083,de-DE,115,Reviewer
2083,zh-CN,493,Translator
2083,zh-CN,99,Reviewer
2083,es-ES,101,Translator
2083,es-ES,29,Reviewer
2084,en-US,154,Translator
2084,en-US,212,Reviewer
2084,fr-FR,236,Translator
2084,fr-FR,464,Reviewer
2084,ja-JP,239,Translator
2084,ja-JP,266,Reviewer
2084,de-DE,48,Translator
2084,de-DE,288,Reviewer
2085,fr-FR,58,Translator
2085,fr-FR,244,Reviewer
2085,es-ES,241,Translator
2085,es-ES,231,Reviewer
2085,en-US,259,Translator
2085,en-US,248,Reviewer
2086,ja-JP,73,Translator
2086,ja-JP,455,Reviewer
2086,ko-KR,344,Translator
2086,ko-KR,284,Reviewer
2086,es-ES,226,Translator
2086,es-ES,168,Reviewer
2087,ja-JP,397,Translator
2087,ja-JP,364,Reviewer
2087,fr-FR,162,Translator
2087,fr-FR,326,Reviewer
2087,de-DE,348,Translator
2087,de-DE,486,Reviewer
2088,de-DE,309,Translator
2088,de-DE,224,Reviewer
2088,fr-FR,162,Translator
2088,fr-FR,229,Reviewer
2088,zh-CN,20,Translator
2088,zh-CN,232,Reviewer
2088,ja-JP,397,Translator
2088,ja-JP,366,Reviewer
2089,fr-FR,180,Translator
2089,fr-FR,94,Reviewer
2089,de-DE,197,Translator
2089,de-DE,48,Reviewer
2089,ja-JP,449,Translator
2089,ja-JP,182,Reviewer
2089,es-ES,399,Translator
2089,es-ES,231,Reviewer
2090,es-ES,390,Translator
2090,es-ES,241,Reviewer
2090,fr-FR,58,Translator
2090,fr-FR,91,Reviewer
2090,da-DK,407,Translator
2090,da-DK,474,Reviewer
2091,it-IT,36,Translator
2091,es-ES,163,Translator
2091,fr-FR,380,Translator
2091,de-DE,434,Translator
2092,fr-FR,5,Translator
2092,fr-FR,180,Reviewer
2092,es-ES,483,Translator
2092,es-ES,294,Reviewer
2092,ko-KR,321,Translator
2092,ko-KR,243,Reviewer
2092,de-DE,434,Translator
2092,de-DE,370,Reviewer
2092,ja-JP,182,Translator
2092,ja-JP,73,Reviewer
2093,ja-JP,255,Translator
2093,zh-CN,228,Translator
2093,de-DE,434,Translator
2094,de-DE,224,Translator
2094,de-DE,48,Reviewer
2094,fr-FR,3,Translator
2094,fr-FR,326,Reviewer
2094,zh-CN,340,Translator
2094,zh-CN,376,Reviewer
2095,nl-NL,166,Translator
2095,fr-FR,363,Translator
2095,de-DE,303,Translator
2095,es-ES,200,Translator
2095,it-IT,428,Translator
2095,pl-PL,388,Translator
2096,ja-JP,317,Translator
2096,ja-JP,187,Reviewer
2096,fr-FR,158,Translator
2096,fr-FR,236,Reviewer
2096,zh-CN,99,Translator
2096,zh-CN,493,Reviewer
2096,ko-KR,267,Translator
2096,ko-KR,88,Reviewer
2096,de-DE,48,Translator
2096,de-DE,288,Reviewer
2097,ja-JP,95,Translator
2097,ja-JP,397,Reviewer
2097,de-DE,339,Translator
2097,de-DE,144,Reviewer
2097,es-ES,241,Translator
2097,es-ES,29,Reviewer
2097,fr-FR,5,Translator
2097,fr-FR,464,Reviewer
2098,en-GB,341,Translator
2098,en-GB,52,Reviewer
2098,fr-FR,244,Translator
2098,fr-FR,33,Reviewer
2098,de-DE,300,Translator
2098,de-DE,199,Reviewer
2099,zh-CN,99,Translator
2100,ja-JP,187,Translator
2100,ja-JP,103,Reviewer
2100,ko-KR,179,Translator
2100,ko-KR,217,Reviewer
2100,es-ES,134,Translator
2100,es-ES,29,Reviewer
2100,fr-FR,363,Translator
2100,fr-FR,302,Reviewer
2100,de-DE,486,Translator
2100,de-DE,300,Reviewer
2101,fr-FR,423,Translator
2102,es-ES,161,Translator
2102,es-ES,163,Reviewer
2102,fr-FR,444,Translator
2102,fr-FR,441,Reviewer
2102,ja-JP,285,Translator
2102,ja-JP,182,Reviewer
2102,en-GB,440,Translator
2102,en-GB,472,Reviewer
2103,ja-JP,103,Translator
2103,ja-JP,193,Reviewer
2103,es-ES,226,Translator
2103,es-ES,163,Reviewer
2103,fr-FR,464,Translator
2103,fr-FR,3,Reviewer
2104,fr-FR,453,Translator
2104,fr-FR,423,Reviewer
2105,en-GB,125,Translator
2105,de-DE,71,Translator
2105,fr-FR,441,Translator
2106,zh-CN,184,Translator
2106,zh-CN,335,Reviewer
2107,ja-JP,449,Translator
2107,ja-JP,364,Reviewer
2107,fr-FR,162,Translator
2107,fr-FR,327,Reviewer
2107,it-IT,492,Translator
2107,it-IT,408,Reviewer
2107,de-DE,352,Translator
2107,de-DE,115,Reviewer
2107,es-ES,168,Translator
2107,es-ES,163,Reviewer
2108,de-DE,434,Translator
2108,de-DE,61,Reviewer
2108,fr-FR,180,Translator
2108,fr-FR,94,Reviewer
2108,zh-CN,335,Translator
2108,zh-CN,232,Reviewer
2109,en-GB,30,Translator
2109,en-GB,139,Reviewer
2110,fr-FR,260,Translator
2111,it-IT,467,Translator
2111,it-IT,181,Reviewer
2111,de-DE,370,Translator
2111,de-DE,374,Reviewer
2111,ja-JP,187,Translator
2111,ja-JP,266,Reviewer
2111,fr-FR,423,Translator
2111,fr-FR,451,Reviewer
2112,fr-FR,451,Translator
2112,fr-FR,180,Reviewer
2112,ja-JP,285,Translator
2112,ja-JP,366,Reviewer
2112,de-DE,240,Translator
2112,de-DE,97,Reviewer
2112,it-IT,428,Translator
2112,it-IT,201,Reviewer
2112,es-ES,90,Translator
2112,es-ES,155,Reviewer
2113,de-DE,300,Translator
2113,de-DE,48,Reviewer
2113,es-ES,45,Translator
2113,es-ES,161,Reviewer
2114,it-IT,216,Translator
2114,it-IT,456,Reviewer
2114,de-DE,115,Translator
2114,de-DE,240,Reviewer
2114,fr-FR,326,Translator
2114,fr-FR,444,Reviewer
2114,ja-JP,211,Translator
2114,ja-JP,266,Reviewer
2114,es-ES,223,Translator
2114,es-ES,155,Reviewer
2115,it-IT,467,Translator
2115,it-IT,443,Reviewer
2115,de-DE,352,Translator
2115,de-DE,240,Reviewer
2115,es-ES,426,Translator
2115,es-ES,155,Reviewer
2115,fr-FR,91,Translator
2115,fr-FR,365,Reviewer
2115,ja-JP,187,Translator
2115,ja-JP,281,Reviewer
2116,fr-FR,82,Translator
2116,ja-JP,98,Translator
2116,de-DE,56,Translator
2116,zh-CN,228,Translator
2117,es-ES,141,Translator
2117,es-ES,76,Reviewer
2118,es-ES,226,Translator
2118,fr-FR,302,Translator
2118,ja-JP,239,Translator
2118,de-DE,486,Translator
2119,de-DE,78,Translator
2119,de-DE,303,Reviewer
2119,ja-JP,266,Translator
2119,ja-JP,281,Reviewer
2119,fr-FR,363,Translator
2119,fr-FR,24,Reviewer
2120,de-DE,61,Translator
2120,de-DE,142,Reviewer
2120,es-ES,168,Translator
2120,es-ES,263,Reviewer
2120,fr-FR,260,Translator
2120,fr-FR,3,Reviewer
2120,ja-JP,281,Translator
2120,ja-JP,95,Reviewer
2121,fr-FR,94,Translator
2121,es-ES,475,Translator
2121,it-IT,347,Translator
2122,de-DE,115,Translator
2122,de-DE,424,Reviewer
2122,it-IT,47,Translator
2122,it-IT,428,Reviewer
2122,es-ES,226,Translator
2122,es-ES,101,Reviewer
2122,ja-JP,285,Translator
2122,ja-JP,95,Reviewer
2123,es-ES,426,Translator
2123,es-ES,161,Reviewer
2123,de-DE,348,Translator
2123,de-DE,97,Reviewer
2123,fr-FR,327,Translator
2123,fr-FR,58,Reviewer
2124,zh-CN,20,Translator
2124,de-DE,199,Translator
2124,fr-FR,444,Translator
2125,es-ES,200,Translator
2125,es-ES,76,Reviewer
2125,de-DE,61,Translator
2125,de-DE,144,Reviewer
2125,en-GB,292,Translator
2125,en-GB,30,Reviewer
2125,fr-FR,171,Translator
2125,fr-FR,363,Reviewer
2125,ja-JP,74,Translator
2125,ja-JP,95,Reviewer
2126,ja-JP,281,Translator
2127,de-DE,303,Translator
2127,de-DE,78,Reviewer
2128,de-DE,197,Translator
2128,fr-FR,5,Translator
2128,zh-CN,497,Translator
2129,fr-FR,302,Translator
2130,de-DE,144,Translator
2130,de-DE,177,Reviewer
2130,zh-CN,489,Translator
2130,zh-CN,376,Reviewer
2130,es-ES,155,Translator
2130,es-ES,223,Reviewer
2130,fr-FR,322,Translator
2130,fr-FR,236,Reviewer
2131,es-ES,101,Translator
2131,de-DE,352,Translator
2131,ja-JP,254,Translator
2131,fr-FR,435,Translator
2132,ja-JP,187,Translator
2132,en-GB,292,Translator
2132,es-ES,241,Translator
2133,ja-JP,397,Translator
2133,ja-JP,193,Reviewer
2133,de-DE,434,Translator
2133,de-DE,370,Reviewer
2133,fr-FR,225,Translator
2133,fr-FR,435,Reviewer
2133,ko-KR,267,Translator
2133,ko-KR,102,Reviewer
2133,zh-CN,111,Translator
2133,zh-CN,2,Reviewer
2134,de-DE,97,Translator
2134,de-DE,144,Reviewer
2135,de-DE,486,Translator
2135,de-DE,374,Reviewer
2136,de-DE,339,Translator
2136,de-DE,115,Reviewer
2136,it-IT,408,Translator
2136,it-IT,347,Reviewer
2136,nl-NL,196,Translator
2136,nl-NL,371,Reviewer
2136,es-ES,168,Translator
2136,es-ES,426,Reviewer
2136,fr-FR,365,Translator
2136,fr-FR,380,Reviewer
2137,de-DE,48,Translator
2137,de-DE,56,Reviewer
2137,en-US,154,Translator
2137,en-US,11,Reviewer
2137,ja-JP,455,Translator
2137,ja-JP,74,Reviewer
2137,fr-FR,82,Translator
2137,fr-FR,484,Reviewer
2138,zh-CN,232,Translator
2138,zh-CN,429,Reviewer
2138,de-DE,71,Translator
2138,de-DE,78,Reviewer
2138,fr-FR,423,Translator
2138,fr-FR,162,Reviewer
2139,fr-FR,225,Translator
2139,de-DE,288,Translator
2139,es-ES,200,Translator
2139,it-IT,465,Translator
2140,it-IT,347,Translator
2140,it-IT,175,Reviewer
2141,ko-KR,344,Translator
2141,ko-KR,124,Reviewer
2142,de-DE,309,Translator
2142,de-DE,486,Reviewer
2142,da-DK,476,Translator
2142,da-DK,290,Reviewer
2142,fr-FR,180,Translator
2142,fr-FR,363,Reviewer
2143,es-ES,241,Translator
2143,es-ES,141,Reviewer
2143,fr-FR,444,Translator
2143,fr-FR,326,Reviewer
2143,pt-BR,14,Translator
2143,pt-BR,431,Reviewer
2143,ja-JP,221,Translator
2143,ja-JP,455,Reviewer
2143,de-DE,339,Translator
2143,de-DE,309,Reviewer
2144,es-ES,226,Translator
2144,fr-FR,5,Translator
2144,de-DE,374,Translator
2144,it-IT,201,Translator
2145,fr-FR,236,Translator
2145,fr-FR,5,Reviewer
2146,ja-JP,397,Translator
2146,ja-JP,364,Reviewer
2147,zh-CN,340,Translator
2147,de-DE,301,Translator
2147,ko-KR,102,Translator
2148,ja-JP,255,Translator
2149,fr-FR,326,Translator
2149,de-DE,56,Translator
2150,es-ES,263,Translator
2150,es-ES,76,Reviewer
2150,ja-JP,74,Translator
2150,ja-JP,187,Reviewer
2150,fr-FR,365,Translator
2150,fr-FR,236,Reviewer
2150,de-DE,434,Translator
2150,de-DE,370,Reviewer
2151,da-DK,485,Translator
2151,da-DK,19,Reviewer
2151,fr-FR,229,Translator
2151,fr-FR,250,Reviewer
2152,es-ES,241,Translator
2152,de-DE,309,Translator
2153,fr-FR,236,Translator
2153,fr-FR,453,Reviewer
2153,en-US,173,Translator
2153,en-US,151,Reviewer
2153,de-DE,434,Translator
2153,de-DE,352,Reviewer
2153,ja-JP,494,Translator
2153,ja-JP,270,Reviewer
2154,es-ES,226,Translator
2154,es-ES,45,Reviewer
2154,fr-FR,3,Translator
2154,fr-FR,369,Reviewer
2154,de-DE,78,Translator
2154,de-DE,424,Reviewer
2155,fr-FR,423,Translator
2155,fr-FR,459,Reviewer
2156,es-ES,163,Translator
2156,es-ES,475,Reviewer
2156,de-DE,339,Translator
2156,de-DE,301,Reviewer
2156,fr-FR,302,Translator
2156,fr-FR,94,Reviewer
2156,it-IT,385,Translator
2156,it-IT,181,Reviewer
2157,ko-KR,321,Translator
2157,ko-KR,235,Reviewer
2157,de-DE,115,Translator
2157,de-DE,144,Reviewer
2157,es-ES,323,Translator
2157,es-ES,483,Reviewer
2158,it-IT,428,Translator
2158,it-IT,456,Reviewer
2158,fr-FR,453,Translator
2158,fr-FR,302,Reviewer
2158,de-DE,142,Translator
2158,de-DE,71,Reviewer
2158,es-ES,66,Translator
2158,es-ES,483,Reviewer
2159,de-DE,370,Translator
2159,de-DE,348,Reviewer
2160,fr-FR,406,Translator
2160,es-ES,426,Translator
2160,de-DE,348,Translator
2161,ja-JP,239,Translator
2161,ja-JP,470,Reviewer
2162,fr-FR,369,Translator
2162,fr-FR,158,Reviewer
2163,es-ES,231,Translator
2163,es-ES,163,Reviewer
2163,de-DE,78,Translator
2163,de-DE,300,Reviewer
2163,ja-JP,72,Translator
2163,ja-JP,73,Reviewer
2163,fr-FR,94,Translator
2163,fr-FR,369,Reviewer
2164,fr-FR,58,Translator
2164,fr-FR,381,Reviewer
2164,de-DE,97,Translator
2164,de-DE,142,Reviewer
2164,en-GB,178,Translator
2164,en-GB,341,Reviewer
2165,en-US,384,Translator
2165,en-US,487,Reviewer
2165,fr-FR,250,Translator
2165,fr-FR,302,Reviewer
2165,de-DE,301,Translator
2165,de-DE,78,Reviewer
2166,de-DE,110,Translator
2166,de-DE,177,Reviewer
2166,fr-FR,94,Translator
2166,fr-FR,369,Reviewer
2166,ja-JP,364,Translator
2166,ja-JP,182,Reviewer
2166,zh-CN,319,Translator
2166,zh-CN,106,Reviewer
2167,es-ES,101,Translator
2167,es-ES,226,Reviewer
2167,fr-FR,244,Translator
2167,fr-FR,441,Reviewer
2167,pt-BR,431,Translator
2167,pt-BR,395,Reviewer
2167,it-IT,47,Translator
2167,it-IT,36,Reviewer
2167,de-DE,56,Translator
2167,de-DE,61,Reviewer
2168,es-ES,226,Translator
2168,fr-FR,3,Translator
2168,de-DE,224,Translator
2169,it-IT,492,Translator
2169,it-IT,152,Reviewer
2169,de-DE,71,Translator
2169,de-DE,348,Reviewer
2169,fr-FR,484,Translator
2169,fr-FR,250,Reviewer
2170,fr-FR,302,Translator
2170,es-ES,226,Translator
2170,it-IT,428,Translator
2170,nl-NL,87,Translator
2170,de-DE,352,Translator
2171,da-DK,476,Translator
2171,es-ES,141,Translator
2171,de-DE,56,Translator
2171,fr-FR,244,Translator
2172,it-IT,385,Translator
2172,it-IT,408,Reviewer
2172,fr-FR,82,Translator
2172,fr-FR,260,Reviewer
2172,es-ES,101,Translator
2172,es-ES,399,Reviewer
2172,de-DE,348,Translator
2172,de-DE,309,Reviewer
2173,es-ES,141,Translator
2173,es-ES,168,Reviewer
2173,pt-BR,268,Translator
2173,pt-BR,105,Reviewer
2173,it-IT,492,Translator
2173,it-IT,201,Reviewer
2173,fr-FR,180,Translator
2173,fr-FR,423,Reviewer
2173,de-DE,78,Translator
2173,de-DE,348,Reviewer
2174,es-ES,263,Translator
2174,it-IT,465,Translator
2174,ja-JP,364,Translator
2174,de-DE,177,Translator
2174,fr-FR,363,Translator
2175,en-GB,472,Translator
2175,en-GB,341,Reviewer
2176,it-IT,492,Translator
2176,it-IT,152,Reviewer
2176,ja-JP,351,Translator
2176,ja-JP,182,Reviewer
2176,fr-FR,33,Translator
2176,fr-FR,162,Reviewer
2176,es-ES,223,Translator
2176,es-ES,163,Reviewer
2176,de-DE,197,Translator
2176,de-DE,115,Reviewer
2177,es-ES,390,Translator
2177,es-ES,226,Reviewer
2178,it-IT,465,Translator
2178,es-ES,76,Translator
2178,nl-NL,87,Translator
2178,de-DE,144,Translator
2179,de-DE,288,Translator
2179,de-DE,301,Reviewer
2179,ja-JP,98,Translator
2179,ja-JP,491,Reviewer
2180,es-ES,475,Translator
2180,es-ES,483,Reviewer
2180,fr-FR,58,Translator
2180,fr-FR,444,Reviewer
2180,it-IT,456,Translator
2180,it-IT,36,Reviewer
2180,de-DE,339,Translator
2180,de-DE,288,Reviewer
2180,nl-NL,371,Translator
2180,nl-NL,166,Reviewer
2181,zh-CN,20,Translator
2181,zh-CN,495,Reviewer
2181,es-ES,29,Translator
2181,es-ES,241,Reviewer
2181,fr-FR,453,Translator
2181,fr-FR,94,Reviewer
2181,ja-JP,95,Translator
2181,ja-JP,266,Reviewer
2182,de-DE,61,Translator
2182,de-DE,57,Reviewer
2183,fr-FR,260,Translator
2183,fr-FR,365,Reviewer
2183,es-ES,155,Translator
2183,es-ES,161,Reviewer
2184,fr-FR,327,Translator
2184,zh-CN,489,Translator
2184,de-DE,309,Translator
2184,ja-JP,74,Translator
2185,ja-JP,494,Translator
2185,ja-JP,95,Reviewer
2185,en-US,384,Translator
2185,en-US,362,Reviewer
2185,de-DE,110,Translator
2185,de-DE,56,Reviewer
2186,es-ES,483,Translator
2186,es-ES,294,Reviewer
2187,ja-JP,266,Translator
2187,fr-FR,326,Translator
2187,de-DE,374,Translator
2187,zh-CN,136,Translator
2188,ja-JP,103,Translator
2188,ja-JP,397,Reviewer
2189,en-GB,498,Translator
2189,de-DE,142,Translator
2189,fr-FR,423,Translator
2190,fr-FR,180,Translator
2190,fr-FR,444,Reviewer
2190,de-DE,300,Translator
2190,de-DE,486,Reviewer
2190,ko-KR,331,Translator
2190,ko-KR,375,Reviewer
2190,ja-JP,221,Translator
2190,ja-JP,366,Reviewer
2191,es-ES,101,Translator
2191,en-GB,139,Translator
2191,ja-JP,270,Translator
2191,fr-FR,406,Translator
2191,de-DE,142,Translator
2192,en-GB,396,Translator
2192,en-GB,480,Reviewer
2192,de-DE,424,Translator
2192,de-DE,352,Reviewer
2192,fr-FR,423,Translator
2192,fr-FR,381,Reviewer
2193,fr-FR,3,Translator
2193,fr-FR,58,Reviewer
2193,ja-JP,270,Translator
2193,ja-JP,295,Reviewer
2193,ko-KR,305,Translator
2193,ko-KR,445,Reviewer
2193,es-ES,76,Translator
2193,es-ES,399,Reviewer
2193,de-DE,71,Translator
2193,de-DE,177,Reviewer
2194,ja-JP,187,Translator
2195,fr-FR,169,Translator
2195,fr-FR,322,Reviewer
2195,ja-JP,491,Translator
2195,ja-JP,95,Reviewer
2196,ja-JP,103,Translator
2196,de-DE,57,Translator
2196,fr-FR,451,Translator
2196,es-ES,29,Translator
2197,de-DE,300,Translator
2197,fr-FR,164,Translator
2197,en-GB,498,Translator
2198,fr-FR,164,Translator
2198,ja-JP,254,Translator
2199,zh-CN,308,Translator
2199,zh-CN,340,Reviewer
2199,fr-FR,459,Translator
2199,fr-FR,33,Reviewer
2200,de-DE,303,Translator
2200,de-DE,199,Reviewer
2200,fr-FR,363,Translator
2200,fr-FR,369,Reviewer
2201,de-DE,352,Translator
2201,it-IT,18,Translator
2201,fr-FR,162,Translator
2201,es-ES,263,Translator
2202,fr-FR,369,Translator
2202,fr-FR,326,Reviewer
2202,de-DE,352,Translator
2202,de-DE,434,Reviewer
2202,en-GB,132,Translator
2202,en-GB,436,Reviewer
2203,es-ES,134,Translator
2203,es-ES,323,Reviewer
2203,de-DE,309,Translator
2203,de-DE,177,Reviewer
2203,fr-FR,381,Translator
2203,fr-FR,58,Reviewer
2203,ja-JP,255,Translator
2203,ja-JP,211,Reviewer
2203,it-IT,428,Translator
2203,it-IT,492,Reviewer
2204,ja-JP,98,Translator
2204,ja-JP,95,Reviewer
2204,de-DE,370,Translator
2204,de-DE,348,Reviewer
2205,ja-JP,72,Translator
2205,ja-JP,455,Reviewer
2206,ja-JP,72,Translator
2206,ja-JP,187,Reviewer
2206,es-ES,399,Translator
2206,es-ES,483,Reviewer
2207,de-DE,240,Translator
2207,de-DE,48,Reviewer
2207,fr-FR,459,Translator
2207,fr-FR,5,Reviewer
2208,fr-FR,380,Translator
2208,fr-FR,24,Reviewer
2208,ja-JP,421,Translator
2208,ja-JP,187,Reviewer
2208,es-ES,231,Translator
2208,es-ES,263,Reviewer
2208,de-DE,370,Translator
2208,de-DE,56,Reviewer
2209,es-ES,241,Translator
2209,de-DE,309,Translator
2209,fr-FR,435,Translator
2209,ja-JP,397,Translator
2210,en-GB,487,Translator
2210,fr-FR,365,Translator
2211,it-IT,443,Translator
2212,fr-FR,459,Translator
2212,de-DE,110,Translator
2212,zh-CN,96,Translator
2212,es-ES,45,Translator
2213,es-ES,231,Translator
2213,es-ES,475,Reviewer
2214,es-ES,45,Translator
2214,es-ES,323,Reviewer
2214,ko-KR,490,Translator
2214,ko-KR,432,Reviewer
2214,de-DE,486,Translator
2214,de-DE,288,Reviewer
2214,fr-FR,229,Translator
2214,fr-FR,250,Reviewer
2214,ja-JP,281,Translator
2214,ja-JP,193,Reviewer
2215,fr-FR,464,Translator
2215,fr-FR,162,Reviewer
2215,de-DE,339,Translator
2215,de-DE,352,Reviewer
2216,de-DE,348,Translator
2216,fr-FR,369,Translator
2216,zh-CN,308,Translator
2216,ja-JP,366,Translator
2217,de-DE,142,Translator
2217,de-DE,301,Reviewer
2218,ko-KR,267,Translator
2218,es-ES,223,Translator
2219,fr-FR,169,Translator
2219,fr-FR,369,Reviewer
2219,ja-JP,239,Translator
2219,ja-JP,73,Reviewer
2219,en-US,357,Translator
2219,en-US,212,Reviewer
2219,de-DE,339,Translator
2219,de-DE,486,Reviewer
2220,fr-FR,244,Translator
2220,fr-FR,322,Reviewer
2220,de-DE,197,Translator
2220,de-DE,144,Reviewer
2220,es-ES,226,Translator
2220,es-ES,90,Reviewer
2220,ja-JP,255,Translator
2220,ja-JP,281,Reviewer
2221,ko-KR,243,Translator
2222,es-ES,168,Translator
2222,zh-CN,429,Translator
2222,fr-FR,244,Translator
2222,de-DE,57,Translator
2223,fr-FR,464,Translator
2223,zh-CN,312,Translator
2223,de-DE,78,Translator
2224,es-ES,241,Translator
2224,es-ES,76,Reviewer
2224,ja-JP,266,Translator
2224,ja-JP,317,Reviewer
2224,fr-FR,244,Translator
2224,fr-FR,435,Reviewer
2224,de-DE,240,Translator
2224,de-DE,303,Reviewer
2225,zh-CN,204,Translator
2225,zh-CN,2,Reviewer
2225,ja-JP,455,Translator
2225,ja-JP,494,Reviewer
2225,fr-FR,24,Translator
2225,fr-FR,180,Reviewer
2225,de-DE,142,Translator
2225,de-DE,177,Reviewer
2226,es-ES,483,Translator
2226,it-IT,175,Translator
2226,ja-JP,397,Translator
2226,de-DE,71,Translator
2227,fr-FR,33,Translator
2227,es-ES,101,Translator
2227,de-DE,199,Translator
2227,en-US,117,Translator
2228,ja-JP,254,Translator
2228,ja-JP,320,Reviewer
2229,ja-JP,187,Translator
2229,ja-JP,73,Reviewer
2229,it-IT,201,Translator
2229,it-IT,175,Reviewer
2229,es-ES,475,Translator
2229,es-ES,200,Reviewer
2229,de-DE,339,Translator
2229,de-DE,115,Reviewer
2230,fr-FR,322,Translator
2230,fr-FR,164,Reviewer
2230,de-DE,177,Translator
2230,de-DE,240,Reviewer
2230,es-ES,141,Translator
2230,es-ES,155,Reviewer
2230,da-DK,19,Translator
2230,da-DK,407,Reviewer
2231,fr-FR,24,Translator
2231,ja-JP,266,Translator
2231,en-US,173,Translator
2231,de-DE,370,Translator
2232,en-GB,498,Translator
2232,fr-FR,24,Translator
2232,de-DE,352,Translator
2233,de-DE,197,Translator
2233,de-DE,110,Reviewer
2233,pt-BR,262,Translator
2233,pt-BR,41,Reviewer
2233,ja-JP,255,Translator
2233,ja-JP,285,Reviewer
2233,fr-FR,302,Translator
2233,fr-FR,162,Reviewer
2233,es-ES,390,Translator
2233,es-ES,90,Reviewer
2234,es-ES,155,Translator
2234,es-ES,231,Reviewer
2234,ja-JP,254,Translator
2234,ja-JP,397,Reviewer
2234,fr-FR,406,Translator
2234,fr-FR,326,Reviewer
2235,fr-FR,94,Translator
2235,fr-FR,162,Reviewer
2235,ja-JP,221,Translator
2235,ja-JP,366,Reviewer
2235,en-US,383,Translator
2235,en-US,151,Reviewer
2235,de-DE,240,Translator
2235,de-DE,374,Reviewer
2236,fr-FR,453,Translator
2236,fr-FR,464,Reviewer
2236,de-DE,48,Translator
2236,de-DE,57,Reviewer
2237,fr-FR,322,Translator
2237,fr-FR,180,Reviewer
2237,es-ES,200,Translator
2237,es-ES,483,Reviewer
2237,de-DE,370,Translator
2237,de-DE,199,Reviewer
2237,zh-CN,340,Translator
2237,zh-CN,99,Reviewer
2238,de-DE,97,Translator
2238,de-DE,71,Reviewer
2238,en-GB,341,Translator
2238,en-GB,313,Reviewer
2239,pt-BR,185,Translator
2239,pt-BR,160,Reviewer
2239,ja-JP,193,Translator
2239,ja-JP,98,Reviewer
2240,es-ES,90,Translator
2240,es-ES,294,Reviewer
2240,de-DE,177,Translator
2240,de-DE,352,Reviewer
2240,da-DK,273,Translator
2240,da-DK,137,Reviewer
2240,fr-FR,441,Translator
2240,fr-FR,225,Reviewer
2241,ja-JP,266,Translator
2241,ja-JP,98,Reviewer
2242,de-DE,486,Translator
2242,de-DE,374,Reviewer
2242,fr-FR,225,Translator
2242,fr-FR,435,Reviewer
2243,fr-FR,169,Translator
2243,fr-FR,171,Reviewer
2243,es-ES,163,Translator
2243,es-ES,323,Reviewer
2243,de-DE,97,Translator
2243,de-DE,61,Reviewer
2243,ja-JP,73,Translator
2243,ja-JP,193,Reviewer
2244,es-ES,141,Translator
2244,ja-JP,364,Translator
2244,fr-FR,406,Translator
2245,ja-JP,449,Translator
2245,ja-JP,397,Reviewer
2246,en-GB,487,Translator
2246,en-GB,480,Reviewer
2246,de-DE,348,Translator
2246,de-DE,56,Reviewer
2247,fr-FR,3,Translator
2247,fr-FR,451,Reviewer
2247,es-ES,426,Translator
2247,es-ES,294,Reviewer
2247,it-IT,385,Translator
2247,it-IT,175,Reviewer
2247,de-DE,309,Translator
2247,de-DE,97,Reviewer
2247,ja-JP,193,Translator
2247,ja-JP,494,Reviewer
2248,es-ES,45,Translator
2248,es-ES,141,Reviewer
2248,ja-JP,366,Translator
2248,ja-JP,266,Reviewer
2248,fr-FR,3,Translator
2248,fr-FR,250,Reviewer
2248,de-DE,97,Translator
2248,de-DE,110,Reviewer
2249,ja-JP,187,Translator
2249,ja-JP,491,Reviewer
2249,fr-FR,171,Translator
2249,fr-FR,94,Reviewer
2249,de-DE,309,Translator
2249,de-DE,339,Reviewer
2249,es-ES,263,Translator
2249,es-ES,241,Reviewer
2249,ko-KR,179,Translator
2249,ko-KR,316,Reviewer
2250,zh-CN,111,Translator
2250,zh-CN,228,Reviewer
2250,fr-FR,363,Translator
2250,fr-FR,82,Reviewer
2250,de-DE,71,Translator
2250,de-DE,197,Reviewer
2250,ja-JP,320,Translator
2250,ja-JP,270,Reviewer
2251,fr-FR,451,Translator
2251,fr-FR,3,Reviewer
2252,zh-CN,111,Translator
2252,zh-CN,308,Reviewer
2253,de-DE,110,Translator
2253,de-DE,240,Reviewer
2253,fr-FR,91,Translator
2253,fr-FR,464,Reviewer
2253,zh-CN,312,Translator
2253,zh-CN,493,Reviewer
2253,es-ES,390,Translator
2253,es-ES,399,Reviewer
2254,zh-CN,204,Translator
2254,zh-CN,497,Reviewer
2254,fr-FR,94,Translator
2254,fr-FR,423,Reviewer
2254,es-ES,223,Translator
2254,es-ES,323,Reviewer
2254,ja-JP,351,Translator
2254,ja-JP,254,Reviewer
2254,de-DE,300,Translator
2254,de-DE,48,Reviewer
2255,es-ES,390,Translator
2255,es-ES,399,Reviewer
2256,en-GB,292,Translator
2256,en-GB,178,Reviewer
2256,fr-FR,326,Translator
2256,fr-FR,322,Reviewer
2256,de-DE,142,Translator
2256,de-DE,144,Reviewer
2257,ja-JP,366,Translator
2257,ja-JP,455,Reviewer
2258,ja-JP,364,Translator
2258,ja-JP,98,Reviewer
2258,es-ES,76,Translator
2258,es-ES,200,Reviewer
2259,fr-FR,423,Translator
2259,fr-FR,451,Reviewer
2259,en-GB,139,Translator
2259,en-GB,341,Reviewer
2259,ja-JP,317,Translator
2259,ja-JP,364,Reviewer
2260,de-DE,78,Translator
2260,fr-FR,369,Translator
2260,es-ES,161,Translator
2261,de-DE,48,Translator
2261,de-DE,177,Reviewer
2261,es-ES,134,Translator
2261,es-ES,475,Reviewer
2261,en-US,93,Translator
2261,en-US,468,Reviewer
2261,fr-FR,380,Translator
2261,fr-FR,171,Reviewer
2262,es-ES,390,Translator
2262,fr-FR,464,Translator
2262,ja-JP,255,Translator
2263,fr-FR,441,Translator
2263,fr-FR,444,Reviewer
2263,ja-JP,239,Translator
2263,ja-JP,320,Reviewer
2263,es-ES,134,Translator
2263,es-ES,161,Reviewer
2263,de-DE,352,Translator
2263,de-DE,71,Reviewer
2264,es-ES,241,Translator
2264,es-ES,294,Reviewer
2264,de-DE,97,Translator
2264,de-DE,339,Reviewer
2265,de-DE,374,Translator
2265,fr-FR,453,Translator
2265,zh-CN,16,Translator
2266,da-DK,172,Translator
2266,fr-FR,464,Translator
2266,es-ES,226,Translator
2266,de-DE,303,Translator
2267,fr-FR,464,Translator
2267,it-IT,456,Translator
2267,de-DE,339,Translator
2268,es-ES,399,Translator
2268,it-IT,467,Translator
2268,fr-FR,180,Translator
2268,de-DE,339,Translator
2269,fr-FR,180,Translator
2269,es-ES,66,Translator
2269,ja-JP,364,Translator
2269,ko-KR,235,Translator
2269,de-DE,48,Translator
2270,fr-FR,229,Translator
2270,fr-FR,164,Reviewer
2270,de-DE,61,Translator
2270,de-DE,309,Reviewer
2271,fr-FR,435,Translator
2271,de-DE,177,Translator
2271,it-IT,443,Translator
2271,pl-PL,251,Translator
2271,es-ES,168,Translator
2272,fr-FR,82,Translator
2272,fr-FR,5,Reviewer
2272,ja-JP,98,Translator
2272,ja-JP,239,Reviewer
2272,de-DE,48,Translator
2272,de-DE,199,Reviewer
2273,fr-FR,369,Translator
2274,ja-JP,255,Translator
2274,fr-FR,441,Translator
2274,es-ES,200,Translator
2275,zh-CN,376,Translator
2275,zh-CN,489,Reviewer
2275,fr-FR,24,Translator
2275,fr-FR,365,Reviewer
2275,de-DE,309,Translator
2275,de-DE,224,Reviewer
2275,ja-JP,187,Translator
2275,ja-JP,221,Reviewer
2276,it-IT,465,Translator
2276,it-IT,443,Reviewer
2276,de-DE,240,Translator
2276,de-DE,57,Reviewer
2276,es-ES,161,Translator
2276,es-ES,323,Reviewer
2276,pt-BR,418,Translator
2276,pt-BR,411,Reviewer
2276,fr-FR,369,Translator
2276,fr-FR,229,Reviewer
2277,ko-KR,149,Translator
2277,ko-KR,316,Reviewer
2277,de-DE,301,Translator
2277,de-DE,177,Reviewer
2277,ja-JP,366,Translator
2277,ja-JP,317,Reviewer
2277,fr-FR,82,Translator
2277,fr-FR,3,Reviewer
2277,zh-CN,106,Translator
2277,zh-CN,319,Reviewer
2278,ja-JP,221,Translator
2278,ja-JP,103,Reviewer
2278,fr-FR,260,Translator
2278,fr-FR,162,Reviewer
2278,zh-CN,308,Translator
2278,zh-CN,228,Reviewer
2278,de-DE,78,Translator
2278,de-DE,71,Reviewer
2278,ko-KR,124,Translator
2278,ko-KR,235,Reviewer
2279,ja-JP,239,Translator
2279,de-DE,301,Translator
2279,fr-FR,363,Translator
2280,ja-JP,187,Translator
2280,ja-JP,494,Reviewer
2280,fr-FR,380,Translator
2280,fr-FR,250,Reviewer
2280,es-ES,134,Translator
2280,es-ES,323,Reviewer
2280,de-DE,339,Translator
2280,de-DE,199,Reviewer
2281,ja-JP,187,Translator
2281,ja-JP,320,Reviewer
2282,fr-FR,464,Translator
2282,fr-FR,236,Reviewer
2282,nl-NL,371,Translator
2282,nl-NL,196,Reviewer
2282,es-ES,323,Translator
2282,es-ES,161,Reviewer
2282,de-DE,48,Translator
2282,de-DE,110,Reviewer
2282,it-IT,492,Translator
2282,it-IT,416,Reviewer
2283,ja-JP,221,Translator
2284,es-ES,475,Translator
2284,ko-KR,210,Translator
2285,it-IT,443,Translator
2285,de-DE,177,Translator
2285,es-ES,223,Translator
2286,ja-JP,397,Translator
2286,ja-JP,351,Reviewer
2286,fr-FR,326,Translator
2286,fr-FR,171,Reviewer
2286,es-ES,66,Translator
2286,es-ES,241,Reviewer
2287,es-ES,45,Translator
2287,de-DE,288,Translator
2287,it-IT,465,Translator
2288,de-DE,97,Translator
2288,ja-JP,73,Translator
2289,nl-NL,65,Translator
2289,nl-NL,123,Reviewer
2289,fr-FR,82,Translator
2289,fr-FR,5,Reviewer
2289,it-IT,175,Translator
2289,it-IT,465,Reviewer
2289,es-ES,134,Translator
2289,es-ES,223,Reviewer
2289,de-DE,339,Translator
2289,de-DE,197,Reviewer
2290,pt-BR,185,Translator
2290,pt-BR,131,Reviewer
2291,ja-JP,239,Translator
2291,de-DE,352,Translator
2291,fr-FR,327,Translator
2291,es-ES,399,Translator
2292,de-DE,374,Translator
2292,de-DE,224,Reviewer
2292,fr-FR,180,Translator
2292,fr-FR,169,Reviewer
2292,zh-CN,96,Translator
2292,zh-CN,495,Reviewer
2293,zh-CN,99,Translator
2293,ja-JP,211,Translator
2293,fr-FR,435,Translator
2293,de-DE,224,Translator
2293,ko-KR,209,Translator
2294,es-ES,294,Translator
2294,es-ES,134,Reviewer
2294,fr-FR,464,Translator
2294,fr-FR,58,Reviewer
2294,de-DE,199,Translator
2294,de-DE,348,Reviewer
2294,ja-JP,254,Translator
2294,ja-JP,72,Reviewer
2294,it-IT,152,Translator
2294,it-IT,175,Reviewer
2295,ja-JP,73,Translator
2295,zh-CN,340,Translator
2295,fr-FR,3,Translator
2295,de-DE,142,Translator
2296,ja-JP,285,Translator
2296,ja-JP,281,Reviewer
2296,es-ES,223,Translator
2296,es-ES,200,Reviewer
2296,fr-FR,5,Translator
2296,fr-FR,381,Reviewer
2296,de-DE,97,Translator
2296,de-DE,486,Reviewer
2297,de-DE,352,Translator
2297,de-DE,71,Reviewer
2297,da-DK,279,Translator
2297,da-DK,195,Reviewer
2297,es-ES,161,Translator
2297,es-ES,231,Reviewer
2297,fr-FR,451,Translator
2297,fr-FR,459,Reviewer
2298,de-DE,309,Translator
2298,de-DE,352,Reviewer
2298,es-ES,134,Translator
2298,es-ES,426,Reviewer
2298,ja-JP,270,Translator
2298,ja-JP,285,Reviewer
2298,fr-FR,322,Translator
2298,fr-FR,327,Reviewer
2299,de-DE,309,Translator
2299,es-ES,155,Translator
2299,ja-JP,74,Translator
2299,fr-FR,406,Translator
2299,en-GB,313,Translator
2300,ja-JP,421,Translator
2300,ja-JP,73,Reviewer
2301,es-ES,323,Translator
2301,fr-FR,5,Translator
2302,es-ES,323,Translator
2302,es-ES,134,Reviewer
2302,ko-KR,284,Translator
2302,ko-KR,124,Reviewer
2302,ja-JP,491,Translator
2302,ja-JP,255,Reviewer
2302,de-DE,142,Translator
2302,de-DE,374,Reviewer
2303,fr-FR,326,Translator
2303,ja-JP,320,Translator
2303,de-DE,300,Translator
2303,es-ES,76,Translator
2304,ja-JP,72,Translator
2304,ja-JP,221,Reviewer
2304,de-DE,177,Translator
2304,de-DE,374,Reviewer
2304,fr-FR,423,Translator
2304,fr-FR,229,Reviewer
2305,es-ES,426,Translator
2305,es-ES,155,Reviewer
2305,en-GB,313,Translator
2305,en-GB,324,Reviewer
2305,ja-JP,494,Translator
2305,ja-JP,295,Reviewer
2305,de-DE,424,Translator
2305,de-DE,142,Reviewer
2305,fr-FR,236,Translator
2305,fr-FR,435,Reviewer
2306,ja-JP,421,Translator
2306,ja-JP,182,Reviewer
2306,it-IT,216,Translator
2306,it-IT,465,Reviewer
2307,it-IT,492,Translator
2307,it-IT,36,Reviewer
2307,de-DE,352,Translator
2307,de-DE,374,Reviewer
2308,de-DE,374,Translator
2308,de-DE,348,Reviewer
2308,fr-FR,277,Translator
2308,fr-FR,158,Reviewer
2308,ja-JP,281,Translator
2308,ja-JP,317,Reviewer
2308,es-ES,29,Translator
2308,es-ES,426,Reviewer
2309,ja-JP,221,Translator
2309,ja-JP,255,Reviewer
2309,ko-KR,246,Translator
2309,ko-KR,235,Reviewer
2309,es-ES,66,Translator
2309,es-ES,294,Reviewer
2309,de-DE,97,Translator
2309,de-DE,240,Reviewer
2309,fr-FR,444,Translator
2309,fr-FR,260,Reviewer
2310,ja-JP,366,Translator
2310,ja-JP,266,Reviewer
2310,fr-FR,380,Translator
2310,fr-FR,82,Reviewer
2310,de-DE,301,Translator
2310,de-DE,288,Reviewer
2310,ko-KR,445,Translator
2310,ko-KR,358,Reviewer
2310,es-ES,263,Translator
2310,es-ES,241,Reviewer
2311,de-DE,110,Translator
2311,de-DE,240,Reviewer
2312,fr-FR,244,Translator
2312,fr-FR,229,Reviewer
2312,ja-JP,449,Translator
2312,ja-JP,193,Reviewer
2312,es-ES,168,Translator
2312,es-ES,45,Reviewer
2312,de-DE,303,Translator
2312,de-DE,434,Reviewer
2313,fr-FR,363,Translator
2313,es-ES,241,Translator
2313,de-DE,144,Translator
2313,zh-CN,340,Translator
2314,it-IT,201,Translator
2314,it-IT,492,Reviewer
2314,fr-FR,24,Translator
2314,fr-FR,365,Reviewer
2314,pt-BR,131,Translator
2314,pt-BR,262,Reviewer
2314,es-ES,45,Translator
2314,es-ES,101,Reviewer
2314,de-DE,110,Translator
2314,de-DE,56,Reviewer
2315,ja-JP,281,Translator
2315,ja-JP,470,Reviewer
2316,de-DE,301,Translator
2316,nl-NL,391,Translator
2316,fr-FR,459,Translator
2316,pl-PL,388,Translator
2316,it-IT,428,Translator
2316,es-ES,155,Translator
2317,en-US,259,Translator
2317,en-US,422,Reviewer
2317,ja-JP,494,Translator
2317,ja-JP,320,Reviewer
2317,fr-FR,164,Translator
2317,fr-FR,244,Reviewer
2317,de-DE,110,Translator
2317,de-DE,144,Reviewer
2318,zh-CN,495,Translator
2318,de-DE,434,Translator
2318,fr-FR,225,Translator
2319,ko-KR,235,Translator
2319,ko-KR,209,Reviewer
2319,ja-JP,281,Translator
2319,ja-JP,254,Reviewer
2319,fr-FR,464,Translator
2319,fr-FR,302,Reviewer
2319,es-ES,101,Translator
2319,es-ES,76,Reviewer
2319,de-DE,78,Translator
2319,de-DE,434,Reviewer
2320,ja-JP,95,Translator
2320,es-ES,399,Translator
2320,fr-FR,322,Translator
2320,ko-KR,243,Translator
2320,de-DE,56,Translator
2321,es-ES,141,Translator
2321,de-DE,288,Translator
2321,fr-FR,380,Translator
2321,ko-KR,102,Translator
2321,ja-JP,72,Translator
2322,en-US,362,Translator
2322,en-US,384,Reviewer
2323,es-ES,45,Translator
2323,es-ES,141,Reviewer
2323,de-DE,144,Translator
2323,de-DE,486,Reviewer
2323,da-DK,195,Translator
2323,da-DK,290,Reviewer
2323,fr-FR,484,Translator
2323,fr-FR,250,Reviewer
2324,zh-CN,228,Translator
2324,zh-CN,264,Reviewer
2324,fr-FR,3,Translator
2324,fr-FR,277,Reviewer
2324,ja-JP,295,Translator
2324,ja-JP,449,Reviewer
2324,de-DE,56,Translator
2324,de-DE,110,Reviewer
2325,ja-JP,270,Translator
2325,ja-JP,254,Reviewer
2326,de-DE,115,Translator
2326,de-DE,240,Reviewer
2326,fr-FR,244,Translator
2326,fr-FR,406,Reviewer
2326,it-IT,443,Translator
2326,it-IT,152,Reviewer
2327,ja-JP,351,Translator
2327,ja-JP,397,Reviewer
2327,ko-KR,432,Translator
2327,ko-KR,102,Reviewer
2327,de-DE,199,Translator
2327,de-DE,57,Reviewer
2327,fr-FR,169,Translator
2327,fr-FR,171,Reviewer
2327,es-ES,76,Translator
2327,es-ES,168,Reviewer
2328,de-DE,56,Translator
2328,de-DE,374,Reviewer
2328,es-ES,141,Translator
2328,es-ES,483,Reviewer
2328,fr-FR,453,Translator
2328,fr-FR,363,Reviewer
2328,ko-KR,344,Translator
2328,ko-KR,217,Reviewer
2328,ja-JP,239,Translator
2328,ja-JP,295,Reviewer
2329,ja-JP,421,Translator
2329,fr-FR,365,Translator
2329,de-DE,348,Translator
2329,es-ES,241,Translator
2330,de-DE,348,Translator
2331,ja-JP,491,Translator
2331,ja-JP,364,Reviewer
2331,zh-CN,20,Translator
2331,zh-CN,429,Reviewer
2331,fr-FR,453,Translator
2331,fr-FR,24,Reviewer
2332,fr-FR,24,Translator
2332,fr-FR,277,Reviewer
2332,de-DE,61,Translator
2332,de-DE,177,Reviewer
2333,ko-KR,297,Translator
2333,ko-KR,331,Reviewer
2334,fr-FR,225,Translator
2334,fr-FR,180,Reviewer
2334,de-DE,97,Translator
2334,de-DE,197,Reviewer
2335,de-DE,71,Translator
2335,de-DE,486,Reviewer
2335,fr-FR,444,Translator
2335,fr-FR,365,Reviewer
2335,ja-JP,364,Translator
2335,ja-JP,366,Reviewer
2336,pt-BR,289,Translator
2336,fr-FR,3,Translator
2336,es-ES,76,Translator
2336,it-IT,216,Translator
2336,de-DE,288,Translator
2337,de-DE,144,Translator
2337,de-DE,177,Reviewer
2337,es-ES,475,Translator
2337,es-ES,29,Reviewer
2338,es-ES,483,Translator
2338,es-ES,29,Reviewer
2339,de-DE,78,Translator
2339,de-DE,303,Reviewer
2339,fr-FR,302,Translator
2339,fr-FR,423,Reviewer
2339,ja-JP,182,Translator
2339,ja-JP,449,Reviewer
2339,en-US,362,Translator
2339,en-US,11,Reviewer
2340,es-ES,76,Translator
2340,it-IT,18,Translator
2340,de-DE,57,Translator
2340,fr-FR,169,Translator
2341,fr-FR,250,Translator
2341,en-GB,212,Translator
2341,de-DE,434,Translator
2342,fr-FR,381,Translator
2342,fr-FR,91,Reviewer
2343,ja-JP,494,Translator
2343,es-ES,263,Translator
2343,fr-FR,82,Translator
2343,ko-KR,445,Translator
2343,de-DE,177,Translator
2344,ja-JP,285,Translator
2344,es-ES,45,Translator
2344,fr-FR,327,Translator
2344,de-DE,352,Translator
2344,it-IT,47,Translator
2345,en-GB,440,Translator
2345,en-GB,178,Reviewer
2345,fr-FR,464,Translator
2345,fr-FR,453,Reviewer
2345,ja-JP,397,Translator
2345,ja-JP,295,Reviewer
2345,es-ES,76,Translator
2345,es-ES,141,Reviewer
2345,de-DE,197,Translator
2345,de-DE,339,Reviewer
2346,ja-JP,421,Translator
2346,ja-JP,366,Reviewer
2346,de-DE,177,Translator
2346,de-DE,56,Reviewer
2347,es-ES,168,Translator
2347,es-ES,163,Reviewer
2347,fr-FR,94,Translator
2347,fr-FR,459,Reviewer
2347,de-DE,61,Translator
2347,de-DE,348,Reviewer
2347,ko-KR,405,Translator
2347,ko-KR,346,Reviewer
2347,ja-JP,421,Translator
2347,ja-JP,295,Reviewer
2348,es-ES,141,Translator
2348,es-ES,323,Reviewer
2348,ja-JP,255,Translator
2348,ja-JP,295,Reviewer
2348,de-DE,224,Translator
2348,de-DE,57,Reviewer
2348,ko-KR,297,Translator
2348,ko-KR,246,Reviewer
2349,ja-JP,421,Translator
2349,ja-JP,351,Reviewer
2349,es-ES,231,Translator
2349,es-ES,66,Reviewer
2349,de-DE,240,Translator
2349,de-DE,48,Reviewer
2349,fr-FR,444,Translator
2349,fr-FR,3,Reviewer
2350,es-ES,390,Translator
2350,de-DE,142,Translator
2350,fr-FR,484,Translator
2350,it-IT,175,Translator
2351,fr-FR,464,Translator
2351,fr-FR,180,Reviewer
2351,ja-JP,364,Translator
2351,ja-JP,103,Reviewer
2352,es-ES,483,Translator
2352,es-ES,263,Reviewer
2353,fr-FR,326,Translator
2353,fr-FR,5,Reviewer
2353,es-ES,231,Translator
2353,es-ES,475,Reviewer
2354,de-DE,61,Translator
2354,de-DE,309,Reviewer
2354,fr-FR,369,Translator
2354,fr-FR,82,Reviewer
2354,da-DK,122,Translator
2354,da-DK,400,Reviewer
2354,es-ES,141,Translator
2354,es-ES,134,Reviewer
2355,fr-FR,158,Translator
2355,fr-FR,58,Reviewer
2355,de-DE,370,Translator
2355,de-DE,97,Reviewer
2355,es-ES,155,Translator
2355,es-ES,323,Reviewer
2356,fr-FR,322,Translator
2356,fr-FR,164,Reviewer
2357,es-ES,90,Translator
2357,es-ES,45,Reviewer
2357,it-IT,347,Translator
2357,it-IT,36,Reviewer
2358,fr-FR,33,Translator
2358,fr-FR,225,Reviewer
2358,ja-JP,270,Translator
2358,ja-JP,470,Reviewer
2358,es-ES,399,Translator
2358,es-ES,66,Reviewer
2358,ko-KR,445,Translator
2358,ko-KR,490,Reviewer
2358,de-DE,240,Translator
2358,de-DE,288,Reviewer
2359,de-DE,177,Translator
2359,de-DE,300,Reviewer
2360,ja-JP,285,Translator
2360,ja-JP,239,Reviewer
2360,de-DE,197,Translator
2360,de-DE,71,Reviewer
2360,es-ES,426,Translator
2360,es-ES,226,Reviewer
2360,fr-FR,236,Translator
2360,fr-FR,451,Reviewer
2361,de-DE,48,Translator
2361,de-DE,199,Reviewer
2361,es-ES,200,Translator
2361,es-ES,76,Reviewer
2361,ja-JP,74,Translator
2361,ja-JP,366,Reviewer
2361,ko-KR,445,Translator
2361,ko-KR,432,Reviewer
2361,fr-FR,169,Translator
2361,fr-FR,369,Reviewer
2362,es-ES,475,Translator
2363,de-DE,71,Translator
2363,de-DE,370,Reviewer
2364,ja-JP,73,Translator
2364,ja-JP,351,Reviewer
2364,en-US,154,Translator
2364,en-US,21,Reviewer
2364,fr-FR,327,Translator
2364,fr-FR,464,Reviewer
2364,de-DE,424,Translator
2364,de-DE,177,Reviewer
2365,fr-FR,58,Translator
2365,fr-FR,380,Reviewer
2365,es-ES,163,Translator
2365,es-ES,241,Reviewer
2365,ja-JP,351,Translator
2365,ja-JP,74,Reviewer
2365,de-DE,78,Translator
2365,de-DE,61,Reviewer
2366,en-GB,68,Translator
2366,en-GB,436,Reviewer
2366,de-DE,199,Translator
2366,de-DE,56,Reviewer
2366,fr-FR,58,Translator
2366,fr-FR,451,Reviewer
2367,ja-JP,74,Translator
2367,zh-CN,42,Translator
2367,fr-FR,158,Translator
2367,es-ES,399,Translator
2368,ko-KR,344,Translator
2368,es-ES,390,Translator
2369,de-DE,370,Translator
2369,zh-CN,106,Translator
2369,fr-FR,484,Translator
2369,ja-JP,455,Translator
2370,ja-JP,317,Translator
2370,it-IT,216,Translator
2370,fr-FR,171,Translator
2370,de-DE,56,Translator
2371,fr-FR,169,Translator
2371,en-US,233,Translator
2371,de-DE,177,Translator
2371,ja-JP,295,Translator
2372,fr-FR,435,Translator
2372,fr-FR,423,Reviewer
2372,de-DE,301,Translator
2372,de-DE,370,Reviewer
2373,es-ES,90,Translator
2373,ja-JP,73,Translator
2374,fr-FR,369,Translator
2374,fr-FR,162,Reviewer
2374,es-ES,141,Translator
2374,es-ES,76,Reviewer
2375,de-DE,374,Translator
2375,de-DE,142,Reviewer
2375,ja-JP,449,Translator
2375,ja-JP,351,Reviewer
2375,fr-FR,302,Translator
2375,fr-FR,484,Reviewer
2375,zh-CN,232,Translator
2375,zh-CN,335,Reviewer
2376,es-ES,399,Translator
2376,es-ES,475,Reviewer
2377,de-DE,288,Translator
2378,fr-FR,464,Translator
2378,fr-FR,91,Reviewer
2378,de-DE,434,Translator
2378,de-DE,48,Reviewer
2378,es-ES,294,Translator
2378,es-ES,475,Reviewer
2378,da-DK,273,Translator
2378,da-DK,409,Reviewer
2379,fr-FR,91,Translator
2379,fr-FR,459,Reviewer
2379,de-DE,370,Translator
2379,de-DE,197,Reviewer
2379,zh-CN,319,Translator
2379,zh-CN,16,Reviewer
2380,es-ES,161,Translator
2380,de-DE,177,Translator
2380,ja-JP,72,Translator
2381,de-DE,177,Translator
2381,de-DE,78,Reviewer
2382,de-DE,57,Translator
2382,de-DE,61,Reviewer
2382,fr-FR,162,Translator
2382,fr-FR,33,Reviewer
2382,en-GB,132,Translator
2382,en-GB,324,Reviewer
2383,de-DE,48,Translator
2383,de-DE,300,Reviewer
2383,fr-FR,94,Translator
2383,fr-FR,365,Reviewer
2384,es-ES,155,Translator
2384,es-ES,76,Reviewer
2384,de-DE,348,Translator
2384,de-DE,300,Reviewer
2385,it-IT,18,Translator
2385,it-IT,385,Reviewer
2386,ja-JP,193,Translator
2386,fr-FR,365,Translator
2387,de-DE,424,Translator
2387,de-DE,56,Reviewer
2388,ko-KR,432,Translator
2388,ko-KR,305,Reviewer
2388,fr-FR,58,Translator
2388,fr-FR,435,Reviewer
2388,es-ES,76,Translator
2388,es-ES,161,Reviewer
2389,ja-JP,73,Translator
2389,ja-JP,449,Reviewer
2389,es-ES,483,Translator
2389,es-ES,263,Reviewer
2389,de-DE,424,Translator
2389,de-DE,110,Reviewer
2389,fr-FR,244,Translator
2389,fr-FR,380,Reviewer
2389,en-GB,436,Translator
2389,en-GB,198,Reviewer
2390,fr-FR,236,Translator
2390,fr-FR,250,Reviewer
2390,de-DE,301,Translator
2390,de-DE,177,Reviewer
2390,es-ES,29,Translator
2390,es-ES,223,Reviewer
2390,ja-JP,72,Translator
2390,ja-JP,317,Reviewer
2391,da-DK,409,Translator
2392,fr-FR,302,Translator
2392,fr-FR,441,Reviewer
2392,es-ES,45,Translator
2392,es-ES,226,Reviewer
2392,de-DE,424,Translator
2392,de-DE,71,Reviewer
2392,zh-CN,489,Translator
2392,zh-CN,264,Reviewer
2393,it-IT,347,Translator
2393,nl-NL,196,Translator
2393,es-ES,200,Translator
2393,fr-FR,369,Translator
2393,pl-PL,368,Translator
2393,de-DE,300,Translator
2394,fr-FR,225,Translator
2394,pl-PL,388,Translator
2394,it-IT,492,Translator
2394,nl-NL,213,Translator
2394,es-ES,294,Translator
2394,de-DE,309,Translator
2395,es-ES,45,Translator
2395,es-ES,241,Reviewer
2395,ja-JP,193,Translator
2395,ja-JP,98,Reviewer
2396,pt-BR,431,Translator
2396,de-DE,115,Translator
2397,ko-KR,102,Translator
2397,ko-KR,217,Reviewer
2397,es-ES,90,Translator
2397,es-ES,426,Reviewer
2398,de-DE,303,Translator
2398,fr-FR,5,Translator
2398,da-DK,195,Translator
2398,es-ES,323,Translator
2399,de-DE,177,Translator
2399,de-DE,240,Reviewer
2399,ko-KR,445,Translator
2399,ko-KR,413,Reviewer
2399,zh-CN,376,Translator
2399,zh-CN,264,Reviewer
2399,ja-JP,491,Translator
2399,ja-JP,255,Reviewer
2399,fr-FR,169,Translator
2399,fr-FR,302,Reviewer
2400,de-DE,434,Translator
2400,de-DE,97,Reviewer
2400,es-ES,399,Translator
2400,es-ES,390,Reviewer
2400,pt-BR,411,Translator
2400,pt-BR,222,Reviewer
2400,it-IT,456,Translator
2400,it-IT,428,Reviewer
2400,fr-FR,327,Translator
2400,fr-FR,484,Reviewer
2401,fr-FR,82,Translator
2401,fr-FR,484,Reviewer
2401,de-DE,374,Translator
2401,de-DE,177,Reviewer
2401,es-ES,134,Translator
2401,es-ES,45,Reviewer
2401,it-IT,152,Translator
2401,it-IT,443,Reviewer
2402,de-DE,434,Translator
2402,de-DE,142,Reviewer
2402,ja-JP,270,Translator
2402,ja-JP,98,Reviewer
2402,en-GB,367,Translator
2402,en-GB,472,Reviewer
2403,en-GB,292,Translator
2403,en-GB,68,Reviewer
2403,de-DE,240,Translator
2403,de-DE,142,Reviewer
2403,fr-FR,327,Translator
2403,fr-FR,444,Reviewer
2404,en-GB,198,Translator
2404,fr-FR,459,Translator
2405,it-IT,18,Translator
2405,it-IT,181,Reviewer
2405,fr-FR,327,Translator
2405,fr-FR,158,Reviewer
2405,es-ES,323,Translator
2405,es-ES,226,Reviewer
2405,de-DE,197,Translator
2405,de-DE,57,Reviewer
2406,fr-FR,94,Translator
2406,fr-FR,363,Reviewer
2406,ja-JP,254,Translator
2406,ja-JP,98,Reviewer
2406,de-DE,370,Translator
2406,de-DE,352,Reviewer
2406,en-US,383,Translator
2406,en-US,259,Reviewer
2407,ja-JP,255,Translator
2407,ja-JP,72,Reviewer
2407,en-US,151,Translator
2407,en-US,233,Reviewer
2408,ko-KR,321,Translator
2408,ko-KR,297,Reviewer
2408,zh-CN,50,Translator
2408,zh-CN,136,Reviewer
2408,de-DE,374,Translator
2408,de-DE,197,Reviewer
2408,fr-FR,451,Translator
2408,fr-FR,484,Reviewer
2409,en-US,422,Translator
2409,en-US,487,Reviewer
2410,es-ES,223,Translator
2410,es-ES,241,Reviewer
2411,zh-CN,376,Translator
2411,zh-CN,16,Reviewer
2411,ja-JP,95,Translator
2411,ja-JP,255,Reviewer
2412,en-GB,212,Translator
2412,en-GB,313,Reviewer
2413,fr-FR,164,Translator
2414,es-ES,231,Translator
2414,es-ES,483,Reviewer
2414,it-IT,465,Translator
2414,it-IT,385,Reviewer
2415,pt-BR,12,Translator
2415,pt-BR,146,Reviewer
2415,es-ES,66,Translator
2415,es-ES,200,Reviewer
2415,ja-JP,449,Translator
2415,ja-JP,494,Reviewer
2415,de-DE,240,Translator
2415,de-DE,71,Reviewer
2416,de-DE,97,Translator
2416,de-DE,57,Reviewer
2416,fr-FR,162,Translator
2416,fr-FR,302,Reviewer
2416,en-US,93,Translator
2416,en-US,212,Reviewer
2417,pt-BR,146,Translator
2417,pt-BR,160,Reviewer
2417,fr-FR,302,Translator
2417,fr-FR,162,Reviewer
2417,es-ES,163,Translator
2417,es-ES,483,Reviewer
2417,ja-JP,254,Translator
2417,ja-JP,455,Reviewer
2417,de-DE,56,Translator
2417,de-DE,48,Reviewer
2418,it-IT,467,Translator
2418,it-IT,408,Reviewer
2418,es-ES,475,Translator
2418,es-ES,241,Reviewer
2418,fr-FR,484,Translator
2418,fr-FR,260,Reviewer
2419,fr-FR,464,Translator
2419,de-DE,197,Translator
2419,da-DK,85,Translator
2419,es-ES,226,Translator
2420,es-ES,101,Translator
2420,es-ES,76,Reviewer
2420,de-DE,177,Translator
2420,de-DE,486,Reviewer
2421,de-DE,56,Translator
2421,de-DE,177,Reviewer
2421,fr-FR,162,Translator
2421,fr-FR,3,Reviewer
2421,en-GB,446,Translator
2421,en-GB,212,Reviewer
2422,de-DE,352,Translator
2422,es-ES,141,Translator
2422,nl-NL,196,Translator
2422,it-IT,201,Translator
2423,ja-JP,397,Translator
2423,ja-JP,74,Reviewer
2423,de-DE,97,Translator
2423,de-DE,370,Reviewer
2423,fr-FR,94,Translator
2423,fr-FR,441,Reviewer
2423,es-ES,155,Translator
2423,es-ES,200,Reviewer
2424,fr-FR,365,Translator
2425,ko-KR,83,Translator
2425,ko-KR,235,Reviewer
2425,zh-CN,340,Translator
2425,zh-CN,376,Reviewer
2425,ja-JP,187,Translator
2425,ja-JP,221,Reviewer
2425,fr-FR,162,Translator
2425,fr-FR,236,Reviewer
2426,fr-FR,162,Translator
2426,fr-FR,158,Reviewer
2427,ja-JP,366,Translator
2427,de-DE,348,Translator
2427,es-ES,426,Translator
2427,fr-FR,94,Translator
2427,ko-KR,83,Translator
2428,fr-FR,464,Translator
2428,fr-FR,82,Reviewer
2428,de-DE,486,Translator
2428,de-DE,71,Reviewer
2428,en-GB,436,Translator
2428,en-GB,150,Reviewer
2429,fr-FR,236,Translator
2429,fr-FR,225,Reviewer
2429,ja-JP,366,Translator
2429,ja-JP,95,Reviewer
2429,en-US,173,Translator
2429,en-US,496,Reviewer
2430,it-IT,47,Translator
2430,it-IT,385,Reviewer
2430,pl-PL,26,Translator
2430,pl-PL,356,Reviewer
2430,de-DE,374,Translator
2430,de-DE,240,Reviewer
2430,nl-NL,350,Translator
2430,nl-NL,145,Reviewer
2430,fr-FR,236,Translator
2430,fr-FR,171,Reviewer
2431,ko-KR,332,Translator
2431,ko-KR,413,Reviewer
2432,de-DE,309,Translator
2432,de-DE,224,Reviewer
2432,ja-JP,470,Translator
2432,ja-JP,449,Reviewer
2432,es-ES,231,Translator
2432,es-ES,323,Reviewer
2432,it-IT,492,Translator
2432,it-IT,175,Reviewer
2432,fr-FR,260,Translator
2432,fr-FR,24,Reviewer
2433,de-DE,370,Translator
2434,de-DE,71,Translator
2434,de-DE,61,Reviewer
2435,de-DE,61,Translator
2435,de-DE,224,Reviewer
2435,fr-FR,441,Translator
2435,fr-FR,162,Reviewer
2435,es-ES,141,Translator
2435,es-ES,66,Reviewer
2435,it-IT,201,Translator
2435,it-IT,467,Reviewer
2436,ko-KR,321,Translator
2436,es-ES,294,Translator
2436,de-DE,434,Translator
2436,fr-FR,441,Translator
2437,zh-CN,20,Translator
2437,zh-CN,319,Reviewer
2437,es-ES,76,Translator
2437,es-ES,399,Reviewer
2438,fr-FR,3,Translator
2438,fr-FR,33,Reviewer
2438,it-IT,428,Translator
2438,it-IT,175,Reviewer
2438,de-DE,434,Translator
2438,de-DE,142,Reviewer
2439,es-ES,101,Translator
2439,es-ES,226,Reviewer
2439,ja-JP,239,Translator
2439,ja-JP,270,Reviewer
2439,fr-FR,441,Translator
2439,fr-FR,369,Reviewer
2439,de-DE,374,Translator
2439,de-DE,97,Reviewer
2439,pt-BR,262,Translator
2439,pt-BR,283,Reviewer
2440,it-IT,467,Translator
2440,it-IT,465,Reviewer
2440,fr-FR,380,Translator
2440,fr-FR,250,Reviewer
2440,de-DE,370,Translator
2440,de-DE,486,Reviewer
2440,es-ES,168,Translator
2440,es-ES,90,Reviewer
2441,de-DE,199,Translator
2441,de-DE,97,Reviewer
2441,en-GB,498,Translator
2441,en-GB,480,Reviewer
2441,fr-FR,260,Translator
2441,fr-FR,441,Reviewer
2442,fr-FR,441,Translator
2442,ko-KR,490,Translator
2442,zh-CN,319,Translator
2442,de-DE,71,Translator
2443,fr-FR,171,Translator
2443,it-IT,465,Translator
2443,de-DE,424,Translator
2443,es-ES,390,Translator
2444,zh-CN,50,Translator
2444,zh-CN,204,Reviewer
2444,fr-FR,260,Translator
2444,fr-FR,250,Reviewer
2444,de-DE,352,Translator
2444,de-DE,78,Reviewer
2445,es-ES,90,Translator
2445,es-ES,399,Reviewer
2445,ja-JP,221,Translator
2445,ja-JP,182,Reviewer
2446,it-IT,408,Translator
2446,it-IT,152,Reviewer
2447,fr-FR,58,Translator
2447,fr-FR,406,Reviewer
2447,de-DE,288,Translator
2447,de-DE,348,Reviewer
2447,es-ES,263,Translator
2447,es-ES,101,Reviewer
2447,ja-JP,285,Translator
2447,ja-JP,72,Reviewer
2448,fr-FR,302,Translator
2448,fr-FR,24,Reviewer
2448,en-GB,139,Translator
2448,en-GB,178,Reviewer
2448,de-DE,144,Translator
2448,de-DE,197,Reviewer
2449,de-DE,110,Translator
2449,de-DE,301,Reviewer
2449,pt-BR,404,Translator
2449,pt-BR,146,Reviewer
2449,fr-FR,435,Translator
2449,fr-FR,406,Reviewer
2449,ja-JP,103,Translator
2449,ja-JP,72,Reviewer
2450,fr-FR,236,Translator
2450,da-DK,290,Translator
2450,de-DE,197,Translator
2450,es-ES,231,Translator
2451,ja-JP,255,Translator
2451,ja-JP,254,Reviewer
2451,es-ES,200,Translator
2451,es-ES,475,Reviewer
2451,ko-KR,88,Translator
2451,ko-KR,316,Reviewer
2451,fr-FR,158,Translator
2451,fr-FR,451,Reviewer
2452,es-ES,263,Translator
2452,es-ES,231,Reviewer
2452,fr-FR,260,Translator
2452,fr-FR,302,Reviewer
2453,fr-FR,435,Translator
2453,en-US,318,Translator
2453,ja-JP,74,Translator
2453,de-DE,352,Translator
2454,de-DE,339,Translator
2454,de-DE,71,Reviewer
2455,ja-JP,73,Translator
2455,ja-JP,351,Reviewer
2455,de-DE,240,Translator
2455,de-DE,144,Reviewer
2455,fr-FR,180,Translator
2455,fr-FR,58,Reviewer
2455,es-ES,399,Translator
2455,es-ES,134,Reviewer
2456,fr-FR,327,Translator
2456,de-DE,300,Translator
2457,ja-JP,239,Translator
2457,es-ES,323,Translator
2457,de-DE,97,Translator
2457,fr-FR,91,Translator
2457,ko-KR,235,Translator
2458,es-ES,483,Translator
2458,es-ES,426,Reviewer
2458,ja-JP,98,Translator
2458,ja-JP,255,Reviewer
2458,ko-KR,149,Translator
2458,ko-KR,124,Reviewer
2458,fr-FR,24,Translator
2458,fr-FR,423,Reviewer
2458,de-DE,424,Translator
2458,de-DE,142,Reviewer
2459,es-ES,426,Translator
2459,es-ES,66,Reviewer
2459,de-DE,115,Translator
2459,de-DE,424,Reviewer
2459,fr-FR,236,Translator
2459,fr-FR,225,Reviewer
2459,en-US,11,Translator
2459,en-US,468,Reviewer
2460,ko-KR,405,Translator
2460,ko-KR,124,Reviewer
2460,ja-JP,72,Translator
2460,ja-JP,449,Reviewer
2460,fr-FR,327,Translator
2460,fr-FR,82,Reviewer
2461,fr-FR,244,Translator
2461,fr-FR,260,Reviewer
2461,de-DE,177,Translator
2461,de-DE,71,Reviewer
2461,da-DK,393,Translator
2461,da-DK,407,Reviewer
2461,es-ES,200,Translator
2461,es-ES,161,Reviewer
2462,en-GB,212,Translator
2462,en-GB,487,Reviewer
2462,de-DE,224,Translator
2462,de-DE,142,Reviewer
2462,fr-FR,244,Translator
2462,fr-FR,180,Reviewer
2463,es-ES,134,Translator
2463,es-ES,66,Reviewer
2463,de-DE,303,Translator
2463,de-DE,424,Reviewer
2463,fr-FR,484,Translator
2463,fr-FR,406,Reviewer
2463,ko-KR,124,Translator
2463,ko-KR,405,Reviewer
2463,ja-JP,95,Translator
2463,ja-JP,364,Reviewer
2464,ja-JP,455,Translator
2464,zh-CN,204,Translator
2464,fr-FR,225,Translator
2464,ko-KR,207,Translator
2464,de-DE,424,Translator
2465,da-DK,172,Translator
2465,da-DK,195,Reviewer
2465,fr-FR,459,Translator
2465,fr-FR,380,Reviewer
2465,es-ES,101,Translator
2465,es-ES,390,Reviewer
2466,ko-KR,246,Translator
2466,ko-KR,413,Reviewer
2466,es-ES,323,Translator
2466,es-ES,226,Reviewer
2467,fr-FR,5,Translator
2468,es-ES,66,Translator
2468,it-IT,18,Translator
2468,de-DE,370,Translator
2468,nl-NL,65,Translator
2469,es-ES,475,Translator
2469,es-ES,134,Reviewer
2470,ja-JP,421,Translator
2470,de-DE,309,Translator
2470,ko-KR,210,Translator
2470,fr-FR,225,Translator
2470,zh-CN,136,Translator
2471,ja-JP,211,Translator
2471,ja-JP,320,Reviewer
2471,pt-BR,431,Translator
2471,pt-BR,395,Reviewer
2472,fr-FR,326,Translator
2472,fr-FR,451,Reviewer
2472,de-DE,348,Translator
2472,de-DE,177,Reviewer
2472,it-IT,492,Translator
2472,it-IT,443,Reviewer
2473,ja-JP,320,Translator
2473,ja-JP,74,Reviewer
2473,de-DE,352,Translator
2473,de-DE,288,Reviewer
2473,fr-FR,441,Translator
2473,fr-FR,435,Reviewer
2474,fr-FR,82,Translator
2474,fr-FR,423,Reviewer
2474,de-DE,288,Translator
2474,de-DE,197,Reviewer
2474,ja-JP,73,Translator
2474,ja-JP,366,Reviewer
2474,es-ES,90,Translator
2474,es-ES,76,Reviewer
2475,fr-FR,326,Translator
2475,de-DE,301,Translator
2475,es-ES,294,Translator
2475,ja-JP,98,Translator
2476,de-DE,240,Translator
2476,de-DE,309,Reviewer
2476,fr-FR,236,Translator
2476,fr-FR,180,Reviewer
2477,es-ES,226,Translator
2477,es-ES,223,Reviewer
2477,ja-JP,491,Translator
2477,ja-JP,187,Reviewer
2477,de-DE,288,Translator
2477,de-DE,71,Reviewer
2478,de-DE,240,Translator
2478,ja-JP,470,Translator
2478,fr-FR,250,Translator
2478,en-US,384,Translator
2479,ja-JP,455,Translator
2479,ja-JP,73,Reviewer
2479,de-DE,97,Translator
2479,de-DE,110,Reviewer
2479,fr-FR,94,Translator
2479,fr-FR,169,Reviewer
2479,pt-BR,131,Translator
2479,pt-BR,148,Reviewer
2479,es-ES,141,Translator
2479,es-ES,390,Reviewer
2480,en-GB,198,Translator
2481,de-DE,115,Translator
2481,de-DE,301,Reviewer
2481,ja-JP,73,Translator
2481,ja-JP,494,Reviewer
2481,fr-FR,380,Translator
2481,fr-FR,3,Reviewer
2481,es-ES,161,Translator
2481,es-ES,231,Reviewer
2482,en-GB,132,Translator
2482,en-GB,480,Reviewer
2483,es-ES,76,Translator
2483,ja-JP,211,Translator
2484,fr-FR,441,Translator
2484,fr-FR,180,Reviewer
2484,zh-CN,497,Translator
2484,zh-CN,228,Reviewer
2484,ja-JP,285,Translator
2484,ja-JP,266,Reviewer
2485,ja-JP,211,Translator
2485,es-ES,226,Translator
2485,de-DE,240,Translator
2486,ja-JP,366,Translator
2486,ja-JP,470,Reviewer
2486,es-ES,231,Translator
2486,es-ES,155,Reviewer
2486,fr-FR,3,Translator
2486,fr-FR,406,Reviewer
2486,ko-KR,83,Translator
2486,ko-KR,209,Reviewer
2486,de-DE,197,Translator
2486,de-DE,199,Reviewer
2487,fr-FR,365,Translator
2487,ko-KR,413,Translator
2488,it-IT,416,Translator
2488,it-IT,443,Reviewer
2488,es-ES,29,Translator
2488,es-ES,45,Reviewer
2488,ja-JP,351,Translator
2488,ja-JP,266,Reviewer
2489,de-DE,197,Translator
2489,de-DE,352,Reviewer
2489,en-GB,121,Translator
2489,en-GB,132,Reviewer
2489,fr-FR,451,Translator
2489,fr-FR,162,Reviewer
2490,en-US,34,Translator
2490,en-US,151,Reviewer
2490,fr-FR,444,Translator
2490,fr-FR,158,Reviewer
2490,de-DE,61,Translator
2490,de-DE,303,Reviewer
2490,ja-JP,449,Translator
2490,ja-JP,494,Reviewer
2491,de-DE,97,Translator
2491,de-DE,486,Reviewer
2492,fr-FR,435,Translator
2492,de-DE,199,Translator
2493,nl-NL,359,Translator
2493,nl-NL,123,Reviewer
2493,pl-PL,299,Translator
2493,pl-PL,356,Reviewer
2493,it-IT,347,Translator
2493,it-IT,465,Reviewer
2494,fr-FR,158,Translator
2494,de-DE,199,Translator
2494,nl-NL,166,Translator
2494,pl-PL,402,Translator
2494,it-IT,201,Translator
2494,es-ES,323,Translator
2495,de-DE,97,Translator
2495,de-DE,110,Reviewer
2496,fr-FR,3,Translator
2496,fr-FR,277,Reviewer
2496,it-IT,416,Translator
2496,it-IT,456,Reviewer
2496,ja-JP,295,Translator
2496,ja-JP,103,Reviewer
2496,es-ES,399,Translator
2496,es-ES,45,Reviewer
2497,es-ES,200,Translator
2498,de-DE,197,Translator
2498,pt-BR,289,Translator
2498,es-ES,45,Translator
2498,it-IT,347,Translator
2498,fr-FR,444,Translator
2499,es-ES,168,Translator
2499,es-ES,141,Reviewer
2499,fr-FR,91,Translator
2499,fr-FR,171,Reviewer
2499,ko-KR,179,Translator
2499,ko-KR,210,Reviewer
2500,en-GB,446,Translator
2500,de-DE,115,Translator
2500,fr-FR,180,Translator
