project_id,client_id,project_type,source_locale,word_count,start_date,due_date,status
1,9,Documentation,en-US,42492,2025-12-17,2026-01-02,In Translation
2,4,Documentation,en-US,29966,2025-08-08,2025-08-18,In Translation
3,11,Training,en-US,15448,2026-01-06,2026-01-16,In Translation
4,11,Legal,en-US,26333,2025-11-09,2025-11-25,Completed
5,10,Marketing,en-US,10883,2026-02-25,2026-03-03,In Translation
6,11,Documentation,en-US,36099,2025-11-03,2025-11-23,Completed
7,24,Subtitles,en-US,4222,2025-09-12,2025-09-17,Completed
8,11,Legal,en-US,14184,2025-09-24,2025-10-14,In Translation
9,12,UI,en-US,2609,2026-03-07,2026-03-10,QA
10,18,Documentation,en-US,46051,2026-06-17,2026-06-27,Cancelled
11,15,Subtitles,en-US,1917,2025-10-31,2025-11-04,Completed
12,27,Subtitles,en-US,766,2025-07-26,2025-07-30,Cancelled
13,16,Documentation,en-US,29846,2025-11-29,2025-12-16,Completed
14,22,Documentation,en-US,37730,2026-01-21,2026-02-12,Completed
15,15,Training,en-US,18703,2026-04-25,2026-05-09,In Translation
16,18,Training,en-US,16706,2026-07-23,2026-08-05,Completed
17,26,Marketing,en-US,9796,2025-09-22,2025-09-26,Completed
18,25,Documentation,en-US,33265,2025-08-08,2025-08-23,Cancelled
19,20,UI,en-US,2606,2025-09-21,2025-09-28,Cancelled
20,21,Legal,en-US,29663,2026-07-19,2026-07-31,In Translation
21,4,UI,en-US,703,2025-11-26,2025-11-30,Completed
22,17,Subtitles,en-US,4449,2026-03-12,2026-03-17,QA
23,23,Training,en-US,10242,2025-08-12,2025-08-24,Completed
24,13,Legal,en-US,27267,2026-05-20,2026-06-05,Cancelled
25,17,Documentation,en-US,32607,2026-07-21,2026-07-31,In Translation
26,4,Marketing,en-US,7815,2026-03-23,2026-03-27,Completed
27,27,Subtitles,en-US,1360,2026-03-20,2026-03-23,Completed
28,11,Legal,en-US,11778,2026-06-16,2026-07-01,In Translation
29,12,Legal,en-US,8198,2026-04-07,2026-04-21,Cancelled
30,23,Legal,en-US,15450,2025-11-17,2025-11-25,Completed
31,2,Subtitles,en-US,1142,2026-01-30,2026-01-31,Completed
32,21,UI,en-US,973,2026-05-26,2026-06-02,Completed
33,17,Documentation,en-US,46169,2026-03-03,2026-03-18,Completed
34,18,Legal,en-US,20140,2026-02-22,2026-03-04,In Translation
35,21,Documentation,en-US,22215,2025-12-10,2026-01-02,In Translation
36,1,Subtitles,en-US,1816,2025-08-21,2025-08-25,QA
37,14,Legal,en-US,5145,2026-05-24,2026-06-11,Completed
38,7,Marketing,en-US,2025,2026-04-24,2026-04-28,QA
39,6,Marketing,en-US,6340,2025-11-24,2025-11-30,In Translation
40,4,Marketing,en-US,11988,2026-02-13,2026-02-23,QA
41,21,Marketing,en-US,10780,2025-10-17,2025-10-26,QA
42,13,Training,en-US,6743,2025-10-03,2025-10-13,Completed
43,28,Legal,en-US,25229,2026-02-11,2026-02-20,Cancelled
44,23,Marketing,en-US,11067,2025-08-19,2025-08-23,Cancelled
45,5,Marketing,en-US,2931,2026-05-25,2026-05-31,Completed
46,4,Documentation,en-US,34464,2026-02-05,2026-02-19,QA
47,13,Legal,en-US,24543,2025-09-23,2025-10-02,QA
48,13,Legal,en-US,11086,2026-01-01,2026-01-15,Cancelled
49,18,Subtitles,en-US,1619,2026-02-19,2026-02-24,Completed
50,16,Marketing,en-US,3298,2026-02-17,2026-02-22,Completed
51,27,Legal,en-US,25296,2025-12-27,2026-01-03,Completed
52,1,Legal,en-US,9473,2025-08-28,2025-09-07,In Translation
53,18,Training,en-US,19219,2025-12-06,2025-12-17,Cancelled
54,16,Legal,en-US,28269,2025-10-17,2025-11-06,In Translation
55,16,Documentation,en-US,15417,2026-07-02,2026-07-12,Completed
56,10,UI,en-US,1425,2025-10-14,2025-10-17,QA
57,10,Documentation,en-US,39971,2026-04-07,2026-05-02,QA
58,17,UI,en-US,2645,2025-11-29,2025-12-01,Completed
59,25,Training,en-US,15021,2025-11-29,2025-12-12,Completed
60,25,Subtitles,en-US,3815,2025-12-11,2025-12-16,Completed
61,14,UI,en-US,2977,2025-11-15,2025-11-18,Completed
62,28,UI,en-US,2142,2025-10-16,2025-10-20,Completed
63,28,UI,en-US,2098,2026-05-12,2026-05-14,Completed
64,7,Subtitles,en-US,3072,2026-03-21,2026-03-26,Cancelled
65,14,Documentation,en-US,19124,2026-02-15,2026-03-03,Completed
66,26,UI,en-US,2635,2026-01-24,2026-01-28,QA
67,9,Training,en-US,8517,2026-02-27,2026-03-09,Cancelled
68,10,Marketing,en-US,10383,2026-06-08,2026-06-15,QA
69,29,Subtitles,en-US,980,2026-05-12,2026-05-14,In Translation
70,30,UI,en-US,1435,2026-04-02,2026-04-09,Completed
71,23,Documentation,en-US,26362,2025-07-27,2025-08-10,Cancelled
72,11,Documentation,en-US,35736,2025-09-06,2025-10-01,Completed
73,19,Subtitles,en-US,2401,2026-04-09,2026-04-13,In Translation
74,15,UI,en-US,2895,2025-12-05,2025-12-07,In Translation
75,17,Subtitles,en-US,2479,2026-01-13,2026-01-16,In Translation
76,16,Marketing,en-US,10534,2025-10-25,2025-10-28,Cancelled
77,3,Subtitles,en-US,3955,2026-07-10,2026-07-13,Completed
78,26,Training,en-US,16032,2026-03-30,2026-04-07,In Translation
79,27,Documentation,en-US,42421,2026-03-19,2026-04-06,Completed
80,27,Marketing,en-US,6533,2026-07-15,2026-07-20,QA
81,28,Legal,en-US,16263,2026-03-22,2026-04-08,Completed
82,2,UI,en-US,2864,2025-10-26,2025-10-31,Completed
83,4,Documentation,en-US,38920,2025-08-08,2025-09-01,Completed
84,14,Documentation,en-US,18645,2026-04-15,2026-05-04,Completed
85,28,Marketing,en-US,2529,2026-07-02,2026-07-10,Completed
86,3,Marketing,en-US,11887,2025-11-25,2025-11-30,Completed
87,13,Subtitles,en-US,2702,2025-12-19,2025-12-21,In Translation
88,21,UI,en-US,689,2026-07-14,2026-07-16,Completed
89,16,UI,en-US,843,2026-05-29,2026-06-04,Completed
90,17,Subtitles,en-US,3845,2025-09-06,2025-09-07,Completed
91,23,Marketing,en-US,2975,2025-12-20,2025-12-29,Cancelled
92,5,Legal,en-US,7320,2025-10-31,2025-11-10,In Translation
93,3,Subtitles,en-US,1039,2026-02-18,2026-02-19,Completed
94,12,Marketing,en-US,3246,2026-05-01,2026-05-10,Completed
95,21,Subtitles,en-US,1370,2025-11-10,2025-11-11,QA
96,19,UI,en-US,2799,2025-08-02,2025-08-09,Completed
97,15,Marketing,en-US,4490,2026-07-12,2026-07-17,In Translation
98,20,Subtitles,en-US,3824,2026-02-09,2026-02-11,Completed
99,29,UI,en-US,873,2026-06-08,2026-06-10,QA
100,24,Legal,en-US,16519,2026-05-19,2026-06-01,Completed
101,26,Documentation,en-US,26238,2025-12-16,2026-01-03,Cancelled
102,3,Documentation,en-US,46267,2026-02-08,2026-02-27,Cancelled
103,1,Subtitles,en-US,2671,2026-05-31,2026-06-02,QA
104,20,Training,en-US,9181,2026-02-06,2026-02-17,Completed
105,21,UI,en-US,1280,2026-01-13,2026-01-18,In Translation
106,4,Documentation,en-US,42740,2026-01-29,2026-02-10,QA
107,29,UI,en-US,1779,2025-08-10,2025-08-14,Completed
108,13,Training,en-US,16790,2025-11-16,2025-11-26,QA
109,22,Documentation,en-US,40868,2026-07-07,2026-07-19,Completed
110,19,UI,en-US,356,2026-04-03,2026-04-07,Completed
111,2,UI,en-US,1930,2025-10-06,2025-10-12,Completed
112,21,Subtitles,en-US,4304,2025-11-25,2025-11-29,In Translation
113,23,Legal,en-US,7700,2026-02-08,2026-02-25,QA
114,18,Training,en-US,8003,2025-08-24,2025-09-02,Completed
115,10,UI,en-US,2394,2025-08-30,2025-09-02,Completed
116,18,Marketing,en-US,7401,2025-09-27,2025-10-01,Completed
117,23,Legal,en-US,28919,2026-05-20,2026-06-09,Completed
118,2,Documentation,en-US,15650,2026-02-17,2026-03-12,Completed
119,15,Training,en-US,4803,2026-02-16,2026-02-25,Cancelled
120,24,Subtitles,en-US,1638,2025-07-26,2025-07-27,Completed
121,23,Documentation,en-US,10743,2026-03-24,2026-04-08,In Translation
122,12,Training,en-US,19948,2025-08-18,2025-08-27,Completed
123,12,Documentation,en-US,27613,2025-10-13,2025-10-26,Completed
124,11,Legal,en-US,13912,2026-04-10,2026-04-25,Completed
125,9,Subtitles,en-US,4923,2026-03-25,2026-03-26,In Translation
126,15,Training,en-US,14800,2026-05-20,2026-05-25,In Translation
127,28,Training,en-US,8468,2025-10-14,2025-10-24,Completed
128,9,UI,en-US,2650,2026-06-24,2026-07-01,Cancelled
129,4,Documentation,en-US,43346,2026-04-16,2026-04-26,Completed
130,28,UI,en-US,1301,2026-01-04,2026-01-06,In Translation
131,12,Legal,en-US,9917,2026-06-13,2026-06-22,Completed
132,18,Subtitles,en-US,3635,2025-09-02,2025-09-04,Completed
133,8,Legal,en-US,28602,2025-10-11,2025-10-23,Completed
134,27,UI,en-US,2641,2026-02-17,2026-02-21,Completed
135,17,Subtitles,en-US,631,2026-06-10,2026-06-12,Completed
136,26,Training,en-US,4504,2026-04-22,2026-05-03,Completed
137,29,Legal,en-US,14250,2026-06-30,2026-07-19,Completed
138,11,UI,en-US,2565,2026-05-07,2026-05-12,Completed
139,12,Documentation,en-US,29109,2026-05-21,2026-06-09,Cancelled
140,20,Documentation,en-US,40403,2026-01-09,2026-01-30,QA
141,16,Documentation,en-US,45819,2026-04-01,2026-04-18,Completed
142,1,Legal,en-US,5783,2026-06-06,2026-06-16,QA
143,12,Subtitles,en-US,278,2026-07-23,2026-07-26,Completed
144,25,Subtitles,en-US,3282,2025-08-21,2025-08-24,Completed
145,7,Training,en-US,10804,2026-05-10,2026-05-21,In Translation
146,2,Documentation,en-US,28338,2026-04-16,2026-04-28,Completed
147,30,Documentation,en-US,44062,2025-09-21,2025-10-14,Cancelled
148,29,Marketing,en-US,8511,2025-08-02,2025-08-06,QA
149,4,Training,en-US,7374,2026-01-18,2026-02-02,In Translation
150,3,Training,en-US,5040,2026-04-28,2026-05-09,Cancelled
151,5,Documentation,en-US,29115,2025-11-29,2025-12-17,Completed
152,30,Legal,en-US,27961,2025-08-07,2025-08-27,Cancelled
153,11,Marketing,en-US,8417,2025-08-26,2025-09-02,Completed
154,3,Documentation,en-US,18920,2025-08-21,2025-09-03,Completed
155,4,Documentation,en-US,39462,2025-08-14,2025-09-07,Completed
156,14,UI,en-US,2495,2025-10-01,2025-10-05,Completed
157,15,Marketing,en-US,8591,2026-05-28,2026-06-04,Completed
158,3,Documentation,en-US,29937,2025-10-29,2025-11-09,Completed
159,27,Marketing,en-US,3430,2026-02-25,2026-03-01,Cancelled
160,8,Marketing,en-US,7492,2025-08-20,2025-08-23,Cancelled
161,10,Marketing,en-US,3848,2026-03-04,2026-03-07,In Translation
162,28,Legal,en-US,23217,2026-06-08,2026-06-26,QA
163,8,UI,en-US,2192,2025-10-20,2025-10-22,Completed
164,4,UI,en-US,552,2026-07-12,2026-07-15,Completed
165,7,Legal,en-US,17197,2025-11-01,2025-11-18,Cancelled
166,21,UI,en-US,2685,2025-12-29,2026-01-04,Completed
167,30,UI,en-US,389,2025-12-21,2025-12-23,Completed
168,29,Subtitles,en-US,3832,2026-01-15,2026-01-17,Completed
169,29,Marketing,en-US,3007,2026-03-25,2026-03-28,In Translation
170,2,Documentation,en-US,47610,2025-12-28,2026-01-20,Cancelled
171,13,Legal,en-US,5966,2026-01-08,2026-01-21,Cancelled
172,14,Documentation,en-US,33196,2025-11-23,2025-12-09,Completed
173,9,Marketing,en-US,8307,2025-07-30,2025-08-04,Completed
174,20,Training,en-US,11053,2025-12-22,2026-01-06,Completed
175,16,Legal,en-US,23044,2026-04-11,2026-04-25,Completed
176,3,Marketing,en-US,7275,2025-09-07,2025-09-12,In Translation
177,7,Subtitles,en-US,4507,2026-02-16,2026-02-18,Cancelled
178,26,Training,en-US,3639,2025-07-26,2025-08-06,Cancelled
179,12,Legal,en-US,22842,2026-03-30,2026-04-18,In Translation
180,12,Training,en-US,19462,2026-04-29,2026-05-09,In Translation
181,9,Documentation,en-US,11708,2026-03-21,2026-04-10,QA
182,8,UI,en-US,1450,2025-08-17,2025-08-19,In Translation
183,17,Marketing,en-US,10568,2026-05-13,2026-05-19,Completed
184,4,Documentation,en-US,25804,2026-05-09,2026-05-27,QA
185,27,Subtitles,en-US,658,2026-03-08,2026-03-10,QA
186,28,Legal,en-US,16626,2025-08-10,2025-08-30,Completed
187,6,Documentation,en-US,48831,2026-04-22,2026-05-12,Cancelled
188,23,Marketing,en-US,10692,2026-06-18,2026-06-21,Cancelled
189,23,Marketing,en-US,10300,2025-08-21,2025-08-26,QA
190,7,Legal,en-US,22764,2025-12-09,2025-12-20,Completed
191,16,UI,en-US,669,2026-07-19,2026-07-21,Completed
192,20,Documentation,en-US,11306,2026-02-04,2026-03-01,Completed
193,11,Training,en-US,9601,2025-09-03,2025-09-10,Completed
194,23,Documentation,en-US,31206,2025-11-13,2025-11-24,Completed
195,5,Training,en-US,7641,2026-05-25,2026-05-31,QA
196,28,Marketing,en-US,2188,2026-04-16,2026-04-24,Cancelled
197,22,Legal,en-US,24202,2025-11-18,2025-11-26,Completed
198,10,Marketing,en-US,3235,2026-03-16,2026-03-21,Cancelled
199,14,Subtitles,en-US,4191,2025-08-26,2025-08-29,Completed
200,23,Training,en-US,14692,2025-11-10,2025-11-18,Cancelled
201,19,Documentation,en-US,34797,2026-05-17,2026-06-05,Cancelled
202,23,Marketing,en-US,3086,2026-07-18,2026-07-23,Cancelled
203,1,Subtitles,en-US,4892,2026-01-09,2026-01-13,QA
204,2,Documentation,en-US,49478,2025-12-19,2026-01-08,QA
205,8,Subtitles,en-US,4832,2025-12-24,2025-12-25,In Translation
206,5,Marketing,en-US,2274,2026-06-08,2026-06-14,Completed
207,11,Documentation,en-US,15814,2026-04-06,2026-04-26,In Translation
208,1,Marketing,en-US,4435,2025-08-04,2025-08-10,Cancelled
209,3,Marketing,en-US,5205,2026-01-24,2026-01-28,Cancelled
210,1,UI,en-US,1880,2025-09-22,2025-09-27,Cancelled
211,14,Documentation,en-US,37133,2026-02-16,2026-03-13,In Translation
212,12,Training,en-US,15299,2025-10-17,2025-10-23,In Translation
213,26,Training,en-US,10391,2025-09-14,2025-09-21,In Translation
214,3,UI,en-US,1507,2026-05-10,2026-05-12,Completed
215,9,UI,en-US,603,2025-12-22,2025-12-26,Completed
216,29,Legal,en-US,10272,2026-05-29,2026-06-16,Completed
217,18,UI,en-US,1684,2026-05-29,2026-06-04,QA
218,29,Legal,en-US,28085,2026-06-18,2026-06-25,In Translation
219,21,Documentation,en-US,49801,2026-02-20,2026-03-15,Completed
220,2,UI,en-US,1656,2025-11-15,2025-11-18,Completed
221,14,Subtitles,en-US,4739,2026-03-27,2026-04-01,Completed
222,22,Marketing,en-US,5872,2025-09-17,2025-09-23,Completed
223,2,Legal,en-US,23735,2025-11-16,2025-12-01,In Translation
224,5,UI,en-US,1777,2026-04-13,2026-04-15,In Translation
225,3,Marketing,en-US,11846,2026-07-03,2026-07-13,Completed
226,4,UI,en-US,1147,2026-07-14,2026-07-17,Cancelled
227,10,UI,en-US,2239,2026-05-28,2026-05-30,Completed
228,26,Legal,en-US,20431,2026-06-25,2026-07-09,Cancelled
229,9,UI,en-US,2929,2026-05-03,2026-05-09,In Translation
230,6,Marketing,en-US,7249,2026-04-01,2026-04-09,Completed
231,15,UI,en-US,1378,2025-12-15,2025-12-20,In Translation
232,9,Documentation,en-US,27600,2025-07-28,2025-08-08,Completed
233,25,Subtitles,en-US,992,2026-02-23,2026-02-24,Cancelled
234,12,Training,en-US,16565,2026-06-28,2026-07-12,Completed
235,18,UI,en-US,1885,2026-02-24,2026-03-02,In Translation
236,18,Subtitles,en-US,4089,2025-09-16,2025-09-21,Completed
237,16,Marketing,en-US,2293,2025-09-09,2025-09-18,Cancelled
238,2,Training,en-US,19935,2025-08-09,2025-08-23,Cancelled
239,20,Documentation,en-US,17882,2025-07-25,2025-08-18,Completed
240,6,Documentation,en-US,22630,2026-03-03,2026-03-17,Completed
241,14,UI,en-US,2083,2026-03-12,2026-03-15,Cancelled
242,5,Training,en-US,11450,2025-12-24,2026-01-03,Cancelled
243,30,UI,en-US,656,2026-02-17,2026-02-22,QA
244,13,Training,en-US,13686,2026-02-21,2026-03-02,QA
245,15,UI,en-US,2852,2025-08-26,2025-09-01,QA
246,26,Legal,en-US,8687,2025-11-19,2025-12-02,Completed
247,5,Training,en-US,6283,2025-10-13,2025-10-19,QA
248,25,UI,en-US,1471,2026-05-10,2026-05-16,Completed
249,29,Legal,en-US,13655,2026-05-07,2026-05-20,Cancelled
250,16,Training,en-US,18500,2026-07-09,2026-07-14,Completed
251,9,Legal,en-US,9713,2026-05-01,2026-05-17,QA
252,22,Subtitles,en-US,3490,2025-12-04,2025-12-05,In Translation
253,29,Marketing,en-US,4892,2025-10-14,2025-10-17,Cancelled
254,16,Marketing,en-US,7102,2025-12-31,2026-01-03,Completed
255,27,Marketing,en-US,6094,2026-07-10,2026-07-17,In Translation
256,28,Subtitles,en-US,1004,2026-03-31,2026-04-02,Completed
257,10,Subtitles,en-US,3829,2026-06-19,2026-06-22,Completed
258,24,Legal,en-US,24823,2026-02-08,2026-02-25,Completed
259,7,Legal,en-US,11926,2025-09-17,2025-10-07,In Translation
260,24,Legal,en-US,29887,2025-09-24,2025-10-09,Completed
261,27,UI,en-US,2410,2025-10-03,2025-10-06,Completed
262,10,Subtitles,en-US,4351,2025-10-17,2025-10-21,Completed
263,25,Training,en-US,3948,2026-03-20,2026-03-27,Completed
264,29,Documentation,en-US,13776,2026-06-13,2026-06-30,Completed
265,15,UI,en-US,1776,2025-10-30,2025-11-06,Completed
266,9,Marketing,en-US,8605,2025-10-07,2025-10-16,Cancelled
267,30,UI,en-US,425,2025-09-06,2025-09-09,Completed
268,16,Training,en-US,17617,2025-10-02,2025-10-09,In Translation
269,19,Training,en-US,14460,2026-04-10,2026-04-20,Completed
270,27,Marketing,en-US,2480,2026-05-30,2026-06-06,Completed
271,13,UI,en-US,967,2026-03-01,2026-03-07,Completed
272,28,Documentation,en-US,24752,2026-06-19,2026-07-05,Completed
273,21,Legal,en-US,21819,2025-08-14,2025-08-21,Cancelled
274,1,Legal,en-US,9335,2026-06-19,2026-07-06,Completed
275,20,UI,en-US,1216,2026-05-11,2026-05-15,QA
276,26,Marketing,en-US,11530,2026-07-21,2026-07-28,In Translation
277,29,Legal,en-US,16426,2026-02-22,2026-03-08,Completed
278,7,Legal,en-US,14900,2026-01-19,2026-02-05,QA
279,27,Training,en-US,16013,2026-03-31,2026-04-14,Completed
280,1,Training,en-US,15262,2026-02-22,2026-03-07,Cancelled
281,20,Training,en-US,12262,2025-08-21,2025-08-30,Cancelled
282,4,Legal,en-US,7091,2025-11-13,2025-11-25,Completed
283,21,Marketing,en-US,5536,2026-04-10,2026-04-17,Cancelled
284,23,Subtitles,en-US,2647,2025-08-19,2025-08-21,Completed
285,17,Documentation,en-US,13720,2025-10-29,2025-11-20,Cancelled
286,11,Subtitles,en-US,1346,2025-08-31,2025-09-01,Cancelled
287,16,Marketing,en-US,5250,2025-10-08,2025-10-17,In Translation
288,13,Subtitles,en-US,489,2026-05-01,2026-05-06,Cancelled
289,19,Documentation,en-US,32489,2026-03-06,2026-03-23,Cancelled
290,18,Subtitles,en-US,4097,2026-01-29,2026-02-01,QA
291,10,Documentation,en-US,46585,2025-11-29,2025-12-14,Completed
292,4,Legal,en-US,9192,2025-12-09,2025-12-27,Completed
293,24,Training,en-US,8998,2025-09-11,2025-09-26,Completed
294,21,UI,en-US,1210,2026-04-10,2026-04-14,Completed
295,24,Marketing,en-US,7889,2026-04-04,2026-04-12,Completed
296,9,Training,en-US,12635,2025-10-23,2025-11-04,Completed
297,16,UI,en-US,2898,2025-08-31,2025-09-06,QA
298,20,UI,en-US,2234,2025-11-11,2025-11-14,QA
299,4,Subtitles,en-US,3326,2026-03-21,2026-03-26,Completed
300,14,UI,en-US,917,2025-08-20,2025-08-23,Completed
301,11,Legal,en-US,23658,2026-07-08,2026-07-22,Completed
302,11,Subtitles,en-US,1677,2025-10-07,2025-10-08,In Translation
303,11,Subtitles,en-US,1648,2025-11-24,2025-11-27,Cancelled
304,2,UI,en-US,2151,2026-01-28,2026-02-01,Completed
305,25,Documentation,en-US,47767,2026-01-15,2026-01-30,In Translation
306,26,UI,en-US,830,2025-11-28,2025-12-04,In Translation
307,21,Legal,en-US,18218,2026-03-20,2026-04-02,In Translation
308,13,UI,en-US,454,2026-04-06,2026-04-12,Completed
309,24,Marketing,en-US,1230,2025-11-19,2025-11-27,QA
310,7,UI,en-US,316,2026-04-19,2026-04-26,Cancelled
311,8,Documentation,en-US,32567,2026-03-07,2026-03-26,Completed
312,4,Legal,en-US,21493,2025-09-21,2025-10-07,Completed
313,6,UI,en-US,487,2026-02-28,2026-03-04,Completed
314,15,Subtitles,en-US,4462,2026-03-01,2026-03-06,QA
315,11,Legal,en-US,27504,2025-12-12,2025-12-21,Completed
316,29,Legal,en-US,16771,2026-06-02,2026-06-21,Completed
317,6,Legal,en-US,5626,2025-11-23,2025-12-03,Completed
318,24,Documentation,en-US,23840,2026-01-06,2026-01-16,QA
319,17,Documentation,en-US,18071,2025-09-27,2025-10-18,Cancelled
320,21,UI,en-US,1836,2025-07-25,2025-08-01,Completed
321,25,Training,en-US,4592,2025-11-22,2025-12-06,Completed
322,22,UI,en-US,2977,2025-10-27,2025-10-29,Completed
323,23,UI,en-US,2007,2026-05-25,2026-05-30,In Translation
324,4,Training,en-US,11281,2025-10-18,2025-10-30,Cancelled
325,5,Documentation,en-US,10609,2026-04-26,2026-05-15,In Translation
326,22,UI,en-US,2431,2026-05-07,2026-05-11,QA
327,20,Subtitles,en-US,1323,2026-03-29,2026-04-02,Completed
328,17,Subtitles,en-US,1164,2026-01-09,2026-01-12,Completed
329,26,UI,en-US,2338,2025-11-08,2025-11-11,QA
330,7,Marketing,en-US,9571,2026-06-15,2026-06-21,Completed
331,23,Legal,en-US,14678,2025-12-10,2025-12-19,Completed
332,18,Legal,en-US,11805,2025-09-14,2025-10-02,In Translation
333,11,Documentation,en-US,10179,2026-04-13,2026-04-23,Cancelled
334,3,UI,en-US,2651,2026-05-04,2026-05-11,In Translation
335,5,UI,en-US,2395,2025-11-29,2025-12-01,Cancelled
336,24,UI,en-US,1348,2026-06-29,2026-07-06,Completed
337,15,Marketing,en-US,5327,2026-01-26,2026-02-05,Completed
338,4,Documentation,en-US,12585,2026-01-19,2026-02-07,Completed
339,26,Subtitles,en-US,2761,2026-01-12,2026-01-16,Cancelled
340,4,UI,en-US,487,2025-12-10,2025-12-12,Completed
341,22,Subtitles,en-US,1596,2026-05-20,2026-05-23,Completed
342,29,Legal,en-US,25375,2025-11-19,2025-11-30,Cancelled
343,3,Marketing,en-US,6615,2026-01-29,2026-02-03,Completed
344,13,Legal,en-US,19959,2026-02-23,2026-03-06,In Translation
345,23,Legal,en-US,18819,2025-09-04,2025-09-21,Completed
346,4,Documentation,en-US,13843,2025-09-30,2025-10-15,Completed
347,14,Training,en-US,18816,2026-03-31,2026-04-14,Cancelled
348,15,Documentation,en-US,34887,2026-03-16,2026-04-06,QA
349,1,Subtitles,en-US,1270,2025-08-24,2025-08-28,In Translation
350,4,Legal,en-US,19440,2026-06-15,2026-06-22,Completed
351,9,Subtitles,en-US,2774,2025-11-09,2025-11-10,Cancelled
352,28,Subtitles,en-US,4499,2026-06-22,2026-06-27,Cancelled
353,19,Documentation,en-US,32170,2026-06-09,2026-06-22,In Translation
354,22,Subtitles,en-US,2236,2025-09-16,2025-09-20,Completed
355,22,Subtitles,en-US,3352,2026-07-05,2026-07-07,QA
356,29,Training,en-US,4788,2026-02-18,2026-02-23,Cancelled
357,30,Documentation,en-US,43132,2025-10-08,2025-11-02,In Translation
358,28,Documentation,en-US,14906,2025-11-03,2025-11-28,Completed
359,8,Marketing,en-US,5557,2026-05-04,2026-05-07,QA
360,8,Training,en-US,15407,2026-07-03,2026-07-14,Completed
361,3,Legal,en-US,19555,2026-03-24,2026-04-12,QA
362,15,UI,en-US,2341,2025-08-22,2025-08-27,Completed
363,4,Legal,en-US,29419,2026-05-02,2026-05-19,Completed
364,4,Legal,en-US,18511,2025-08-22,2025-08-29,QA
365,18,UI,en-US,672,2026-07-05,2026-07-11,QA
366,21,Marketing,en-US,9328,2025-07-31,2025-08-06,Cancelled
367,22,Legal,en-US,16169,2026-06-18,2026-06-30,Completed
368,27,Documentation,en-US,39783,2026-02-05,2026-02-25,QA
369,25,Training,en-US,18503,2026-03-26,2026-04-10,Completed
370,23,Legal,en-US,8736,2025-08-05,2025-08-13,Cancelled
371,8,UI,en-US,1698,2026-06-04,2026-06-08,Cancelled
372,26,Marketing,en-US,9973,2026-03-06,2026-03-14,Cancelled
373,4,UI,en-US,972,2026-03-05,2026-03-10,Completed
374,27,Subtitles,en-US,3552,2025-12-28,2025-12-29,Completed
375,20,Documentation,en-US,22290,2026-05-18,2026-05-31,In Translation
376,7,Legal,en-US,11244,2026-03-10,2026-03-28,Completed
377,4,Legal,en-US,6523,2025-10-14,2025-10-31,Cancelled
378,19,UI,en-US,2145,2026-07-10,2026-07-15,Cancelled
379,19,Training,en-US,7411,2025-08-07,2025-08-19,Completed
380,17,Subtitles,en-US,597,2026-02-23,2026-02-28,In Translation
381,27,Training,en-US,18824,2025-11-02,2025-11-15,Completed
382,23,Training,en-US,8690,2026-02-20,2026-02-27,Completed
383,13,Subtitles,en-US,2836,2026-07-06,2026-07-11,In Translation
384,14,Training,en-US,11134,2026-02-18,2026-02-27,In Translation
385,11,Marketing,en-US,8419,2026-01-23,2026-01-28,Completed
386,14,Training,en-US,19786,2026-04-03,2026-04-12,Cancelled
387,18,Marketing,en-US,10069,2026-05-21,2026-05-27,Completed
388,7,Training,en-US,12521,2025-09-19,2025-10-04,Completed
389,30,Subtitles,en-US,1286,2025-12-13,2025-12-15,QA
390,18,Subtitles,en-US,2840,2025-12-23,2025-12-24,Completed
391,18,Legal,en-US,24097,2025-10-18,2025-11-03,Cancelled
392,23,Legal,en-US,27093,2026-07-05,2026-07-23,QA
393,10,Legal,en-US,5418,2026-05-19,2026-06-03,Completed
394,1,Legal,en-US,9762,2026-03-09,2026-03-16,Cancelled
395,2,Documentation,en-US,27496,2026-05-04,2026-05-19,Completed
396,22,Marketing,en-US,3399,2026-06-21,2026-06-24,Cancelled
397,26,Marketing,en-US,4342,2025-11-14,2025-11-17,Completed
398,27,Legal,en-US,8358,2025-09-13,2025-09-29,Cancelled
399,24,Training,en-US,10350,2026-01-20,2026-02-04,QA
400,13,Documentation,en-US,43483,2026-02-03,2026-02-22,Cancelled
401,22,UI,en-US,1862,2026-02-07,2026-02-12,In Translation
402,26,Subtitles,en-US,2761,2025-08-28,2025-09-02,Completed
403,1,Subtitles,en-US,2258,2025-12-25,2025-12-27,QA
404,28,Legal,en-US,12390,2025-12-12,2025-12-29,Cancelled
405,23,Subtitles,en-US,3212,2026-02-04,2026-02-09,QA
406,24,Training,en-US,9437,2025-07-28,2025-08-05,Completed
407,15,Documentation,en-US,14880,2026-04-07,2026-04-22,Completed
408,24,Training,en-US,6910,2025-10-24,2025-11-04,Completed
409,14,Marketing,en-US,10119,2026-06-18,2026-06-25,Completed
410,6,Training,en-US,11356,2026-06-02,2026-06-07,Completed
411,15,Subtitles,en-US,1468,2026-03-19,2026-03-20,Completed
412,30,Marketing,en-US,10779,2026-04-15,2026-04-18,Cancelled
413,20,Subtitles,en-US,2667,2025-09-26,2025-09-30,QA
414,18,Marketing,en-US,2194,2026-05-14,2026-05-22,QA
415,8,Documentation,en-US,44118,2026-02-08,2026-02-20,QA
416,6,Legal,en-US,22795,2025-09-16,2025-10-01,In Translation
417,3,Marketing,en-US,4624,2026-01-13,2026-01-19,Cancelled
418,11,Marketing,en-US,6911,2025-09-23,2025-09-30,Completed
419,25,Training,en-US,18560,2025-10-01,2025-10-14,Cancelled
420,1,UI,en-US,1717,2026-02-28,2026-03-05,Completed
421,29,Subtitles,en-US,2197,2026-02-28,2026-03-01,Cancelled
422,29,Marketing,en-US,7248,2026-04-06,2026-04-10,In Translation
423,9,Training,en-US,12267,2026-06-27,2026-07-02,QA
424,27,Marketing,en-US,9426,2025-09-18,2025-09-28,In Translation
425,2,Marketing,en-US,11674,2026-05-05,2026-05-11,Completed
426,17,UI,en-US,693,2026-05-04,2026-05-07,QA
427,18,UI,en-US,2867,2026-01-27,2026-01-29,Completed
428,22,Subtitles,en-US,1946,2026-07-23,2026-07-27,Completed
429,7,Training,en-US,17261,2025-12-10,2025-12-25,Completed
430,24,Subtitles,en-US,1459,2025-08-08,2025-08-09,In Translation
431,23,Marketing,en-US,1620,2025-10-16,2025-10-20,Completed
432,2,Documentation,en-US,26509,2026-05-15,2026-05-27,QA
433,27,Documentation,en-US,26950,2026-01-29,2026-02-21,In Translation
434,15,Subtitles,en-US,3513,2025-10-22,2025-10-26,Completed
435,1,Legal,en-US,27062,2025-08-17,2025-08-25,QA
436,1,Subtitles,en-US,718,2025-11-03,2025-11-08,Completed
437,23,UI,en-US,1765,2025-12-14,2025-12-20,Completed
438,10,Subtitles,en-US,2668,2025-10-22,2025-10-27,Completed
439,10,Legal,en-US,17498,2025-08-09,2025-08-22,Cancelled
440,1,Legal,en-US,10122,2026-04-09,2026-04-24,Completed
441,5,Subtitles,en-US,3403,2025-10-12,2025-10-17,Completed
442,21,Documentation,en-US,29533,2026-02-10,2026-03-03,Completed
443,18,Training,en-US,7632,2026-07-11,2026-07-17,Completed
444,1,Training,en-US,15913,2026-05-27,2026-06-09,QA
445,3,Marketing,en-US,4441,2025-12-11,2025-12-19,Completed
446,14,Subtitles,en-US,4398,2025-12-21,2025-12-23,Completed
447,6,Documentation,en-US,26563,2026-01-22,2026-02-07,Completed
448,6,Subtitles,en-US,4847,2026-07-15,2026-07-16,QA
449,15,Subtitles,en-US,4702,2026-01-16,2026-01-17,Completed
450,22,UI,en-US,1326,2026-07-01,2026-07-03,Completed
451,24,Training,en-US,18964,2025-08-11,2025-08-21,Completed
452,5,Subtitles,en-US,2121,2025-08-08,2025-08-09,Completed
453,20,UI,en-US,1092,2026-04-01,2026-04-05,In Translation
454,15,Marketing,en-US,11098,2025-11-26,2025-12-03,Cancelled
455,19,Documentation,en-US,47064,2025-09-02,2025-09-23,Completed
456,14,Documentation,en-US,10316,2026-04-23,2026-05-13,Completed
457,26,Documentation,en-US,38581,2026-02-11,2026-03-01,Completed
458,5,Subtitles,en-US,2916,2026-03-27,2026-03-31,In Translation
459,15,Marketing,en-US,6004,2026-06-11,2026-06-21,QA
460,4,Documentation,en-US,49755,2025-11-07,2025-11-19,Completed
461,28,Documentation,en-US,45298,2026-06-13,2026-06-29,Completed
462,24,Subtitles,en-US,826,2026-05-08,2026-05-09,Completed
463,28,Training,en-US,4022,2025-11-03,2025-11-17,QA
464,13,Training,en-US,9971,2026-03-05,2026-03-10,QA
465,9,Training,en-US,18469,2026-02-20,2026-03-07,Completed
466,12,Legal,en-US,12317,2026-03-02,2026-03-21,QA
467,24,Marketing,en-US,3193,2025-09-29,2025-10-09,QA
468,17,UI,en-US,1925,2025-12-17,2025-12-21,QA
469,1,Subtitles,en-US,2156,2026-04-03,2026-04-08,Cancelled
470,6,Training,en-US,7599,2025-12-18,2025-12-30,Completed
471,6,Training,en-US,7790,2025-12-12,2025-12-24,Completed
472,2,Documentation,en-US,41958,2026-03-09,2026-03-26,Completed
473,9,Marketing,en-US,4834,2026-04-03,2026-04-06,Cancelled
474,7,Training,en-US,14837,2026-07-07,2026-07-18,In Translation
475,30,Legal,en-US,6521,2026-06-13,2026-06-20,Cancelled
476,11,UI,en-US,2435,2025-08-23,2025-08-30,Completed
477,27,Subtitles,en-US,2357,2026-02-09,2026-02-14,QA
478,19,Documentation,en-US,34684,2025-10-29,2025-11-20,Completed
479,19,Subtitles,en-US,837,2025-12-17,2025-12-22,Completed
480,13,Documentation,en-US,43840,2026-07-11,2026-08-02,Completed
481,27,Marketing,en-US,8976,2025-10-18,2025-10-28,QA
482,1,Training,en-US,7553,2026-02-09,2026-02-21,Completed
483,8,UI,en-US,2407,2025-12-28,2026-01-04,Completed
484,7,Documentation,en-US,22249,2025-12-08,2025-12-23,Completed
485,20,Subtitles,en-US,1169,2026-06-06,2026-06-08,In Translation
486,26,Marketing,en-US,2856,2026-06-25,2026-07-05,Cancelled
487,16,Legal,en-US,11904,2025-12-04,2025-12-20,Completed
488,21,Legal,en-US,5735,2026-01-29,2026-02-08,Completed
489,5,Training,en-US,8279,2026-05-27,2026-06-03,Cancelled
490,17,UI,en-US,2644,2026-01-27,2026-01-30,Completed
491,6,Marketing,en-US,3949,2026-07-03,2026-07-12,QA
492,19,Subtitles,en-US,352,2026-03-15,2026-03-18,Completed
493,7,Legal,en-US,24874,2025-07-26,2025-08-09,In Translation
494,6,Documentation,en-US,36920,2026-02-03,2026-02-17,QA
495,27,Documentation,en-US,43476,2026-07-01,2026-07-19,Completed
496,24,Subtitles,en-US,3007,2025-09-15,2025-09-19,QA
497,19,UI,en-US,1241,2026-01-10,2026-01-15,In Translation
498,5,UI,en-US,367,2025-09-26,2025-09-29,QA
499,28,Training,en-US,16755,2025-10-21,2025-10-28,QA
500,4,Documentation,en-US,41186,2025-08-22,2025-09-02,QA
501,17,UI,en-US,681,2026-02-08,2026-02-13,Cancelled
502,5,Training,en-US,3039,2026-03-30,2026-04-14,Cancelled
503,14,Training,en-US,16784,2025-11-10,2025-11-20,Completed
504,23,Training,en-US,17056,2025-10-14,2025-10-22,In Translation
505,26,Legal,en-US,16485,2025-09-20,2025-10-06,Cancelled
506,30,Subtitles,en-US,4919,2025-10-04,2025-10-05,In Translation
507,5,Marketing,en-US,8817,2025-09-23,2025-09-29,Completed
508,10,Training,en-US,16390,2025-12-11,2025-12-20,Completed
509,1,Subtitles,en-US,258,2026-03-14,2026-03-19,QA
510,4,Training,en-US,3235,2026-04-28,2026-05-09,Cancelled
511,7,Subtitles,en-US,2787,2026-06-06,2026-06-10,Completed
512,4,Documentation,en-US,37923,2025-09-07,2025-09-25,Completed
513,28,Training,en-US,16879,2026-04-06,2026-04-20,Completed
514,20,Marketing,en-US,7511,2025-10-21,2025-10-27,In Translation
515,18,Training,en-US,18809,2026-01-01,2026-01-08,Completed
516,18,Training,en-US,18851,2026-06-04,2026-06-13,Completed
517,19,Marketing,en-US,7522,2025-11-29,2025-12-04,Cancelled
518,4,Subtitles,en-US,2082,2026-04-29,2026-05-03,Cancelled
519,6,UI,en-US,1178,2025-09-06,2025-09-12,In Translation
520,26,Marketing,en-US,10020,2026-01-27,2026-01-30,Completed
521,13,Subtitles,en-US,243,2026-04-12,2026-04-13,Completed
522,16,Training,en-US,17266,2026-01-25,2026-01-31,Completed
523,9,Documentation,en-US,34303,2026-01-26,2026-02-07,QA
524,2,Subtitles,en-US,3348,2025-10-13,2025-10-17,QA
525,21,Training,en-US,12387,2026-03-10,2026-03-24,Completed
526,25,Documentation,en-US,42398,2025-09-24,2025-10-18,Completed
527,7,Subtitles,en-US,4444,2026-04-01,2026-04-04,Completed
528,2,Training,en-US,19729,2026-06-12,2026-06-25,Cancelled
529,8,Training,en-US,8553,2025-12-30,2026-01-14,Completed
530,12,Documentation,en-US,10018,2025-08-01,2025-08-16,Completed
531,9,Legal,en-US,16571,2025-10-26,2025-11-12,In Translation
532,13,Training,en-US,9563,2025-08-09,2025-08-22,Completed
533,24,Subtitles,en-US,762,2025-09-11,2025-09-12,QA
534,10,Subtitles,en-US,4780,2026-03-03,2026-03-08,Completed
535,12,Marketing,en-US,4707,2026-03-11,2026-03-17,In Translation
536,30,Legal,en-US,23838,2025-09-24,2025-10-01,Completed
537,6,Legal,en-US,21588,2025-09-14,2025-09-22,QA
538,3,Training,en-US,12642,2026-03-25,2026-04-04,Completed
539,26,Training,en-US,11444,2026-02-08,2026-02-21,QA
540,9,Subtitles,en-US,3827,2025-08-08,2025-08-12,QA
541,16,Documentation,en-US,32260,2026-07-04,2026-07-28,Cancelled
542,15,Training,en-US,3896,2026-03-03,2026-03-15,Completed
543,9,UI,en-US,1867,2025-09-19,2025-09-26,Completed
544,22,Subtitles,en-US,2083,2025-08-14,2025-08-17,In Translation
545,12,Training,en-US,3318,2025-09-26,2025-10-05,Completed
546,10,UI,en-US,1934,2025-11-01,2025-11-08,Cancelled
547,27,Marketing,en-US,2245,2026-07-17,2026-07-22,In Translation
548,11,Marketing,en-US,4580,2025-10-01,2025-10-08,Completed
549,24,Subtitles,en-US,1757,2026-02-09,2026-02-13,Cancelled
550,7,Documentation,en-US,25863,2025-12-28,2026-01-15,Completed
551,8,Documentation,en-US,26364,2026-03-13,2026-04-03,Completed
552,25,UI,en-US,791,2026-02-27,2026-03-01,Cancelled
553,22,Legal,en-US,25113,2026-03-28,2026-04-04,QA
554,2,Legal,en-US,17163,2025-07-31,2025-08-16,Completed
555,16,Training,en-US,12002,2026-06-30,2026-07-12,Completed
556,25,Training,en-US,12183,2026-04-29,2026-05-10,Completed
557,25,Training,en-US,7202,2026-05-02,2026-05-07,QA
558,26,Legal,en-US,20673,2026-04-06,2026-04-21,Completed
559,17,Marketing,en-US,7450,2026-06-07,2026-06-12,In Translation
560,4,Subtitles,en-US,4445,2025-11-11,2025-11-15,Completed
561,23,UI,en-US,348,2025-08-26,2025-09-02,Completed
562,13,Training,en-US,6301,2025-10-16,2025-10-26,Completed
563,20,Marketing,en-US,4066,2026-01-14,2026-01-21,Completed
564,9,Legal,en-US,25089,2026-03-16,2026-03-28,Completed
565,6,Legal,en-US,18891,2026-01-23,2026-02-02,In Translation
566,23,Marketing,en-US,6981,2026-06-25,2026-07-04,Completed
567,15,Documentation,en-US,47447,2026-01-27,2026-02-10,QA
568,22,Documentation,en-US,16545,2025-09-28,2025-10-16,Completed
569,18,Legal,en-US,17480,2025-10-17,2025-10-27,Completed
570,26,Subtitles,en-US,1425,2026-06-11,2026-06-15,Completed
571,6,Legal,en-US,21370,2025-12-30,2026-01-08,Cancelled
572,17,Training,en-US,13345,2026-03-14,2026-03-26,Completed
573,9,Training,en-US,4563,2025-09-17,2025-09-28,Completed
574,23,Documentation,en-US,13934,2026-05-28,2026-06-13,Completed
575,16,Subtitles,en-US,988,2026-03-07,2026-03-11,Cancelled
576,11,Marketing,en-US,6914,2026-06-07,2026-06-15,QA
577,18,Marketing,en-US,6638,2026-05-18,2026-05-21,In Translation
578,4,Marketing,en-US,10921,2025-10-02,2025-10-08,QA
579,19,Subtitles,en-US,4610,2026-03-23,2026-03-25,Completed
580,12,Marketing,en-US,9363,2026-04-06,2026-04-16,Cancelled
581,15,UI,en-US,1860,2026-02-07,2026-02-13,Completed
582,15,Subtitles,en-US,1386,2025-11-03,2025-11-05,Cancelled
583,26,Marketing,en-US,7911,2025-09-27,2025-10-06,Completed
584,3,Documentation,en-US,32519,2026-05-01,2026-05-18,Completed
585,11,Subtitles,en-US,2586,2026-04-16,2026-04-19,QA
586,21,Legal,en-US,13888,2025-12-04,2025-12-18,Completed
587,24,Training,en-US,17755,2026-07-17,2026-07-28,Completed
588,6,UI,en-US,812,2026-01-16,2026-01-23,Completed
589,22,Marketing,en-US,2311,2026-03-12,2026-03-18,Completed
590,13,UI,en-US,691,2026-03-10,2026-03-12,In Translation
591,18,UI,en-US,407,2025-08-19,2025-08-24,QA
592,25,UI,en-US,725,2025-10-21,2025-10-25,QA
593,5,UI,en-US,2982,2025-12-17,2025-12-22,Completed
594,8,Documentation,en-US,28623,2025-12-20,2026-01-13,Cancelled
595,5,Documentation,en-US,44520,2025-09-13,2025-09-28,Completed
596,2,Subtitles,en-US,3123,2025-09-04,2025-09-07,In Translation
597,15,Training,en-US,11926,2025-07-30,2025-08-12,In Translation
598,5,Subtitles,en-US,4617,2025-10-10,2025-10-12,QA
599,20,Legal,en-US,25678,2026-02-12,2026-03-02,Cancelled
600,29,Training,en-US,17253,2026-06-22,2026-07-05,Cancelled
601,21,Training,en-US,13146,2026-07-12,2026-07-22,In Translation
602,18,Documentation,en-US,15869,2026-02-04,2026-02-28,Completed
603,12,Legal,en-US,13513,2026-04-15,2026-04-24,Completed
604,1,UI,en-US,2443,2026-01-03,2026-01-06,Completed
605,10,Legal,en-US,22534,2026-06-09,2026-06-16,Cancelled
606,30,Legal,en-US,29755,2025-09-20,2025-10-04,Completed
607,1,Legal,en-US,14598,2026-03-16,2026-04-01,Completed
608,26,UI,en-US,2545,2025-08-30,2025-09-03,Completed
609,14,Training,en-US,17323,2025-09-30,2025-10-11,Completed
610,6,Subtitles,en-US,3392,2026-01-24,2026-01-28,Completed
611,9,UI,en-US,2029,2026-07-09,2026-07-16,Completed
612,17,Training,en-US,11908,2026-03-19,2026-03-28,Cancelled
613,24,Training,en-US,11808,2026-03-13,2026-03-24,Completed
614,28,UI,en-US,1047,2025-08-08,2025-08-11,Completed
615,4,Subtitles,en-US,3930,2026-06-29,2026-07-04,In Translation
616,9,Subtitles,en-US,4230,2026-05-24,2026-05-26,Completed
617,1,Documentation,en-US,13252,2026-02-15,2026-02-25,Completed
618,4,Marketing,en-US,5410,2026-02-04,2026-02-09,Cancelled
619,15,Subtitles,en-US,267,2026-05-12,2026-05-14,Completed
620,5,UI,en-US,2321,2025-09-07,2025-09-10,Completed
621,14,Marketing,en-US,9165,2025-08-29,2025-09-06,In Translation
622,23,UI,en-US,1652,2026-01-27,2026-01-29,Completed
623,2,Marketing,en-US,7429,2026-04-06,2026-04-10,QA
624,16,Documentation,en-US,22595,2025-09-12,2025-09-30,In Translation
625,27,UI,en-US,799,2026-07-09,2026-07-16,Completed
626,13,Legal,en-US,13099,2026-03-15,2026-04-02,Completed
627,7,Legal,en-US,29095,2026-02-18,2026-03-09,Completed
628,17,Subtitles,en-US,1907,2026-06-10,2026-06-14,In Translation
629,22,Marketing,en-US,6293,2025-07-24,2025-07-29,Cancelled
630,24,UI,en-US,2551,2026-07-07,2026-07-13,Completed
631,9,Legal,en-US,25923,2026-07-23,2026-08-03,Completed
632,12,UI,en-US,1192,2026-05-20,2026-05-22,Completed
633,21,Legal,en-US,15633,2026-04-13,2026-04-20,Completed
634,26,Marketing,en-US,10579,2026-04-02,2026-04-06,In Translation
635,26,Documentation,en-US,10585,2026-01-07,2026-01-18,QA
636,26,Subtitles,en-US,4093,2026-02-11,2026-02-16,Completed
637,12,UI,en-US,1318,2026-01-03,2026-01-06,In Translation
638,3,Subtitles,en-US,2972,2025-12-14,2025-12-15,Completed
639,12,Subtitles,en-US,1460,2026-06-28,2026-07-03,Completed
640,5,Legal,en-US,12624,2025-08-09,2025-08-21,QA
641,26,Subtitles,en-US,3045,2026-04-20,2026-04-24,Cancelled
642,7,UI,en-US,1847,2026-02-14,2026-02-18,Cancelled
643,5,Marketing,en-US,1646,2026-01-06,2026-01-16,Cancelled
644,15,Training,en-US,12657,2025-10-21,2025-11-03,Cancelled
645,16,Documentation,en-US,47139,2026-07-23,2026-08-07,QA
646,12,Marketing,en-US,8674,2026-05-31,2026-06-07,QA
647,30,Training,en-US,8254,2026-01-27,2026-02-02,QA
648,5,Legal,en-US,14688,2026-05-26,2026-06-15,Completed
649,18,Marketing,en-US,8439,2026-05-18,2026-05-21,Cancelled
650,17,Legal,en-US,29040,2025-12-19,2025-12-28,Completed
651,20,Marketing,en-US,11161,2025-12-07,2025-12-13,Completed
652,24,UI,en-US,2996,2026-03-09,2026-03-15,In Translation
653,7,Training,en-US,19303,2026-06-01,2026-06-14,Completed
654,20,Marketing,en-US,6285,2026-05-07,2026-05-16,Cancelled
655,11,UI,en-US,694,2026-07-11,2026-07-17,Cancelled
656,3,UI,en-US,831,2026-05-15,2026-05-18,Completed
657,7,UI,en-US,2288,2026-06-14,2026-06-17,Completed
658,2,Training,en-US,15733,2026-04-20,2026-05-05,In Translation
659,17,Training,en-US,11386,2026-03-04,2026-03-09,Completed
660,8,Training,en-US,5322,2025-08-30,2025-09-04,Completed
661,21,Legal,en-US,7620,2026-01-05,2026-01-19,Cancelled
662,2,Marketing,en-US,10142,2025-09-13,2025-09-22,Completed
663,26,Subtitles,en-US,677,2025-10-30,2025-11-04,Completed
664,17,UI,en-US,588,2026-01-25,2026-01-29,Completed
665,7,Training,en-US,6182,2026-05-17,2026-05-23,Cancelled
666,8,Training,en-US,15626,2025-10-22,2025-10-30,Completed
667,17,Subtitles,en-US,2237,2026-07-12,2026-07-17,Cancelled
668,6,Training,en-US,16604,2026-06-22,2026-06-28,Cancelled
669,19,Marketing,en-US,8515,2025-08-25,2025-09-03,Completed
670,6,Documentation,en-US,46042,2025-11-11,2025-12-03,QA
671,11,Subtitles,en-US,1495,2026-03-13,2026-03-18,QA
672,15,Marketing,en-US,6163,2026-06-29,2026-07-07,Completed
673,14,Subtitles,en-US,3727,2026-02-20,2026-02-23,QA
674,8,Training,en-US,10009,2025-12-29,2026-01-09,QA
675,30,Subtitles,en-US,2281,2025-11-01,2025-11-04,In Translation
676,15,Legal,en-US,5006,2025-10-05,2025-10-23,Completed
677,10,Training,en-US,3534,2025-07-26,2025-08-08,Completed
678,29,Marketing,en-US,1107,2026-04-25,2026-05-02,Completed
679,7,Marketing,en-US,1355,2026-05-08,2026-05-15,QA
680,17,Training,en-US,8069,2026-05-26,2026-06-01,Completed
681,15,Marketing,en-US,3557,2025-07-26,2025-07-31,Completed
682,12,Training,en-US,11187,2026-03-05,2026-03-13,Completed
683,26,Marketing,en-US,2505,2026-02-11,2026-02-20,QA
684,30,Documentation,en-US,15059,2025-09-07,2025-09-27,In Translation
685,6,Legal,en-US,27596,2026-02-10,2026-02-28,QA
686,27,UI,en-US,2738,2025-07-26,2025-08-02,Completed
687,2,Subtitles,en-US,4920,2025-12-16,2025-12-20,Completed
688,25,UI,en-US,1669,2026-04-04,2026-04-08,In Translation
689,14,UI,en-US,1228,2025-10-11,2025-10-18,Cancelled
690,28,Training,en-US,3374,2026-04-17,2026-05-02,Cancelled
691,13,UI,en-US,1548,2026-06-01,2026-06-07,Completed
692,11,Training,en-US,7901,2025-11-23,2025-12-03,QA
693,23,Documentation,en-US,20039,2025-12-29,2026-01-09,Cancelled
694,24,Legal,en-US,19601,2025-12-11,2025-12-30,QA
695,19,Training,en-US,5951,2025-09-03,2025-09-11,In Translation
696,10,Legal,en-US,9850,2025-09-22,2025-10-01,Completed
697,3,Legal,en-US,23724,2026-01-05,2026-01-23,Completed
698,18,Legal,en-US,13603,2026-04-03,2026-04-11,In Translation
699,17,Legal,en-US,27867,2026-03-08,2026-03-17,Completed
700,16,Training,en-US,9491,2025-10-30,2025-11-11,In Translation
701,21,Training,en-US,9425,2025-11-02,2025-11-15,QA
702,24,Training,en-US,11068,2026-06-21,2026-06-29,Completed
703,9,Legal,en-US,15597,2026-02-17,2026-03-06,QA
704,3,UI,en-US,1994,2026-01-04,2026-01-09,Completed
705,12,Documentation,en-US,31019,2026-02-28,2026-03-21,QA
706,21,UI,en-US,1548,2025-12-13,2025-12-16,Completed
707,20,Legal,en-US,25420,2026-03-18,2026-03-27,In Translation
708,2,Documentation,en-US,23086,2025-11-08,2025-11-29,Completed
709,25,Subtitles,en-US,902,2026-04-14,2026-04-15,Cancelled
710,2,Documentation,en-US,19678,2025-12-25,2026-01-13,Completed
711,11,Subtitles,en-US,1111,2026-05-13,2026-05-16,In Translation
712,16,UI,en-US,1659,2025-10-11,2025-10-14,Cancelled
713,18,Documentation,en-US,23356,2025-12-31,2026-01-18,QA
714,16,Training,en-US,7631,2026-02-23,2026-03-10,Completed
715,13,Training,en-US,4424,2026-05-24,2026-06-02,Completed
716,2,Marketing,en-US,4288,2026-02-25,2026-03-04,Completed
717,15,Subtitles,en-US,268,2026-01-27,2026-01-28,In Translation
718,22,Marketing,en-US,11862,2025-10-01,2025-10-09,Completed
719,1,Marketing,en-US,11639,2025-12-14,2025-12-23,Completed
720,13,Training,en-US,6263,2026-02-26,2026-03-08,In Translation
721,28,Training,en-US,5884,2026-02-24,2026-03-03,Completed
722,17,Legal,en-US,23372,2026-01-27,2026-02-14,Completed
723,2,Documentation,en-US,44695,2025-10-30,2025-11-18,Completed
724,16,Legal,en-US,29392,2025-11-20,2025-11-29,Completed
725,12,Subtitles,en-US,3082,2026-03-05,2026-03-08,Cancelled
726,10,Documentation,en-US,42850,2025-12-04,2025-12-22,Completed
727,21,Marketing,en-US,7343,2026-05-20,2026-05-23,QA
728,9,Documentation,en-US,19942,2026-04-23,2026-05-13,In Translation
729,22,Documentation,en-US,15753,2025-12-25,2026-01-16,QA
730,22,Training,en-US,10452,2026-05-05,2026-05-16,Completed
731,19,Documentation,en-US,37948,2025-09-15,2025-10-04,QA
732,11,Legal,en-US,22767,2026-06-21,2026-06-30,Completed
733,21,Documentation,en-US,48078,2026-06-24,2026-07-10,Completed
734,10,Subtitles,en-US,4491,2026-04-06,2026-04-08,In Translation
735,30,Documentation,en-US,47017,2025-09-08,2025-09-23,Completed
736,3,Training,en-US,6879,2026-05-10,2026-05-17,Completed
737,27,Documentation,en-US,11932,2025-10-21,2025-11-10,In Translation
738,14,Marketing,en-US,8258,2026-01-13,2026-01-20,Completed
739,25,Documentation,en-US,16997,2026-05-24,2026-06-07,Completed
740,1,Training,en-US,11744,2026-04-21,2026-05-05,QA
741,20,Documentation,en-US,49083,2025-09-24,2025-10-11,Completed
742,22,UI,en-US,1771,2025-08-31,2025-09-02,Cancelled
743,25,Legal,en-US,9393,2025-10-15,2025-10-30,QA
744,16,Subtitles,en-US,3263,2026-02-06,2026-02-08,In Translation
745,16,Legal,en-US,9506,2025-12-26,2026-01-04,Completed
746,8,UI,en-US,1973,2026-05-25,2026-05-27,Completed
747,14,Documentation,en-US,23292,2025-12-02,2025-12-18,Completed
748,6,Legal,en-US,25219,2026-05-31,2026-06-14,Cancelled
749,11,Legal,en-US,13086,2026-02-22,2026-03-07,In Translation
750,25,UI,en-US,2790,2026-03-19,2026-03-26,In Translation
751,24,Marketing,en-US,7457,2026-04-20,2026-04-23,QA
752,4,Legal,en-US,19971,2026-04-15,2026-05-05,Completed
753,29,Documentation,en-US,43993,2026-04-24,2026-05-16,Cancelled
754,2,Training,en-US,15694,2025-08-13,2025-08-26,Cancelled
755,2,Documentation,en-US,29082,2025-09-24,2025-10-18,In Translation
756,29,Marketing,en-US,5684,2025-12-22,2026-01-01,Completed
757,14,Marketing,en-US,11045,2026-03-27,2026-03-30,Cancelled
758,17,Documentation,en-US,40381,2025-07-26,2025-08-19,Completed
759,24,Training,en-US,6708,2026-06-01,2026-06-08,QA
760,29,Subtitles,en-US,4676,2025-08-28,2025-08-30,In Translation
761,14,Marketing,en-US,8387,2026-06-08,2026-06-11,Completed
762,15,Training,en-US,9616,2025-09-18,2025-09-30,Completed
763,9,Marketing,en-US,11626,2026-01-23,2026-01-28,Cancelled
764,24,UI,en-US,673,2026-07-18,2026-07-20,Cancelled
765,15,Subtitles,en-US,3173,2026-03-14,2026-03-15,QA
766,23,Legal,en-US,28818,2026-01-09,2026-01-28,QA
767,20,Documentation,en-US,34817,2025-08-27,2025-09-18,Completed
768,25,Documentation,en-US,31967,2025-08-17,2025-08-31,Completed
769,28,Documentation,en-US,21722,2025-11-03,2025-11-14,In Translation
770,10,Marketing,en-US,8311,2025-10-18,2025-10-25,Cancelled
771,6,UI,en-US,838,2025-12-15,2025-12-18,Completed
772,20,Marketing,en-US,1200,2025-08-24,2025-09-03,In Translation
773,28,Legal,en-US,22809,2026-03-17,2026-04-05,Completed
774,20,Legal,en-US,12794,2025-08-07,2025-08-17,QA
775,22,Legal,en-US,19868,2026-05-01,2026-05-14,In Translation
776,3,Training,en-US,3215,2025-12-20,2025-12-28,QA
777,9,Training,en-US,9803,2026-07-20,2026-07-25,Completed
778,5,UI,en-US,2975,2025-12-26,2025-12-30,Completed
779,5,UI,en-US,2667,2026-03-19,2026-03-25,Completed
780,11,UI,en-US,500,2026-04-04,2026-04-06,In Translation
781,6,Documentation,en-US,28637,2026-02-11,2026-02-26,In Translation
782,24,Training,en-US,14802,2025-11-12,2025-11-17,Completed
783,25,Marketing,en-US,6289,2026-04-26,2026-05-04,In Translation
784,27,UI,en-US,2050,2026-03-13,2026-03-19,Completed
785,10,Legal,en-US,9408,2025-08-15,2025-08-23,Cancelled
786,28,Marketing,en-US,6393,2026-05-20,2026-05-29,QA
787,7,Subtitles,en-US,1912,2026-06-07,2026-06-12,Completed
788,4,Training,en-US,5872,2025-09-30,2025-10-12,Cancelled
789,23,Training,en-US,12410,2026-03-29,2026-04-09,QA
790,28,Marketing,en-US,5254,2026-01-31,2026-02-08,Completed
791,20,Training,en-US,19265,2026-01-10,2026-01-23,Cancelled
792,21,Legal,en-US,21138,2025-07-28,2025-08-16,Completed
793,29,Training,en-US,10625,2025-10-10,2025-10-19,Completed
794,1,UI,en-US,398,2026-06-19,2026-06-24,Cancelled
795,26,UI,en-US,1149,2026-04-05,2026-04-11,In Translation
796,14,UI,en-US,1667,2026-07-20,2026-07-24,QA
797,26,Subtitles,en-US,1939,2026-06-01,2026-06-02,Cancelled
798,7,Subtitles,en-US,2507,2026-02-10,2026-02-13,Completed
799,10,Marketing,en-US,9301,2025-11-12,2025-11-20,Completed
800,4,Subtitles,en-US,2930,2025-10-07,2025-10-10,In Translation
801,24,Training,en-US,3954,2025-08-06,2025-08-13,Completed
802,11,Marketing,en-US,8849,2026-05-24,2026-06-03,Completed
803,21,Documentation,en-US,41555,2026-03-13,2026-03-27,Cancelled
804,15,Training,en-US,13980,2026-02-07,2026-02-19,In Translation
805,30,Subtitles,en-US,658,2026-02-09,2026-02-14,Completed
806,19,Subtitles,en-US,2784,2026-04-21,2026-04-26,QA
807,1,Documentation,en-US,47840,2025-10-21,2025-11-10,Completed
808,3,Documentation,en-US,28380,2026-03-19,2026-03-29,Completed
809,13,Subtitles,en-US,4576,2025-09-27,2025-09-29,QA
810,20,Legal,en-US,11140,2026-04-11,2026-04-27,Completed
811,28,Marketing,en-US,6152,2025-08-07,2025-08-10,Completed
812,14,UI,en-US,2335,2025-12-10,2025-12-13,Completed
813,15,Marketing,en-US,4541,2025-10-24,2025-10-31,Completed
814,4,Marketing,en-US,1612,2026-04-04,2026-04-10,Completed
815,15,Training,en-US,3817,2025-07-24,2025-08-05,QA
816,5,Documentation,en-US,32289,2025-09-23,2025-10-18,Cancelled
817,28,Training,en-US,13169,2025-08-26,2025-09-05,Completed
818,25,UI,en-US,2414,2025-11-08,2025-11-15,Completed
819,7,Subtitles,en-US,499,2026-05-22,2026-05-26,In Translation
820,23,Training,en-US,6795,2025-12-26,2025-12-31,Completed
821,30,UI,en-US,2734,2025-12-08,2025-12-10,Completed
822,15,UI,en-US,722,2026-04-10,2026-04-16,Cancelled
823,24,Marketing,en-US,1368,2025-12-24,2025-12-31,Cancelled
824,29,Documentation,en-US,31029,2025-12-28,2026-01-13,Completed
825,10,Marketing,en-US,9720,2026-03-08,2026-03-16,In Translation
826,22,UI,en-US,1416,2025-10-09,2025-10-12,Completed
827,9,UI,en-US,362,2026-02-10,2026-02-16,QA
828,17,UI,en-US,1146,2025-07-29,2025-08-04,Completed
829,18,Marketing,en-US,5440,2026-05-06,2026-05-11,Cancelled
830,26,Marketing,en-US,10405,2026-04-23,2026-04-29,Completed
831,3,Marketing,en-US,11047,2025-08-19,2025-08-27,QA
832,15,UI,en-US,832,2026-07-15,2026-07-17,In Translation
833,29,Subtitles,en-US,613,2025-08-28,2025-08-29,In Translation
834,2,UI,en-US,2046,2026-02-22,2026-02-27,Completed
835,23,Training,en-US,17609,2025-11-11,2025-11-25,Completed
836,10,Marketing,en-US,4246,2026-05-02,2026-05-06,In Translation
837,19,Documentation,en-US,16089,2026-06-11,2026-07-05,Completed
838,15,Marketing,en-US,11558,2026-02-26,2026-03-08,In Translation
839,8,Documentation,en-US,19418,2026-07-14,2026-08-01,Completed
840,13,Documentation,en-US,31648,2026-03-07,2026-03-27,In Translation
841,16,UI,en-US,567,2025-12-06,2025-12-11,Completed
842,12,Legal,en-US,20113,2025-12-05,2025-12-25,Completed
843,10,Marketing,en-US,10903,2026-06-05,2026-06-10,QA
844,4,Legal,en-US,28405,2025-11-08,2025-11-27,Completed
845,11,Training,en-US,5324,2025-10-19,2025-10-28,QA
846,15,Legal,en-US,24350,2026-03-16,2026-03-29,Completed
847,20,Documentation,en-US,45910,2025-10-07,2025-10-22,In Translation
848,13,UI,en-US,1695,2026-01-16,2026-01-19,Cancelled
849,19,Legal,en-US,19265,2026-07-20,2026-08-05,Completed
850,18,Subtitles,en-US,2134,2025-12-27,2025-12-29,Cancelled
851,22,UI,en-US,2651,2026-03-04,2026-03-09,Completed
852,19,Training,en-US,18168,2025-07-25,2025-08-04,QA
853,4,Legal,en-US,10772,2025-11-02,2025-11-13,In Translation
854,3,Training,en-US,6563,2025-09-29,2025-10-14,QA
855,25,Legal,en-US,15728,2025-12-29,2026-01-12,Cancelled
856,22,UI,en-US,670,2026-02-05,2026-02-08,Completed
857,29,Training,en-US,3006,2025-09-03,2025-09-10,Cancelled
858,5,Legal,en-US,22408,2026-02-25,2026-03-08,In Translation
859,20,Training,en-US,17652,2025-08-21,2025-08-29,Completed
860,22,Marketing,en-US,5910,2026-02-04,2026-02-11,In Translation
861,23,Marketing,en-US,2462,2025-11-15,2025-11-18,QA
862,17,Legal,en-US,9179,2025-12-03,2025-12-23,Completed
863,2,Marketing,en-US,9992,2025-09-07,2025-09-10,Completed
864,23,Training,en-US,14771,2026-05-31,2026-06-06,Completed
865,28,UI,en-US,1263,2026-02-08,2026-02-13,Cancelled
866,19,Legal,en-US,25487,2025-11-01,2025-11-13,Cancelled
867,13,Legal,en-US,17503,2026-06-29,2026-07-12,QA
868,7,Subtitles,en-US,1620,2026-02-17,2026-02-21,Completed
869,7,Training,en-US,15602,2026-06-04,2026-06-14,In Translation
870,5,Marketing,en-US,11978,2026-05-28,2026-06-02,Completed
871,1,UI,en-US,2955,2026-03-04,2026-03-06,Completed
872,24,Legal,en-US,26558,2025-10-29,2025-11-11,Completed
873,3,Documentation,en-US,37253,2026-04-19,2026-05-13,Cancelled
874,20,Legal,en-US,25422,2026-01-11,2026-01-20,In Translation
875,17,Legal,en-US,23089,2025-12-17,2026-01-06,In Translation
876,13,Marketing,en-US,4698,2026-02-27,2026-03-04,In Translation
877,20,UI,en-US,2667,2026-01-27,2026-02-01,Cancelled
878,8,Subtitles,en-US,4310,2026-05-19,2026-05-22,In Translation
879,30,Training,en-US,15024,2025-10-26,2025-10-31,Completed
880,19,Legal,en-US,28097,2026-05-14,2026-05-26,Completed
881,19,Legal,en-US,27626,2025-12-02,2025-12-10,Completed
882,24,Subtitles,en-US,4512,2026-05-21,2026-05-24,In Translation
883,17,UI,en-US,2443,2026-01-18,2026-01-24,Completed
884,8,Legal,en-US,25665,2026-04-14,2026-05-02,Cancelled
885,22,UI,en-US,2895,2026-01-18,2026-01-24,QA
886,10,Training,en-US,4729,2026-07-07,2026-07-17,QA
887,25,UI,en-US,2220,2026-03-08,2026-03-13,QA
888,29,Legal,en-US,23807,2026-06-23,2026-07-11,Completed
889,14,Marketing,en-US,5827,2025-08-03,2025-08-10,Completed
890,2,Subtitles,en-US,2690,2026-01-27,2026-02-01,Completed
891,2,Subtitles,en-US,4076,2025-09-07,2025-09-12,Completed
892,19,UI,en-US,2988,2025-11-01,2025-11-05,Cancelled
893,20,UI,en-US,1474,2025-08-19,2025-08-24,Completed
894,5,Training,en-US,5518,2025-12-19,2025-12-28,Completed
895,5,Training,en-US,12206,2026-03-27,2026-04-05,Completed
896,1,Subtitles,en-US,1113,2026-05-26,2026-05-31,Completed
897,30,Training,en-US,7952,2025-10-17,2025-11-01,In Translation
898,12,Documentation,en-US,27121,2026-04-12,2026-04-29,In Translation
899,6,Training,en-US,4084,2026-04-22,2026-05-02,Completed
900,5,Training,en-US,8051,2025-10-21,2025-11-02,In Translation
901,25,Legal,en-US,12797,2026-05-30,2026-06-16,In Translation
902,24,Subtitles,en-US,1570,2025-11-23,2025-11-25,QA
903,24,Marketing,en-US,1890,2025-12-31,2026-01-07,Completed
904,2,Documentation,en-US,40409,2025-12-08,2025-12-30,In Translation
905,10,Legal,en-US,29449,2026-02-09,2026-02-28,QA
906,8,Legal,en-US,27397,2026-02-17,2026-03-07,In Translation
907,16,Marketing,en-US,3378,2025-07-27,2025-08-05,Completed
908,10,Legal,en-US,17517,2026-04-22,2026-05-09,Completed
909,17,Subtitles,en-US,536,2026-06-12,2026-06-13,QA
910,21,Marketing,en-US,8074,2025-11-03,2025-11-10,Completed
911,9,Marketing,en-US,2610,2025-10-28,2025-11-04,Cancelled
912,19,Legal,en-US,20109,2025-11-12,2025-12-01,Cancelled
913,24,Documentation,en-US,48582,2025-08-29,2025-09-14,QA
914,11,Subtitles,en-US,1673,2025-12-25,2025-12-28,QA
915,1,Subtitles,en-US,269,2026-04-11,2026-04-12,Completed
916,14,UI,en-US,2451,2026-05-10,2026-05-12,Cancelled
917,15,Marketing,en-US,4594,2026-06-07,2026-06-14,Completed
918,7,UI,en-US,397,2025-12-03,2025-12-09,Completed
919,2,Training,en-US,10104,2025-08-22,2025-09-05,Cancelled
920,4,Subtitles,en-US,1182,2026-02-24,2026-02-25,QA
921,5,Legal,en-US,26508,2026-07-20,2026-08-08,Cancelled
922,19,Documentation,en-US,17264,2025-10-01,2025-10-16,Completed
923,10,Legal,en-US,26642,2026-01-25,2026-02-02,Cancelled
924,15,Marketing,en-US,7995,2025-11-22,2025-11-30,Completed
925,6,UI,en-US,1435,2025-12-08,2025-12-10,In Translation
926,13,Marketing,en-US,1984,2025-10-16,2025-10-23,Completed
927,6,Legal,en-US,7274,2026-07-06,2026-07-20,Completed
928,20,Legal,en-US,10847,2026-03-03,2026-03-20,In Translation
929,4,Documentation,en-US,45430,2025-11-05,2025-11-28,Completed
930,20,Subtitles,en-US,1070,2025-10-02,2025-10-06,Cancelled
931,9,UI,en-US,442,2026-05-09,2026-05-11,Completed
932,19,Subtitles,en-US,2252,2026-04-15,2026-04-19,Completed
933,29,Legal,en-US,9877,2026-07-20,2026-08-06,Cancelled
934,1,UI,en-US,1899,2026-07-12,2026-07-16,Completed
935,23,Marketing,en-US,7411,2025-10-05,2025-10-08,QA
936,23,Legal,en-US,20667,2026-02-02,2026-02-15,In Translation
937,28,Subtitles,en-US,774,2026-05-06,2026-05-11,Completed
938,1,Legal,en-US,27585,2025-10-09,2025-10-29,In Translation
939,4,Training,en-US,14761,2025-10-23,2025-11-02,Cancelled
940,10,Legal,en-US,6808,2026-05-05,2026-05-22,Cancelled
941,3,Marketing,en-US,9759,2025-10-26,2025-11-03,Completed
942,27,Legal,en-US,29918,2026-06-27,2026-07-16,Completed
943,21,Documentation,en-US,21574,2025-11-04,2025-11-15,In Translation
944,22,Documentation,en-US,29586,2025-10-12,2025-11-03,Completed
945,21,Subtitles,en-US,3143,2025-10-21,2025-10-25,Completed
946,29,Subtitles,en-US,3787,2025-10-10,2025-10-12,Completed
947,2,Documentation,en-US,11662,2026-06-13,2026-06-30,In Translation
948,13,UI,en-US,2514,2025-10-28,2025-11-04,Completed
949,16,Training,en-US,17722,2026-06-13,2026-06-18,Completed
950,11,UI,en-US,1683,2026-03-21,2026-03-28,Completed
951,13,UI,en-US,1167,2025-12-09,2025-12-16,Cancelled
952,17,Legal,en-US,27219,2025-09-22,2025-10-12,QA
953,5,Subtitles,en-US,4946,2026-05-22,2026-05-24,Completed
954,2,Subtitles,en-US,1359,2025-09-03,2025-09-07,Cancelled
955,1,Legal,en-US,25262,2025-09-08,2025-09-15,Completed
956,23,Subtitles,en-US,1269,2026-07-16,2026-07-17,Completed
957,21,UI,en-US,1558,2025-08-23,2025-08-25,In Translation
958,20,Documentation,en-US,48734,2026-04-12,2026-04-24,Completed
959,4,Legal,en-US,24496,2026-04-07,2026-04-26,QA
960,8,UI,en-US,1130,2026-01-31,2026-02-05,Completed
961,26,Subtitles,en-US,3493,2026-03-19,2026-03-22,Completed
962,22,Training,en-US,7500,2025-07-26,2025-08-05,Completed
963,25,UI,en-US,2729,2026-05-16,2026-05-19,Completed
964,3,UI,en-US,1421,2026-06-21,2026-06-24,In Translation
965,6,Subtitles,en-US,3230,2026-02-19,2026-02-24,Completed
966,15,Documentation,en-US,48141,2025-08-09,2025-08-20,Completed
967,4,Subtitles,en-US,3281,2026-06-18,2026-06-20,Completed
968,29,Legal,en-US,7645,2026-01-27,2026-02-03,Completed
969,6,UI,en-US,2969,2025-12-15,2025-12-21,Completed
970,14,Subtitles,en-US,4099,2026-03-22,2026-03-24,Completed
971,5,Subtitles,en-US,2419,2025-11-23,2025-11-28,In Translation
972,14,Documentation,en-US,21439,2026-01-31,2026-02-11,QA
973,6,Subtitles,en-US,4295,2026-07-07,2026-07-12,Completed
974,21,Marketing,en-US,6699,2026-07-01,2026-07-10,Completed
975,18,Documentation,en-US,22576,2026-07-07,2026-07-20,QA
976,4,Training,en-US,14858,2026-03-04,2026-03-17,QA
977,8,Legal,en-US,25527,2026-06-26,2026-07-13,Completed
978,9,UI,en-US,1093,2025-11-07,2025-11-09,Completed
979,22,Legal,en-US,21302,2026-01-30,2026-02-08,Completed
980,22,UI,en-US,521,2025-10-03,2025-10-10,Completed
981,10,Documentation,en-US,38486,2026-05-16,2026-06-03,Completed
982,20,Legal,en-US,6419,2026-07-14,2026-07-22,Cancelled
983,2,Training,en-US,8763,2026-02-07,2026-02-14,Completed
984,16,Training,en-US,6803,2025-11-09,2025-11-15,Completed
985,24,Legal,en-US,24421,2025-12-25,2026-01-10,Completed
986,14,Documentation,en-US,31344,2025-10-18,2025-11-04,Completed
987,11,Documentation,en-US,16426,2026-05-11,2026-05-28,Cancelled
988,14,Documentation,en-US,34610,2026-03-04,2026-03-21,Completed
989,16,Training,en-US,18873,2025-09-11,2025-09-16,In Translation
990,5,Documentation,en-US,49939,2025-08-14,2025-09-07,Completed
991,13,Marketing,en-US,3234,2026-02-13,2026-02-23,Cancelled
992,7,Subtitles,en-US,3137,2026-05-30,2026-06-02,Completed
993,11,Documentation,en-US,12103,2026-01-04,2026-01-15,Completed
994,5,UI,en-US,2206,2026-01-25,2026-01-30,In Translation
995,6,Marketing,en-US,4602,2026-07-23,2026-07-30,QA
996,6,Subtitles,en-US,1592,2026-02-19,2026-02-24,QA
997,28,Documentation,en-US,15667,2025-08-05,2025-08-28,QA
998,16,Documentation,en-US,48769,2026-02-04,2026-03-01,In Translation
999,9,UI,en-US,2053,2025-12-05,2025-12-12,Completed
1000,8,Marketing,en-US,8114,2025-12-23,2025-12-29,QA
1001,5,Training,en-US,3166,2026-06-23,2026-07-04,Completed
1002,2,Legal,en-US,29034,2026-04-16,2026-05-05,QA
1003,2,Legal,en-US,22403,2026-05-21,2026-06-03,In Translation
1004,26,Subtitles,en-US,1002,2025-09-29,2025-10-03,In Translation
1005,8,UI,en-US,2587,2026-01-17,2026-01-19,Cancelled
1006,24,Legal,en-US,12143,2025-09-08,2025-09-17,Completed
1007,10,Documentation,en-US,15946,2026-04-21,2026-05-01,In Translation
1008,22,Marketing,en-US,3650,2026-02-10,2026-02-20,QA
1009,24,Training,en-US,3799,2026-01-18,2026-01-30,In Translation
1010,25,Documentation,en-US,36565,2025-11-23,2025-12-08,Completed
1011,21,Legal,en-US,28065,2026-04-17,2026-05-04,Completed
1012,28,Subtitles,en-US,779,2025-07-27,2025-07-31,Cancelled
1013,11,Training,en-US,4071,2025-07-28,2025-08-06,In Translation
1014,25,Marketing,en-US,11035,2026-04-11,2026-04-17,Cancelled
1015,3,Training,en-US,14000,2025-10-13,2025-10-18,QA
1016,30,Subtitles,en-US,3181,2025-12-18,2025-12-19,Completed
1017,13,Marketing,en-US,8624,2026-03-06,2026-03-09,Completed
1018,12,Documentation,en-US,46620,2025-09-01,2025-09-13,QA
1019,23,Documentation,en-US,19070,2025-11-27,2025-12-17,Completed
1020,18,UI,en-US,2958,2025-12-11,2025-12-16,Cancelled
1021,25,Training,en-US,9874,2026-03-18,2026-03-26,Completed
1022,12,Marketing,en-US,9250,2026-06-23,2026-07-02,Completed
1023,2,UI,en-US,1827,2025-11-01,2025-11-05,In Translation
1024,16,Training,en-US,7020,2025-10-04,2025-10-16,Cancelled
1025,18,Subtitles,en-US,4565,2026-02-22,2026-02-25,In Translation
1026,20,Marketing,en-US,2075,2025-11-03,2025-11-09,In Translation
1027,3,UI,en-US,1900,2025-10-24,2025-10-27,Completed
1028,3,UI,en-US,974,2025-11-05,2025-11-09,Completed
1029,23,Documentation,en-US,42527,2026-01-23,2026-02-06,Completed
1030,17,Subtitles,en-US,385,2026-03-19,2026-03-22,In Translation
1031,22,Training,en-US,7326,2025-12-04,2025-12-16,Completed
1032,14,Legal,en-US,29173,2025-12-13,2025-12-30,Completed
1033,10,Documentation,en-US,14125,2025-10-03,2025-10-13,Completed
1034,27,Training,en-US,14006,2026-02-02,2026-02-13,QA
1035,11,Subtitles,en-US,2873,2026-01-04,2026-01-08,QA
1036,22,Subtitles,en-US,4543,2025-10-13,2025-10-18,In Translation
1037,15,Marketing,en-US,10293,2026-01-02,2026-01-07,Completed
1038,6,Marketing,en-US,4715,2026-04-22,2026-05-02,Completed
1039,10,UI,en-US,907,2026-05-12,2026-05-16,Completed
1040,15,Documentation,en-US,20537,2025-12-15,2026-01-03,Completed
1041,6,Subtitles,en-US,1457,2025-12-12,2025-12-14,Completed
1042,4,UI,en-US,1596,2026-06-20,2026-06-26,Completed
1043,15,Marketing,en-US,7056,2025-12-26,2025-12-31,Completed
1044,18,Subtitles,en-US,484,2025-11-09,2025-11-12,Completed
1045,5,Marketing,en-US,8347,2026-01-15,2026-01-20,QA
1046,10,UI,en-US,402,2025-10-01,2025-10-06,In Translation
1047,25,Documentation,en-US,40018,2026-03-02,2026-03-22,Completed
1048,1,Subtitles,en-US,4674,2025-09-12,2025-09-17,Completed
1049,21,Subtitles,en-US,2621,2026-03-04,2026-03-08,Completed
1050,25,Training,en-US,7819,2026-04-16,2026-04-30,Cancelled
1051,30,Legal,en-US,16098,2025-10-20,2025-11-07,Completed
1052,24,Legal,en-US,6313,2026-06-05,2026-06-14,Cancelled
1053,18,UI,en-US,1561,2025-08-31,2025-09-02,In Translation
1054,20,Documentation,en-US,39227,2026-04-29,2026-05-20,Completed
1055,11,UI,en-US,2790,2025-11-05,2025-11-12,Completed
1056,19,Training,en-US,10279,2026-06-01,2026-06-10,Completed
1057,1,UI,en-US,2505,2025-10-23,2025-10-28,Cancelled
1058,22,UI,en-US,2396,2026-02-24,2026-03-01,Completed
1059,16,Marketing,en-US,10882,2026-01-07,2026-01-10,Cancelled
1060,12,Legal,en-US,9847,2026-06-21,2026-07-09,In Translation
1061,12,Legal,en-US,17216,2025-12-18,2025-12-25,Completed
1062,12,Marketing,en-US,6047,2025-10-08,2025-10-18,QA
1063,3,Documentation,en-US,39112,2025-09-18,2025-10-11,In Translation
1064,10,Documentation,en-US,37776,2026-05-30,2026-06-22,Completed
1065,27,Training,en-US,5820,2026-05-06,2026-05-13,Completed
1066,10,Legal,en-US,22213,2025-09-20,2025-10-02,Completed
1067,30,Training,en-US,15313,2026-01-23,2026-01-29,Completed
1068,14,Subtitles,en-US,2439,2026-06-01,2026-06-05,Completed
1069,18,Legal,en-US,28273,2025-07-27,2025-08-12,Completed
1070,7,Documentation,en-US,35019,2025-09-30,2025-10-19,QA
1071,16,UI,en-US,1536,2026-01-03,2026-01-09,Completed
1072,16,Training,en-US,18186,2026-02-03,2026-02-11,Completed
1073,26,UI,en-US,930,2025-09-14,2025-09-18,Completed
1074,21,Subtitles,en-US,4071,2026-07-05,2026-07-06,Cancelled
1075,22,Marketing,en-US,7834,2026-06-18,2026-06-23,In Translation
1076,30,Subtitles,en-US,2204,2026-03-25,2026-03-26,Completed
1077,25,Marketing,en-US,9078,2026-02-09,2026-02-13,QA
1078,24,Marketing,en-US,10520,2026-02-16,2026-02-26,QA
1079,14,Marketing,en-US,11289,2026-04-29,2026-05-09,Cancelled
1080,27,UI,en-US,1828,2025-11-23,2025-11-29,Cancelled
1081,19,UI,en-US,1363,2026-05-24,2026-05-27,QA
1082,2,Documentation,en-US,30950,2026-01-28,2026-02-21,Cancelled
1083,5,Marketing,en-US,3675,2025-11-17,2025-11-20,Completed
1084,12,Legal,en-US,25848,2025-10-29,2025-11-10,Completed
1085,10,Marketing,en-US,9677,2026-02-27,2026-03-03,QA
1086,7,Subtitles,en-US,1701,2026-06-22,2026-06-23,QA
1087,25,Documentation,en-US,45632,2026-03-01,2026-03-21,Completed
1088,27,Subtitles,en-US,2666,2025-08-11,2025-08-14,Cancelled
1089,23,Subtitles,en-US,3169,2025-12-25,2025-12-26,QA
1090,19,Marketing,en-US,3354,2025-08-31,2025-09-03,Completed
1091,17,Marketing,en-US,7111,2026-04-18,2026-04-28,In Translation
1092,11,Documentation,en-US,16712,2025-09-25,2025-10-11,Completed
1093,17,Documentation,en-US,22348,2025-08-16,2025-08-29,In Translation
1094,15,UI,en-US,777,2025-10-15,2025-10-18,Completed
1095,16,Marketing,en-US,6104,2026-06-05,2026-06-13,Completed
1096,27,Legal,en-US,24583,2025-10-30,2025-11-14,Completed
1097,6,Subtitles,en-US,2695,2026-01-25,2026-01-26,Cancelled
1098,27,UI,en-US,1210,2026-06-14,2026-06-17,Cancelled
1099,5,Subtitles,en-US,2056,2026-03-25,2026-03-28,Completed
1100,7,Documentation,en-US,15151,2025-08-30,2025-09-22,Cancelled
1101,25,UI,en-US,618,2026-01-14,2026-01-16,In Translation
1102,25,Legal,en-US,6393,2026-05-09,2026-05-19,Completed
1103,2,Subtitles,en-US,4406,2025-11-30,2025-12-05,Completed
1104,16,UI,en-US,1336,2025-11-01,2025-11-03,Completed
1105,10,Subtitles,en-US,284,2025-12-11,2025-12-12,Completed
1106,30,Training,en-US,9730,2025-12-10,2025-12-24,Completed
1107,6,Subtitles,en-US,3079,2026-02-26,2026-02-27,Completed
1108,5,Subtitles,en-US,2472,2026-02-25,2026-03-02,Completed
1109,12,Documentation,en-US,42809,2026-07-20,2026-08-06,QA
1110,19,UI,en-US,705,2026-06-03,2026-06-09,Completed
1111,17,Documentation,en-US,22553,2025-11-01,2025-11-20,Completed
1112,29,Training,en-US,3141,2025-12-04,2025-12-10,Completed
1113,30,Training,en-US,18555,2025-07-31,2025-08-10,Cancelled
1114,19,Documentation,en-US,38813,2025-12-30,2026-01-12,Completed
1115,27,Marketing,en-US,7219,2025-09-09,2025-09-18,Completed
1116,17,Documentation,en-US,36711,2025-12-07,2025-12-20,Completed
1117,4,Legal,en-US,8614,2026-06-25,2026-07-10,Completed
1118,16,Marketing,en-US,5723,2026-04-13,2026-04-16,Completed
1119,11,Legal,en-US,8791,2026-03-16,2026-03-29,Completed
1120,15,Training,en-US,13223,2025-10-09,2025-10-24,In Translation
1121,8,Training,en-US,16345,2026-03-05,2026-03-14,In Translation
1122,7,UI,en-US,2248,2026-03-04,2026-03-11,Completed
1123,6,UI,en-US,2313,2026-04-02,2026-04-09,Completed
1124,13,Legal,en-US,22126,2026-04-02,2026-04-19,Cancelled
1125,3,UI,en-US,887,2026-02-18,2026-02-23,In Translation
1126,23,Training,en-US,6333,2025-09-29,2025-10-06,Completed
1127,12,Documentation,en-US,32192,2026-05-23,2026-06-08,QA
1128,28,Legal,en-US,9022,2025-11-11,2025-11-21,In Translation
1129,24,Legal,en-US,14126,2025-12-08,2025-12-27,Cancelled
1130,25,Training,en-US,11944,2025-11-27,2025-12-12,In Translation
1131,12,Legal,en-US,26845,2026-04-11,2026-04-27,In Translation
1132,16,Training,en-US,12138,2026-02-07,2026-02-14,In Translation
1133,4,UI,en-US,1326,2026-01-29,2026-02-03,In Translation
1134,8,Subtitles,en-US,1302,2026-05-20,2026-05-21,Completed
1135,24,UI,en-US,579,2026-05-06,2026-05-11,Cancelled
1136,1,Documentation,en-US,35076,2026-01-13,2026-02-02,Completed
1137,10,Training,en-US,6156,2026-07-04,2026-07-10,Cancelled
1138,25,Training,en-US,19128,2025-08-23,2025-09-04,Completed
1139,10,Subtitles,en-US,4278,2025-12-18,2025-12-22,QA
1140,9,Training,en-US,14259,2026-03-19,2026-04-01,QA
1141,1,UI,en-US,2062,2025-11-12,2025-11-14,In Translation
1142,15,Marketing,en-US,7165,2026-01-20,2026-01-30,In Translation
1143,2,UI,en-US,1024,2026-03-26,2026-04-01,Cancelled
1144,28,Marketing,en-US,3689,2025-09-18,2025-09-28,In Translation
1145,5,Marketing,en-US,7374,2026-06-26,2026-07-06,Completed
1146,19,Subtitles,en-US,4218,2025-09-27,2025-10-02,Cancelled
1147,18,Training,en-US,18395,2026-03-29,2026-04-10,QA
1148,28,Documentation,en-US,43206,2026-06-02,2026-06-13,In Translation
1149,9,Legal,en-US,24367,2026-07-19,2026-08-01,QA
1150,22,Marketing,en-US,5660,2025-12-02,2025-12-10,Completed
1151,1,Training,en-US,4478,2026-01-03,2026-01-10,Completed
1152,12,Subtitles,en-US,4983,2026-03-26,2026-03-27,Cancelled
1153,11,Legal,en-US,8189,2026-03-18,2026-03-31,Completed
1154,12,Legal,en-US,16510,2026-03-03,2026-03-10,Cancelled
1155,8,Documentation,en-US,25376,2025-12-28,2026-01-16,QA
1156,3,Subtitles,en-US,736,2026-06-18,2026-06-21,Completed
1157,11,Documentation,en-US,11291,2026-07-11,2026-07-31,Completed
1158,15,Subtitles,en-US,3660,2025-08-20,2025-08-25,QA
1159,29,Legal,en-US,13736,2025-08-23,2025-08-30,Cancelled
1160,16,Training,en-US,3728,2025-09-24,2025-10-04,In Translation
1161,19,Legal,en-US,15565,2025-12-04,2025-12-20,Completed
1162,26,Legal,en-US,8278,2025-10-20,2025-11-07,Cancelled
1163,7,Marketing,en-US,9138,2025-11-22,2025-11-30,Completed
1164,20,Marketing,en-US,6952,2025-11-24,2025-12-03,Completed
1165,16,Subtitles,en-US,817,2026-04-03,2026-04-08,Completed
1166,10,Marketing,en-US,1778,2025-11-14,2025-11-21,QA
1167,13,Documentation,en-US,16026,2026-04-25,2026-05-08,QA
1168,11,Marketing,en-US,2102,2025-11-04,2025-11-14,In Translation
1169,7,Marketing,en-US,2256,2026-03-16,2026-03-23,QA
1170,26,Marketing,en-US,8092,2026-03-31,2026-04-08,Completed
1171,14,Legal,en-US,13233,2025-12-24,2026-01-09,QA
1172,15,Subtitles,en-US,4685,2025-11-06,2025-11-08,Completed
1173,21,Subtitles,en-US,4428,2026-07-03,2026-07-05,QA
1174,16,Documentation,en-US,40624,2026-01-12,2026-01-30,Cancelled
1175,18,Training,en-US,17212,2026-05-23,2026-06-06,Cancelled
1176,21,UI,en-US,2439,2026-06-24,2026-06-27,Completed
1177,15,Documentation,en-US,25753,2026-07-23,2026-08-06,Cancelled
1178,22,Marketing,en-US,8133,2025-12-12,2025-12-21,Completed
1179,28,UI,en-US,2896,2026-05-10,2026-05-13,In Translation
1180,9,Marketing,en-US,11584,2026-03-08,2026-03-13,Completed
1181,22,Training,en-US,10737,2026-02-11,2026-02-22,Completed
1182,4,Documentation,en-US,22577,2026-01-14,2026-01-24,Completed
1183,26,Marketing,en-US,8604,2025-12-31,2026-01-10,QA
1184,14,Legal,en-US,26198,2025-09-26,2025-10-03,Completed
1185,6,Marketing,en-US,3235,2025-10-03,2025-10-06,Completed
1186,26,Marketing,en-US,11791,2026-06-20,2026-06-25,Cancelled
1187,28,UI,en-US,2290,2025-08-01,2025-08-03,Completed
1188,28,UI,en-US,1585,2025-09-10,2025-09-16,Completed
1189,28,UI,en-US,1967,2026-05-02,2026-05-06,Cancelled
1190,22,UI,en-US,1925,2025-10-23,2025-10-30,Completed
1191,8,UI,en-US,2638,2026-04-07,2026-04-14,QA
1192,30,UI,en-US,2437,2025-10-29,2025-11-05,QA
1193,25,Training,en-US,11251,2026-07-24,2026-08-05,Completed
1194,8,Training,en-US,7006,2026-05-08,2026-05-18,Completed
1195,27,Training,en-US,15777,2026-04-22,2026-04-30,In Translation
1196,7,Documentation,en-US,17000,2026-05-11,2026-05-26,Completed
1197,9,Legal,en-US,18381,2025-08-24,2025-09-04,QA
1198,2,Legal,en-US,22480,2025-10-13,2025-10-25,Cancelled
1199,4,Marketing,en-US,9941,2025-09-26,2025-10-05,In Translation
1200,22,Documentation,en-US,28201,2025-12-25,2026-01-08,Completed
1201,16,Subtitles,en-US,3212,2025-09-02,2025-09-05,Completed
1202,21,Training,en-US,4140,2025-08-30,2025-09-14,Completed
1203,23,Subtitles,en-US,2163,2025-08-17,2025-08-20,QA
1204,13,Marketing,en-US,11468,2026-07-22,2026-07-30,Cancelled
1205,4,Training,en-US,10745,2026-06-30,2026-07-12,In Translation
1206,1,Legal,en-US,13373,2026-01-23,2026-02-03,Completed
1207,30,Documentation,en-US,29491,2026-02-21,2026-03-09,Completed
1208,30,Legal,en-US,25688,2025-08-13,2025-08-25,Cancelled
1209,14,UI,en-US,1422,2025-08-03,2025-08-05,In Translation
1210,16,Subtitles,en-US,3582,2026-05-19,2026-05-22,Cancelled
1211,14,UI,en-US,956,2025-12-25,2026-01-01,Completed
1212,17,UI,en-US,1741,2026-02-12,2026-02-17,QA
1213,24,Training,en-US,13707,2026-05-17,2026-05-29,Cancelled
1214,1,UI,en-US,2927,2025-08-25,2025-09-01,Completed
1215,21,Legal,en-US,26007,2025-09-02,2025-09-11,Completed
1216,13,Documentation,en-US,30024,2025-11-02,2025-11-22,QA
1217,3,UI,en-US,946,2026-03-21,2026-03-24,QA
1218,23,Subtitles,en-US,1265,2025-09-22,2025-09-27,Cancelled
1219,14,Marketing,en-US,8397,2025-08-25,2025-09-04,Cancelled
1220,5,Marketing,en-US,3842,2026-04-04,2026-04-12,Completed
1221,7,UI,en-US,1997,2026-07-20,2026-07-24,Completed
1222,13,Legal,en-US,23690,2026-07-02,2026-07-12,Completed
1223,1,Training,en-US,10494,2025-12-22,2025-12-28,In Translation
1224,7,Marketing,en-US,3764,2025-11-21,2025-11-24,In Translation
1225,20,Legal,en-US,24673,2025-10-21,2025-11-01,Completed
1226,3,Marketing,en-US,3787,2025-10-28,2025-11-01,Completed
1227,23,Training,en-US,17259,2026-05-06,2026-05-18,Cancelled
1228,16,UI,en-US,1219,2025-11-11,2025-11-18,Completed
1229,7,Marketing,en-US,5717,2026-01-12,2026-01-22,In Translation
1230,5,Legal,en-US,11770,2026-03-24,2026-04-09,Completed
1231,27,Marketing,en-US,4102,2025-09-11,2025-09-20,Completed
1232,14,Documentation,en-US,11885,2025-09-12,2025-10-01,Completed
1233,8,Training,en-US,17777,2026-02-13,2026-02-21,Completed
1234,19,Subtitles,en-US,3953,2026-06-14,2026-06-15,Completed
1235,16,Documentation,en-US,31184,2025-09-28,2025-10-20,Cancelled
1236,7,Subtitles,en-US,3341,2025-08-04,2025-08-08,Cancelled
1237,20,Marketing,en-US,2196,2025-08-06,2025-08-10,QA
1238,2,UI,en-US,1663,2026-04-07,2026-04-10,In Translation
1239,30,Marketing,en-US,10934,2025-12-09,2025-12-12,Completed
1240,9,Training,en-US,15482,2026-06-23,2026-07-02,In Translation
1241,22,Marketing,en-US,3166,2026-07-14,2026-07-17,QA
1242,6,Marketing,en-US,3783,2025-11-27,2025-12-07,Completed
1243,29,Legal,en-US,9322,2026-06-24,2026-07-02,Completed
1244,23,Training,en-US,17186,2026-01-24,2026-01-31,Completed
1245,4,Marketing,en-US,1723,2026-01-21,2026-01-26,In Translation
1246,28,Marketing,en-US,6907,2026-06-27,2026-07-06,Completed
1247,29,Marketing,en-US,11042,2026-02-18,2026-02-25,QA
1248,11,Legal,en-US,10406,2026-07-22,2026-08-03,Cancelled
1249,16,Documentation,en-US,46416,2025-11-06,2025-11-30,Completed
1250,7,Documentation,en-US,13576,2026-02-22,2026-03-11,Completed
1251,2,Legal,en-US,13527,2026-01-12,2026-01-21,Cancelled
1252,15,Legal,en-US,8801,2025-09-14,2025-09-28,Completed
1253,15,Marketing,en-US,10189,2026-04-20,2026-04-30,In Translation
1254,16,UI,en-US,906,2026-02-18,2026-02-20,Completed
1255,3,Documentation,en-US,28619,2025-09-30,2025-10-15,Completed
1256,24,Training,en-US,11938,2026-03-10,2026-03-24,Cancelled
1257,19,Documentation,en-US,48243,2026-03-13,2026-03-23,QA
1258,25,Training,en-US,8916,2026-01-17,2026-01-28,Completed
1259,8,Legal,en-US,27180,2026-03-26,2026-04-03,Completed
1260,1,Marketing,en-US,2998,2026-05-10,2026-05-19,Completed
1261,19,UI,en-US,1625,2026-03-27,2026-03-30,Completed
1262,3,Legal,en-US,28190,2026-06-29,2026-07-16,In Translation
1263,15,Subtitles,en-US,2406,2026-02-28,2026-03-05,Cancelled
1264,1,Marketing,en-US,1718,2026-01-08,2026-01-18,Completed
1265,24,Subtitles,en-US,4862,2026-02-12,2026-02-14,Completed
1266,28,UI,en-US,2936,2026-03-29,2026-04-02,Completed
1267,26,UI,en-US,589,2026-03-29,2026-04-04,QA
1268,13,UI,en-US,1933,2026-02-16,2026-02-20,Completed
1269,8,Legal,en-US,7922,2025-11-21,2025-11-28,Completed
1270,6,Legal,en-US,18185,2026-07-11,2026-07-22,Cancelled
1271,25,Subtitles,en-US,1462,2025-12-05,2025-12-06,Completed
1272,16,Legal,en-US,29113,2026-01-27,2026-02-15,Completed
1273,29,Subtitles,en-US,1275,2026-02-18,2026-02-21,Cancelled
1274,4,Marketing,en-US,9399,2025-10-20,2025-10-26,In Translation
1275,15,Legal,en-US,20611,2026-06-01,2026-06-12,QA
1276,20,Legal,en-US,7956,2025-08-27,2025-09-15,In Translation
1277,26,Marketing,en-US,11057,2026-01-11,2026-01-16,In Translation
1278,21,Legal,en-US,8045,2025-11-20,2025-11-27,QA
1279,11,Legal,en-US,27165,2025-12-13,2025-12-23,Cancelled
1280,22,Subtitles,en-US,1470,2025-12-31,2026-01-04,QA
1281,21,Subtitles,en-US,4498,2025-11-01,2025-11-02,Completed
1282,15,Legal,en-US,7594,2025-09-22,2025-10-11,In Translation
1283,10,Documentation,en-US,18374,2025-11-18,2025-12-07,Completed
1284,17,Legal,en-US,14682,2025-07-28,2025-08-13,Completed
1285,18,UI,en-US,484,2025-07-24,2025-07-30,Completed
1286,17,Legal,en-US,18533,2026-02-12,2026-02-20,In Translation
1287,22,Subtitles,en-US,4856,2026-06-05,2026-06-08,Completed
1288,9,Training,en-US,5679,2026-05-14,2026-05-27,Completed
1289,4,Subtitles,en-US,3991,2026-06-18,2026-06-20,Completed
1290,27,Legal,en-US,6483,2025-09-14,2025-09-22,In Translation
1291,29,Subtitles,en-US,2638,2025-12-04,2025-12-07,QA
1292,24,Legal,en-US,29816,2025-11-12,2025-11-29,In Translation
1293,20,Marketing,en-US,6592,2026-01-22,2026-01-27,Completed
1294,6,UI,en-US,2774,2026-02-16,2026-02-20,Cancelled
1295,4,Legal,en-US,22510,2025-07-27,2025-08-03,Completed
1296,13,UI,en-US,354,2026-04-17,2026-04-20,Cancelled
1297,16,Legal,en-US,27669,2026-07-17,2026-07-30,Cancelled
1298,24,Training,en-US,18948,2026-01-31,2026-02-09,QA
1299,27,Training,en-US,14820,2026-05-13,2026-05-28,Cancelled
1300,22,Legal,en-US,14917,2026-01-25,2026-02-02,Completed
1301,5,UI,en-US,1081,2025-11-17,2025-11-19,Completed
1302,23,Documentation,en-US,11757,2025-07-27,2025-08-12,In Translation
1303,21,Documentation,en-US,25845,2026-05-17,2026-06-09,Cancelled
1304,28,Training,en-US,9255,2026-01-07,2026-01-13,Completed
1305,25,Legal,en-US,9855,2026-05-29,2026-06-12,In Translation
1306,1,UI,en-US,980,2025-11-14,2025-11-17,Cancelled
1307,23,Legal,en-US,20894,2026-03-12,2026-03-26,Completed
1308,28,Legal,en-US,24176,2025-10-21,2025-10-31,Completed
1309,10,Training,en-US,15836,2026-05-29,2026-06-03,Completed
1310,1,UI,en-US,2882,2025-07-26,2025-08-02,In Translation
1311,14,Legal,en-US,29152,2026-02-21,2026-03-09,QA
1312,24,Training,en-US,12528,2025-12-16,2025-12-21,In Translation
1313,13,Legal,en-US,21821,2025-10-05,2025-10-21,Cancelled
1314,20,Subtitles,en-US,4196,2025-12-30,2026-01-01,Cancelled
1315,2,Training,en-US,3623,2026-07-01,2026-07-12,QA
1316,11,Training,en-US,5081,2026-02-26,2026-03-07,Cancelled
1317,14,Legal,en-US,8831,2026-01-09,2026-01-23,QA
1318,21,Marketing,en-US,8345,2025-12-24,2026-01-02,Completed
1319,6,Marketing,en-US,4149,2025-10-29,2025-11-08,Completed
1320,15,Documentation,en-US,43268,2025-09-25,2025-10-12,QA
1321,30,Subtitles,en-US,2978,2026-04-27,2026-05-02,Cancelled
1322,22,Legal,en-US,9297,2026-05-06,2026-05-17,Cancelled
1323,23,Legal,en-US,18659,2026-03-31,2026-04-20,Cancelled
1324,21,Subtitles,en-US,3151,2025-12-22,2025-12-26,Completed
1325,20,Documentation,en-US,28511,2026-06-10,2026-06-22,Cancelled
1326,16,Documentation,en-US,21356,2025-12-17,2026-01-02,Completed
1327,20,Legal,en-US,8306,2025-10-17,2025-11-05,In Translation
1328,16,Marketing,en-US,4845,2025-11-03,2025-11-09,QA
1329,2,UI,en-US,1769,2025-08-23,2025-08-27,Completed
1330,22,Documentation,en-US,21450,2026-01-03,2026-01-14,Completed
1331,11,Legal,en-US,8734,2026-03-23,2026-04-08,Completed
1332,4,Training,en-US,10343,2025-10-25,2025-11-06,Completed
1333,11,Marketing,en-US,1764,2026-02-09,2026-02-16,Completed
1334,28,Subtitles,en-US,4422,2026-05-16,2026-05-21,Cancelled
1335,4,Subtitles,en-US,613,2026-05-30,2026-06-03,In Translation
1336,27,UI,en-US,733,2026-07-12,2026-07-18,QA
1337,26,UI,en-US,2603,2026-03-19,2026-03-21,QA
1338,4,Documentation,en-US,17737,2026-06-02,2026-06-18,Completed
1339,6,Subtitles,en-US,2593,2026-04-19,2026-04-23,QA
1340,16,Subtitles,en-US,1013,2026-04-15,2026-04-17,Cancelled
1341,12,Marketing,en-US,3257,2025-11-06,2025-11-10,Completed
1342,15,Legal,en-US,5215,2025-11-11,2025-11-21,In Translation
1343,11,Marketing,en-US,9274,2026-04-01,2026-04-06,Completed
1344,9,Marketing,en-US,7799,2026-05-08,2026-05-16,Cancelled
1345,22,Documentation,en-US,19935,2026-02-15,2026-03-10,Completed
1346,5,Legal,en-US,18546,2026-06-03,2026-06-16,In Translation
1347,28,Training,en-US,14854,2025-11-05,2025-11-10,In Translation
1348,5,UI,en-US,2419,2025-12-31,2026-01-02,Completed
1349,11,Marketing,en-US,7580,2025-10-05,2025-10-10,In Translation
1350,2,Legal,en-US,29877,2026-06-20,2026-06-27,Cancelled
1351,30,Subtitles,en-US,1436,2025-08-19,2025-08-24,Completed
1352,21,Subtitles,en-US,4458,2025-10-02,2025-10-05,In Translation
1353,13,Subtitles,en-US,4735,2025-09-15,2025-09-18,Cancelled
1354,24,Marketing,en-US,6638,2025-11-13,2025-11-16,Completed
1355,29,Training,en-US,7812,2025-09-04,2025-09-15,In Translation
1356,21,Documentation,en-US,45679,2026-03-28,2026-04-21,Cancelled
1357,12,Subtitles,en-US,3513,2026-01-16,2026-01-18,Completed
1358,3,UI,en-US,2501,2026-03-20,2026-03-24,In Translation
1359,24,Subtitles,en-US,1232,2026-01-15,2026-01-20,QA
1360,10,Documentation,en-US,16083,2025-11-06,2025-11-25,QA
1361,11,Subtitles,en-US,1510,2026-04-22,2026-04-23,Completed
1362,29,Training,en-US,11476,2026-03-22,2026-03-30,Completed
1363,24,Legal,en-US,21556,2026-01-31,2026-02-08,Cancelled
1364,2,Marketing,en-US,5255,2025-10-04,2025-10-12,Completed
1365,2,Subtitles,en-US,1221,2025-11-25,2025-11-29,Completed
1366,19,Subtitles,en-US,242,2025-07-31,2025-08-04,Completed
1367,8,Subtitles,en-US,4964,2025-09-21,2025-09-26,Cancelled
1368,29,Subtitles,en-US,4568,2025-08-12,2025-08-17,Completed
1369,12,Marketing,en-US,5661,2026-02-16,2026-02-21,Cancelled
1370,13,Training,en-US,11114,2025-08-01,2025-08-07,Completed
1371,17,Training,en-US,9309,2025-10-04,2025-10-14,In Translation
1372,4,Documentation,en-US,37898,2025-09-01,2025-09-24,Completed
1373,3,UI,en-US,2040,2025-11-10,2025-11-13,In Translation
1374,7,Legal,en-US,7558,2025-11-05,2025-11-17,Cancelled
1375,17,Legal,en-US,24275,2025-09-10,2025-09-25,QA
1376,25,Legal,en-US,13640,2026-04-27,2026-05-13,In Translation
1377,21,Legal,en-US,19420,2026-01-10,2026-01-28,In Translation
1378,24,Legal,en-US,10336,2026-05-02,2026-05-11,QA
1379,5,Legal,en-US,28302,2025-07-27,2025-08-10,Completed
1380,23,Training,en-US,6868,2025-10-22,2025-10-30,In Translation
1381,16,UI,en-US,942,2025-08-28,2025-09-03,Completed
1382,30,UI,en-US,2764,2025-09-20,2025-09-25,Completed
1383,4,Marketing,en-US,10367,2025-07-29,2025-08-05,Completed
1384,17,Documentation,en-US,17716,2026-01-31,2026-02-21,Completed
1385,12,Marketing,en-US,5816,2025-10-16,2025-10-26,Completed
1386,26,Documentation,en-US,19315,2025-12-03,2025-12-26,Completed
1387,30,Marketing,en-US,5644,2026-01-03,2026-01-09,Completed
1388,27,Subtitles,en-US,4204,2025-11-22,2025-11-23,Completed
1389,18,Marketing,en-US,2106,2026-05-25,2026-05-28,In Translation
1390,16,Training,en-US,13148,2026-05-30,2026-06-13,In Translation
1391,29,Marketing,en-US,7181,2026-02-02,2026-02-12,Cancelled
1392,27,Training,en-US,7351,2025-12-15,2025-12-22,QA
1393,21,Legal,en-US,29958,2026-01-20,2026-02-03,Cancelled
1394,15,Documentation,en-US,31313,2026-04-20,2026-05-02,QA
1395,22,Training,en-US,16422,2026-05-27,2026-06-07,Completed
1396,29,Legal,en-US,16108,2025-08-05,2025-08-20,Completed
1397,22,Legal,en-US,29114,2025-11-29,2025-12-10,Cancelled
1398,3,Documentation,en-US,11625,2025-08-24,2025-09-12,QA
1399,21,UI,en-US,2937,2026-06-16,2026-06-22,Completed
1400,7,Training,en-US,4732,2026-05-11,2026-05-25,QA
1401,7,Legal,en-US,21470,2025-09-18,2025-09-25,Completed
1402,22,Training,en-US,8889,2025-08-14,2025-08-19,Completed
1403,26,Documentation,en-US,26075,2025-11-04,2025-11-28,Completed
1404,26,Training,en-US,13499,2026-05-21,2026-06-01,QA
1405,2,Legal,en-US,5762,2025-12-23,2026-01-04,In Translation
1406,6,Legal,en-US,5788,2025-08-20,2025-09-09,QA
1407,11,Legal,en-US,13427,2026-02-19,2026-02-27,Completed
1408,4,Training,en-US,8510,2026-01-22,2026-01-31,Completed
1409,6,Marketing,en-US,2468,2025-10-02,2025-10-07,Completed
1410,14,Subtitles,en-US,1586,2025-10-06,2025-10-07,QA
1411,11,Documentation,en-US,11780,2026-07-06,2026-07-17,Completed
1412,13,UI,en-US,1610,2026-06-15,2026-06-18,In Translation
1413,29,Marketing,en-US,5225,2025-10-29,2025-11-07,Completed
1414,2,Documentation,en-US,25703,2026-06-06,2026-06-23,In Translation
1415,17,Training,en-US,15617,2025-12-19,2025-12-25,Completed
1416,2,Marketing,en-US,8615,2026-06-10,2026-06-19,Completed
1417,16,UI,en-US,1969,2025-07-28,2025-08-04,Completed
1418,30,UI,en-US,1402,2025-09-09,2025-09-15,QA
1419,22,UI,en-US,1308,2026-05-18,2026-05-24,Cancelled
1420,26,Documentation,en-US,29963,2026-04-27,2026-05-20,In Translation
1421,3,Subtitles,en-US,4299,2025-10-28,2025-10-30,Completed
1422,12,Training,en-US,8511,2025-12-20,2025-12-28,QA
1423,14,Training,en-US,17802,2026-05-19,2026-05-24,Completed
1424,27,Legal,en-US,25340,2026-01-12,2026-01-23,Cancelled
1425,6,UI,en-US,546,2025-10-27,2025-11-01,Completed
1426,20,Marketing,en-US,7228,2026-05-06,2026-05-14,Cancelled
1427,7,Training,en-US,19722,2025-08-06,2025-08-15,Completed
1428,6,Subtitles,en-US,4575,2025-10-09,2025-10-14,Completed
1429,10,UI,en-US,1919,2026-01-18,2026-01-25,Completed
1430,27,Documentation,en-US,46469,2026-05-05,2026-05-23,In Translation
1431,7,Training,en-US,19541,2026-05-19,2026-05-29,Cancelled
1432,11,Subtitles,en-US,2341,2025-08-29,2025-09-02,Completed
1433,8,Subtitles,en-US,2834,2026-02-11,2026-02-14,Completed
1434,15,Training,en-US,13762,2026-04-08,2026-04-13,Cancelled
1435,5,Subtitles,en-US,216,2025-10-12,2025-10-17,In Translation
1436,1,UI,en-US,1010,2026-01-23,2026-01-28,QA
1437,29,Subtitles,en-US,4205,2025-12-22,2025-12-26,QA
1438,3,Subtitles,en-US,835,2026-04-14,2026-04-19,Completed
1439,29,Subtitles,en-US,3846,2025-11-22,2025-11-23,Completed
1440,27,Legal,en-US,24703,2026-07-22,2026-08-03,In Translation
1441,6,Subtitles,en-US,269,2025-11-26,2025-11-27,In Translation
1442,12,Documentation,en-US,39135,2025-09-23,2025-10-03,Completed
1443,24,UI,en-US,1451,2026-03-25,2026-04-01,Cancelled
1444,12,Documentation,en-US,15896,2026-05-02,2026-05-21,Cancelled
1445,8,Documentation,en-US,42362,2025-08-09,2025-08-30,Completed
1446,9,Legal,en-US,28070,2026-05-09,2026-05-27,QA
1447,7,UI,en-US,1103,2026-07-23,2026-07-30,In Translation
1448,4,Marketing,en-US,10324,2026-02-22,2026-03-04,Completed
1449,18,Documentation,en-US,47074,2026-02-11,2026-02-26,Completed
1450,19,Documentation,en-US,14263,2025-09-09,2025-09-23,Completed
1451,30,Training,en-US,10469,2025-10-30,2025-11-12,Cancelled
1452,26,Marketing,en-US,4143,2026-01-26,2026-01-29,Cancelled
1453,22,Training,en-US,11287,2026-03-28,2026-04-12,QA
1454,29,Legal,en-US,5064,2025-11-17,2025-11-30,Cancelled
1455,22,Subtitles,en-US,624,2025-10-09,2025-10-12,In Translation
1456,28,Legal,en-US,13979,2025-12-10,2025-12-18,Cancelled
1457,17,Legal,en-US,21238,2026-07-03,2026-07-15,QA
1458,25,UI,en-US,1219,2025-08-13,2025-08-15,Completed
1459,30,Legal,en-US,22446,2026-06-24,2026-07-08,Completed
1460,1,Legal,en-US,11376,2026-04-08,2026-04-20,Completed
1461,29,Training,en-US,3831,2025-10-16,2025-10-24,Cancelled
1462,14,UI,en-US,1323,2025-09-05,2025-09-08,Completed
1463,11,Marketing,en-US,2029,2025-10-23,2025-10-27,Completed
1464,16,Legal,en-US,5787,2026-03-26,2026-04-11,Cancelled
1465,30,Marketing,en-US,5102,2026-01-08,2026-01-14,Completed
1466,16,Documentation,en-US,32334,2025-11-27,2025-12-08,Completed
1467,17,Documentation,en-US,14778,2025-07-29,2025-08-22,Completed
1468,21,Legal,en-US,23970,2025-09-26,2025-10-04,Completed
1469,2,UI,en-US,1845,2026-05-28,2026-06-01,Cancelled
1470,3,Documentation,en-US,14063,2025-11-08,2025-12-02,Completed
1471,10,Training,en-US,17150,2026-03-08,2026-03-14,Completed
1472,22,UI,en-US,2590,2025-09-08,2025-09-10,Completed
1473,28,Legal,en-US,18162,2025-12-24,2026-01-01,QA
1474,25,Legal,en-US,12638,2026-05-26,2026-06-15,QA
1475,26,Subtitles,en-US,286,2025-10-26,2025-10-30,In Translation
1476,15,Legal,en-US,25323,2025-07-27,2025-08-12,Completed
1477,11,Subtitles,en-US,412,2025-08-09,2025-08-13,QA
1478,11,Training,en-US,9307,2026-03-06,2026-03-12,Completed
1479,1,Training,en-US,5213,2026-05-24,2026-06-07,Completed
1480,29,Training,en-US,7128,2026-04-18,2026-05-03,QA
1481,9,Marketing,en-US,7897,2026-01-24,2026-02-03,Cancelled
1482,20,Legal,en-US,11092,2026-04-17,2026-04-27,Completed
1483,26,UI,en-US,547,2026-03-12,2026-03-15,Completed
1484,19,Legal,en-US,21814,2025-09-22,2025-10-09,Completed
1485,10,Training,en-US,7771,2025-12-15,2025-12-22,In Translation
1486,10,Training,en-US,14236,2026-05-19,2026-05-28,Completed
1487,1,Training,en-US,7738,2025-08-27,2025-09-01,Completed
1488,17,Training,en-US,4789,2025-10-28,2025-11-08,Completed
1489,7,Documentation,en-US,23189,2025-09-23,2025-10-05,Completed
1490,7,Subtitles,en-US,4097,2026-02-03,2026-02-07,QA
1491,23,Marketing,en-US,10476,2025-08-28,2025-09-05,QA
1492,10,Legal,en-US,15768,2026-04-16,2026-04-25,Completed
1493,15,UI,en-US,2331,2026-03-21,2026-03-24,Completed
1494,21,Documentation,en-US,25091,2025-12-02,2025-12-26,QA
1495,7,Documentation,en-US,41506,2026-07-20,2026-08-09,Cancelled
1496,13,Documentation,en-US,36234,2026-05-14,2026-05-29,Completed
1497,12,UI,en-US,602,2026-03-23,2026-03-27,Completed
1498,18,UI,en-US,883,2025-08-16,2025-08-20,In Translation
1499,7,Subtitles,en-US,4997,2025-08-16,2025-08-19,Completed
1500,1,Documentation,en-US,22964,2025-12-09,2025-12-28,Completed
1501,8,Marketing,en-US,3855,2026-03-31,2026-04-08,QA
1502,8,Documentation,en-US,22844,2025-09-21,2025-10-01,Completed
1503,27,Marketing,en-US,2657,2026-04-22,2026-04-25,Cancelled
1504,5,Legal,en-US,26458,2026-02-17,2026-03-08,Completed
1505,11,Documentation,en-US,29993,2026-05-27,2026-06-20,Completed
1506,12,Marketing,en-US,11828,2025-09-03,2025-09-08,QA
1507,26,Training,en-US,17212,2025-09-10,2025-09-16,Completed
1508,5,Documentation,en-US,22428,2026-01-29,2026-02-14,QA
1509,13,Subtitles,en-US,3265,2025-10-22,2025-10-25,QA
1510,14,Subtitles,en-US,2203,2025-11-24,2025-11-25,QA
1511,19,Documentation,en-US,45092,2026-02-25,2026-03-16,Completed
1512,11,Documentation,en-US,13490,2026-05-26,2026-06-13,Completed
1513,28,Training,en-US,19023,2026-03-31,2026-04-08,Cancelled
1514,3,Legal,en-US,26741,2026-05-13,2026-05-29,Completed
1515,6,Training,en-US,15717,2025-12-05,2025-12-20,QA
1516,12,Legal,en-US,22003,2026-06-01,2026-06-15,Completed
1517,11,Subtitles,en-US,3262,2026-07-05,2026-07-10,Cancelled
1518,16,Subtitles,en-US,4253,2026-01-10,2026-01-14,Completed
1519,19,Legal,en-US,25909,2026-05-04,2026-05-23,QA
1520,21,UI,en-US,1148,2025-10-06,2025-10-09,Completed
1521,15,Documentation,en-US,35945,2025-08-01,2025-08-17,Completed
1522,14,Legal,en-US,23722,2026-04-17,2026-04-26,Completed
1523,9,Training,en-US,5777,2025-12-17,2025-12-24,Completed
1524,10,Legal,en-US,22000,2025-12-10,2025-12-22,Completed
1525,19,UI,en-US,2205,2026-05-01,2026-05-07,QA
1526,11,Legal,en-US,19783,2025-09-14,2025-09-28,In Translation
1527,14,Marketing,en-US,9151,2025-10-29,2025-11-06,Completed
1528,13,UI,en-US,1035,2026-07-08,2026-07-13,Completed
1529,9,Subtitles,en-US,821,2025-08-08,2025-08-11,Completed
1530,10,Training,en-US,19803,2026-01-28,2026-02-10,Cancelled
1531,3,Marketing,en-US,4731,2026-04-24,2026-04-28,Completed
1532,3,Marketing,en-US,1627,2026-01-09,2026-01-15,Completed
1533,7,Subtitles,en-US,2897,2026-02-26,2026-03-01,Completed
1534,24,Subtitles,en-US,2448,2025-11-15,2025-11-17,Cancelled
1535,20,Documentation,en-US,45594,2026-02-19,2026-03-09,Completed
1536,25,Marketing,en-US,5617,2026-04-20,2026-04-28,In Translation
1537,13,Training,en-US,3389,2026-01-30,2026-02-11,Cancelled
1538,17,Documentation,en-US,36050,2025-10-05,2025-10-22,Completed
1539,24,Subtitles,en-US,1919,2026-03-01,2026-03-05,Completed
1540,17,Training,en-US,18359,2025-10-04,2025-10-16,Completed
1541,26,UI,en-US,1582,2026-02-20,2026-02-23,In Translation
1542,25,Subtitles,en-US,3621,2025-12-06,2025-12-08,In Translation
1543,15,Training,en-US,3986,2025-11-26,2025-12-06,Completed
1544,19,Documentation,en-US,30025,2026-05-04,2026-05-14,In Translation
1545,26,Subtitles,en-US,3105,2026-01-21,2026-01-24,Completed
1546,14,Legal,en-US,27471,2025-11-07,2025-11-26,In Translation
1547,25,Subtitles,en-US,4604,2026-06-25,2026-06-28,Completed
1548,19,UI,en-US,2624,2026-06-11,2026-06-13,Completed
1549,5,Marketing,en-US,10309,2026-03-13,2026-03-22,In Translation
1550,7,Legal,en-US,7087,2026-07-14,2026-07-29,In Translation
1551,7,Legal,en-US,8559,2026-06-23,2026-07-05,QA
1552,15,Subtitles,en-US,2695,2026-02-24,2026-02-25,Completed
1553,4,Subtitles,en-US,4729,2025-09-24,2025-09-26,Completed
1554,27,Subtitles,en-US,4202,2025-08-19,2025-08-20,Completed
1555,7,UI,en-US,1880,2026-02-15,2026-02-19,Completed
1556,8,Marketing,en-US,11806,2025-09-22,2025-09-26,In Translation
1557,2,Marketing,en-US,9495,2026-01-14,2026-01-17,Completed
1558,11,Legal,en-US,17815,2025-11-15,2025-11-24,Completed
1559,5,Training,en-US,16710,2026-06-07,2026-06-19,Cancelled
1560,3,Legal,en-US,11765,2025-11-03,2025-11-12,Completed
1561,10,Legal,en-US,28254,2026-02-19,2026-03-08,In Translation
1562,6,Training,en-US,13168,2025-12-13,2025-12-27,Completed
1563,17,Subtitles,en-US,3959,2026-01-16,2026-01-19,Completed
1564,1,Documentation,en-US,39211,2025-07-24,2025-08-05,In Translation
1565,20,Documentation,en-US,44462,2026-05-21,2026-06-10,QA
1566,29,Legal,en-US,20079,2026-03-28,2026-04-11,QA
1567,2,Subtitles,en-US,946,2026-02-05,2026-02-08,Cancelled
1568,29,Legal,en-US,16363,2025-12-18,2026-01-05,Cancelled
1569,26,Marketing,en-US,7407,2026-05-04,2026-05-09,In Translation
1570,8,Documentation,en-US,38316,2025-10-04,2025-10-28,In Translation
1571,30,Subtitles,en-US,1702,2026-07-01,2026-07-06,Completed
1572,13,Subtitles,en-US,557,2025-07-31,2025-08-02,Completed
1573,9,Subtitles,en-US,4605,2026-03-21,2026-03-24,Cancelled
1574,30,UI,en-US,1189,2026-06-21,2026-06-26,In Translation
1575,25,Training,en-US,6972,2025-12-12,2025-12-22,Completed
1576,25,UI,en-US,2366,2026-05-21,2026-05-25,In Translation
1577,15,Documentation,en-US,26565,2026-03-21,2026-04-06,QA
1578,2,Legal,en-US,5875,2025-10-24,2025-11-01,Cancelled
1579,23,Subtitles,en-US,3983,2025-11-25,2025-11-29,Completed
1580,24,Legal,en-US,11370,2026-04-30,2026-05-13,Completed
1581,1,Marketing,en-US,2878,2025-08-17,2025-08-22,Completed
1582,22,Subtitles,en-US,4003,2026-04-05,2026-04-09,In Translation
1583,3,UI,en-US,2546,2026-02-18,2026-02-25,Completed
1584,23,Legal,en-US,9595,2026-06-07,2026-06-21,Completed
1585,27,Documentation,en-US,21179,2025-12-21,2025-12-31,QA
1586,4,Documentation,en-US,29277,2025-10-05,2025-10-18,QA
1587,24,Legal,en-US,10519,2026-02-12,2026-02-20,Cancelled
1588,25,UI,en-US,1419,2026-04-15,2026-04-18,In Translation
1589,12,Documentation,en-US,24199,2026-02-02,2026-02-13,Cancelled
1590,18,Documentation,en-US,38970,2026-05-17,2026-05-28,Cancelled
1591,26,Training,en-US,6368,2026-02-23,2026-03-06,Cancelled
1592,10,Legal,en-US,6717,2025-09-21,2025-10-07,Completed
1593,2,Legal,en-US,11610,2026-03-19,2026-03-29,Completed
1594,30,Documentation,en-US,23106,2025-11-10,2025-11-22,Completed
1595,14,UI,en-US,359,2025-11-26,2025-11-30,Completed
1596,22,Subtitles,en-US,717,2025-12-30,2026-01-01,Completed
1597,26,Subtitles,en-US,1575,2026-03-29,2026-03-31,Completed
1598,14,Training,en-US,6528,2025-11-26,2025-12-06,Completed
1599,18,Subtitles,en-US,1752,2025-09-04,2025-09-09,Completed
1600,30,Training,en-US,15945,2025-08-30,2025-09-10,Completed
1601,8,Documentation,en-US,16939,2026-02-12,2026-03-05,Completed
1602,6,UI,en-US,1947,2026-04-05,2026-04-12,Completed
1603,1,Legal,en-US,11971,2025-08-18,2025-09-01,Completed
1604,3,Subtitles,en-US,2481,2025-08-10,2025-08-15,Completed
1605,2,UI,en-US,1195,2026-06-13,2026-06-18,Completed
1606,25,Training,en-US,19370,2026-07-23,2026-07-29,Cancelled
1607,18,Training,en-US,8618,2025-09-12,2025-09-21,Completed
1608,20,Marketing,en-US,11336,2025-10-01,2025-10-10,Cancelled
1609,30,Subtitles,en-US,1288,2026-06-28,2026-07-01,Completed
1610,21,Subtitles,en-US,2804,2025-08-05,2025-08-09,Completed
1611,11,UI,en-US,2792,2025-10-10,2025-10-16,In Translation
1612,13,Training,en-US,10616,2025-09-03,2025-09-16,QA
1613,23,UI,en-US,1252,2026-01-28,2026-01-30,QA
1614,25,UI,en-US,1565,2025-10-06,2025-10-09,Cancelled
1615,14,Documentation,en-US,15202,2025-08-31,2025-09-11,Completed
1616,12,Legal,en-US,14719,2025-08-05,2025-08-15,Completed
1617,13,Documentation,en-US,12484,2026-03-02,2026-03-19,Cancelled
1618,20,Legal,en-US,29223,2026-03-30,2026-04-11,Completed
1619,9,Marketing,en-US,11544,2026-06-13,2026-06-16,QA
1620,26,Legal,en-US,26235,2025-12-21,2026-01-10,Completed
1621,25,UI,en-US,1238,2026-04-05,2026-04-12,Completed
1622,11,Documentation,en-US,23488,2026-01-30,2026-02-10,Cancelled
1623,8,Subtitles,en-US,2022,2026-02-13,2026-02-18,In Translation
1624,17,Marketing,en-US,4007,2026-03-23,2026-04-02,Cancelled
1625,1,UI,en-US,2313,2026-04-22,2026-04-24,Completed
1626,2,Subtitles,en-US,1359,2026-03-10,2026-03-12,Completed
1627,3,Documentation,en-US,48838,2025-10-31,2025-11-16,Completed
1628,17,UI,en-US,2045,2025-08-12,2025-08-19,In Translation
1629,10,Documentation,en-US,22945,2025-12-13,2025-12-30,In Translation
1630,6,Training,en-US,11158,2025-10-17,2025-10-26,Completed
1631,19,Legal,en-US,25827,2026-03-16,2026-03-26,Completed
1632,28,Legal,en-US,7621,2026-04-28,2026-05-10,In Translation
1633,13,Documentation,en-US,40848,2025-08-20,2025-09-13,In Translation
1634,17,Training,en-US,17202,2025-07-29,2025-08-05,In Translation
1635,1,Legal,en-US,19004,2026-07-20,2026-08-09,Completed
1636,25,Marketing,en-US,10751,2026-07-16,2026-07-21,QA
1637,24,Documentation,en-US,26861,2025-10-13,2025-11-04,In Translation
1638,10,Legal,en-US,14280,2026-04-04,2026-04-17,QA
1639,20,Legal,en-US,7357,2026-01-30,2026-02-11,Completed
1640,23,Legal,en-US,11413,2026-07-19,2026-07-28,Completed
1641,1,UI,en-US,2350,2026-07-04,2026-07-11,Cancelled
1642,12,Legal,en-US,18256,2026-06-12,2026-06-25,In Translation
1643,24,Marketing,en-US,7292,2025-08-24,2025-09-03,Completed
1644,21,Training,en-US,5334,2026-01-21,2026-02-01,Completed
1645,30,UI,en-US,1876,2026-05-31,2026-06-06,Completed
1646,7,Legal,en-US,13364,2026-03-29,2026-04-17,Cancelled
1647,12,Training,en-US,19011,2025-08-16,2025-08-31,Cancelled
1648,12,Subtitles,en-US,672,2025-12-11,2025-12-15,In Translation
1649,24,Documentation,en-US,25882,2026-02-25,2026-03-22,Completed
1650,30,Marketing,en-US,11337,2026-05-08,2026-05-11,Cancelled
1651,22,Subtitles,en-US,1411,2026-07-23,2026-07-26,QA
1652,15,Subtitles,en-US,1407,2026-07-04,2026-07-07,Completed
1653,20,Training,en-US,8289,2026-01-01,2026-01-06,Completed
1654,25,UI,en-US,2939,2026-06-08,2026-06-15,In Translation
1655,13,Subtitles,en-US,858,2025-12-14,2025-12-19,Completed
1656,29,Legal,en-US,10433,2026-05-28,2026-06-17,In Translation
1657,9,Subtitles,en-US,2675,2026-04-25,2026-04-30,QA
1658,22,Legal,en-US,24204,2025-08-15,2025-08-26,Cancelled
1659,14,Subtitles,en-US,928,2026-06-08,2026-06-09,Cancelled
1660,19,Marketing,en-US,3338,2026-03-20,2026-03-27,Cancelled
1661,7,Subtitles,en-US,3460,2025-11-04,2025-11-07,Completed
1662,6,Legal,en-US,5051,2026-02-14,2026-02-22,Completed
1663,25,Subtitles,en-US,3622,2025-08-08,2025-08-13,In Translation
1664,21,Marketing,en-US,8060,2026-05-05,2026-05-10,Completed
1665,12,Documentation,en-US,18803,2025-08-20,2025-09-05,In Translation
1666,6,Training,en-US,6612,2026-06-13,2026-06-25,QA
1667,27,Documentation,en-US,22165,2025-11-19,2025-12-05,Completed
1668,24,Documentation,en-US,22575,2025-08-23,2025-09-10,In Translation
1669,15,Subtitles,en-US,1094,2025-10-15,2025-10-17,Completed
1670,10,UI,en-US,1847,2026-02-10,2026-02-12,Completed
1671,3,Marketing,en-US,1486,2025-08-30,2025-09-05,In Translation
1672,16,Subtitles,en-US,1025,2025-09-01,2025-09-02,Completed
1673,9,UI,en-US,2685,2026-05-01,2026-05-03,Completed
1674,7,Training,en-US,3237,2025-10-21,2025-11-01,QA
1675,17,Marketing,en-US,8961,2026-02-15,2026-02-25,Completed
1676,20,Legal,en-US,16028,2025-12-20,2026-01-01,Cancelled
1677,29,Marketing,en-US,6164,2025-10-05,2025-10-11,Completed
1678,22,Legal,en-US,17400,2025-10-07,2025-10-23,Completed
1679,12,Marketing,en-US,2641,2026-02-13,2026-02-16,In Translation
1680,28,Subtitles,en-US,3491,2026-04-05,2026-04-07,Completed
1681,20,UI,en-US,2473,2025-10-28,2025-11-01,Cancelled
1682,25,Documentation,en-US,34145,2026-03-02,2026-03-26,QA
1683,22,Subtitles,en-US,4092,2026-03-23,2026-03-28,In Translation
1684,22,Documentation,en-US,10205,2025-10-01,2025-10-21,Completed
1685,21,Marketing,en-US,1749,2026-02-25,2026-03-05,Cancelled
1686,15,Documentation,en-US,49764,2026-05-10,2026-06-04,In Translation
1687,24,Training,en-US,5666,2026-02-25,2026-03-07,In Translation
1688,30,Legal,en-US,26572,2026-01-01,2026-01-21,Cancelled
1689,29,UI,en-US,1876,2026-05-09,2026-05-13,QA
1690,7,Subtitles,en-US,1372,2025-09-02,2025-09-07,QA
1691,26,Subtitles,en-US,4333,2026-05-17,2026-05-18,Completed
1692,16,UI,en-US,1534,2026-03-29,2026-04-05,QA
1693,28,Legal,en-US,10506,2026-03-04,2026-03-18,Completed
1694,16,Subtitles,en-US,4629,2025-12-10,2025-12-12,Completed
1695,7,Documentation,en-US,15861,2026-04-11,2026-04-24,In Translation
1696,23,UI,en-US,956,2026-01-18,2026-01-22,In Translation
1697,25,Marketing,en-US,4610,2026-04-22,2026-04-29,Cancelled
1698,16,Subtitles,en-US,1208,2026-04-08,2026-04-10,QA
1699,21,Subtitles,en-US,4230,2026-01-05,2026-01-06,Cancelled
1700,11,Documentation,en-US,47746,2026-07-01,2026-07-13,Cancelled
1701,11,Legal,en-US,28509,2025-09-02,2025-09-20,Cancelled
1702,24,Legal,en-US,26427,2025-09-26,2025-10-13,QA
1703,28,Legal,en-US,12646,2026-05-27,2026-06-06,Completed
1704,4,Marketing,en-US,2436,2025-10-02,2025-10-06,Completed
1705,11,Subtitles,en-US,1741,2026-02-22,2026-02-23,QA
1706,12,Documentation,en-US,30537,2025-12-26,2026-01-17,QA
1707,24,UI,en-US,1573,2026-02-05,2026-02-07,QA
1708,18,Documentation,en-US,35437,2025-12-02,2025-12-25,Completed
1709,25,Marketing,en-US,3069,2026-04-05,2026-04-11,Completed
1710,13,UI,en-US,2504,2025-09-23,2025-09-28,Completed
1711,5,Marketing,en-US,4586,2026-02-16,2026-02-26,Cancelled
1712,15,Documentation,en-US,49417,2026-03-13,2026-04-01,Completed
1713,24,Subtitles,en-US,481,2026-01-12,2026-01-17,Completed
1714,10,Training,en-US,7045,2026-07-21,2026-07-30,Cancelled
1715,19,Legal,en-US,25679,2025-12-07,2025-12-27,Completed
1716,16,Marketing,en-US,7171,2026-07-09,2026-07-12,Completed
1717,5,Subtitles,en-US,1925,2025-11-23,2025-11-25,Cancelled
1718,24,UI,en-US,1033,2026-02-22,2026-02-27,Cancelled
1719,13,Marketing,en-US,11801,2025-11-27,2025-12-02,Completed
1720,18,Legal,en-US,16056,2026-06-17,2026-06-30,Cancelled
1721,16,Marketing,en-US,7412,2025-12-15,2025-12-24,Completed
1722,17,Subtitles,en-US,2518,2025-12-31,2026-01-03,Cancelled
1723,30,Documentation,en-US,45914,2026-05-16,2026-06-07,Completed
1724,5,Marketing,en-US,10509,2026-03-26,2026-03-29,Cancelled
1725,10,Legal,en-US,26451,2026-01-07,2026-01-16,QA
1726,5,Legal,en-US,27805,2026-06-09,2026-06-23,Completed
1727,29,Documentation,en-US,23747,2026-05-01,2026-05-17,Cancelled
1728,7,Subtitles,en-US,274,2025-11-26,2025-11-29,Cancelled
1729,28,Training,en-US,6340,2026-03-17,2026-04-01,Completed
1730,13,Legal,en-US,27264,2025-10-25,2025-11-14,Completed
1731,30,UI,en-US,693,2026-02-27,2026-03-03,In Translation
1732,6,UI,en-US,780,2026-02-20,2026-02-26,Cancelled
1733,11,Training,en-US,17215,2025-10-15,2025-10-22,Cancelled
1734,24,Legal,en-US,13028,2025-12-16,2025-12-23,Completed
1735,8,Legal,en-US,21011,2026-05-17,2026-05-28,Cancelled
1736,20,Documentation,en-US,34600,2026-02-22,2026-03-06,In Translation
1737,28,Subtitles,en-US,3330,2026-07-18,2026-07-21,Cancelled
1738,21,Legal,en-US,17036,2026-05-09,2026-05-16,Completed
1739,4,UI,en-US,799,2025-10-30,2025-11-04,Cancelled
1740,22,Training,en-US,10370,2025-12-10,2025-12-15,QA
1741,19,Training,en-US,18712,2026-01-15,2026-01-24,Cancelled
1742,24,UI,en-US,2728,2026-01-13,2026-01-16,In Translation
1743,16,Subtitles,en-US,3752,2025-12-25,2025-12-28,QA
1744,5,UI,en-US,1632,2025-07-24,2025-07-26,Cancelled
1745,30,Training,en-US,9058,2026-05-02,2026-05-13,Cancelled
1746,1,Legal,en-US,23220,2025-08-06,2025-08-26,QA
1747,26,Training,en-US,19009,2025-11-11,2025-11-17,QA
1748,27,Training,en-US,7066,2026-03-12,2026-03-20,Cancelled
1749,29,UI,en-US,1040,2025-07-30,2025-08-05,Cancelled
1750,6,UI,en-US,2572,2026-02-10,2026-02-15,Completed
1751,4,UI,en-US,827,2025-09-14,2025-09-20,Completed
1752,21,Documentation,en-US,15755,2026-07-04,2026-07-22,Completed
1753,3,UI,en-US,2373,2025-11-18,2025-11-22,Completed
1754,18,Documentation,en-US,37725,2025-07-26,2025-08-05,Completed
1755,10,UI,en-US,2427,2025-11-17,2025-11-21,Cancelled
1756,18,Legal,en-US,9582,2025-10-18,2025-11-03,In Translation
1757,23,Marketing,en-US,9563,2025-10-15,2025-10-23,QA
1758,18,Training,en-US,9876,2026-06-21,2026-06-27,Cancelled
1759,27,UI,en-US,1271,2025-11-23,2025-11-25,Completed
1760,5,Marketing,en-US,4526,2025-08-01,2025-08-06,QA
1761,18,Documentation,en-US,48783,2026-05-19,2026-06-09,Completed
1762,5,Subtitles,en-US,3657,2026-06-08,2026-06-09,QA
1763,9,Marketing,en-US,7255,2026-04-17,2026-04-22,In Translation
1764,15,UI,en-US,1341,2026-06-08,2026-06-15,In Translation
1765,23,Documentation,en-US,45121,2025-11-08,2025-11-24,Completed
1766,21,Subtitles,en-US,2406,2026-07-15,2026-07-17,Cancelled
1767,12,Training,en-US,19758,2026-02-24,2026-03-10,Completed
1768,14,Documentation,en-US,30732,2026-02-07,2026-03-02,In Translation
1769,1,Training,en-US,11110,2026-02-25,2026-03-03,Completed
1770,4,Training,en-US,6604,2026-03-02,2026-03-17,QA
1771,14,UI,en-US,1649,2026-07-18,2026-07-25,Completed
1772,12,Marketing,en-US,5476,2026-03-02,2026-03-07,Completed
1773,9,UI,en-US,701,2025-09-22,2025-09-27,Completed
1774,13,UI,en-US,805,2025-08-29,2025-09-01,QA
1775,24,Marketing,en-US,10647,2025-08-07,2025-08-17,Completed
1776,17,Marketing,en-US,10374,2026-01-18,2026-01-25,QA
1777,9,Training,en-US,6246,2025-12-09,2025-12-14,Completed
1778,11,Legal,en-US,10920,2025-09-22,2025-10-04,Cancelled
1779,22,Training,en-US,16194,2025-09-15,2025-09-27,QA
1780,5,Marketing,en-US,1155,2025-11-03,2025-11-08,Cancelled
1781,5,Documentation,en-US,34825,2025-12-13,2025-12-31,Completed
1782,30,Subtitles,en-US,3232,2026-07-04,2026-07-06,Cancelled
1783,20,Legal,en-US,28159,2026-03-07,2026-03-21,Completed
1784,15,Marketing,en-US,8678,2025-10-29,2025-11-05,Completed
1785,14,Training,en-US,10496,2025-10-22,2025-10-31,Cancelled
1786,28,UI,en-US,1551,2025-10-31,2025-11-05,Completed
1787,28,UI,en-US,2899,2026-06-03,2026-06-05,Completed
1788,24,Documentation,en-US,16136,2025-11-17,2025-12-02,QA
1789,2,UI,en-US,1470,2025-08-28,2025-09-03,In Translation
1790,26,UI,en-US,2036,2026-03-02,2026-03-09,QA
1791,30,Subtitles,en-US,1317,2025-12-26,2025-12-30,In Translation
1792,17,Subtitles,en-US,4561,2026-03-02,2026-03-03,In Translation
1793,1,Training,en-US,9231,2026-07-15,2026-07-20,Cancelled
1794,14,Subtitles,en-US,4577,2025-10-16,2025-10-19,Completed
1795,24,Subtitles,en-US,4526,2026-05-05,2026-05-10,Completed
1796,20,Legal,en-US,10522,2025-08-22,2025-09-08,QA
1797,29,Documentation,en-US,21456,2026-05-01,2026-05-13,Completed
1798,27,Documentation,en-US,43664,2025-11-27,2025-12-18,Completed
1799,14,Legal,en-US,17422,2026-05-27,2026-06-05,Completed
1800,4,Marketing,en-US,5092,2026-01-27,2026-01-31,Completed
1801,10,Legal,en-US,14618,2025-09-29,2025-10-10,Completed
1802,1,Subtitles,en-US,4859,2026-01-29,2026-02-02,Completed
1803,30,Marketing,en-US,11534,2026-06-09,2026-06-12,In Translation
1804,29,Training,en-US,18999,2026-07-08,2026-07-13,Completed
1805,1,Training,en-US,18084,2026-04-17,2026-04-27,Completed
1806,12,UI,en-US,321,2026-04-22,2026-04-26,Cancelled
1807,6,Legal,en-US,16617,2026-03-04,2026-03-11,Completed
1808,14,Legal,en-US,11473,2026-06-07,2026-06-15,QA
1809,17,Documentation,en-US,36916,2026-07-11,2026-07-24,In Translation
1810,1,Documentation,en-US,26392,2025-08-30,2025-09-16,In Translation
1811,13,Marketing,en-US,5903,2026-03-12,2026-03-20,In Translation
1812,29,Documentation,en-US,45155,2026-03-30,2026-04-17,Completed
1813,15,Subtitles,en-US,3799,2025-11-17,2025-11-19,Completed
1814,12,Subtitles,en-US,3755,2025-08-07,2025-08-08,Completed
1815,29,Subtitles,en-US,1825,2026-05-03,2026-05-04,Completed
1816,10,UI,en-US,847,2026-06-02,2026-06-07,In Translation
1817,24,Marketing,en-US,1517,2026-03-04,2026-03-09,Cancelled
1818,7,Legal,en-US,26798,2025-12-19,2025-12-30,Completed
1819,14,Legal,en-US,23026,2025-08-23,2025-09-06,Cancelled
1820,23,Documentation,en-US,31291,2026-05-22,2026-06-13,QA
1821,24,Subtitles,en-US,3385,2025-08-14,2025-08-16,Completed
1822,4,UI,en-US,816,2026-07-17,2026-07-20,Completed
1823,17,UI,en-US,1268,2026-05-19,2026-05-21,Cancelled
1824,27,Marketing,en-US,8039,2025-11-30,2025-12-03,In Translation
1825,16,Marketing,en-US,5623,2025-12-06,2025-12-16,Completed
1826,25,Legal,en-US,13118,2026-06-30,2026-07-16,Completed
1827,24,Training,en-US,9123,2026-06-06,2026-06-14,Completed
1828,25,UI,en-US,1379,2026-01-08,2026-01-15,Completed
1829,22,Legal,en-US,11501,2026-01-01,2026-01-15,Cancelled
1830,26,UI,en-US,2357,2026-07-20,2026-07-26,Completed
1831,7,Training,en-US,7873,2026-06-26,2026-07-04,Completed
1832,5,Legal,en-US,6257,2025-09-08,2025-09-19,Completed
1833,30,Documentation,en-US,37938,2026-06-26,2026-07-06,QA
1834,7,UI,en-US,508,2026-05-19,2026-05-24,In Translation
1835,17,Marketing,en-US,11376,2025-10-20,2025-10-26,Completed
1836,11,Legal,en-US,20702,2026-05-10,2026-05-17,QA
1837,14,Subtitles,en-US,623,2026-04-03,2026-04-06,Completed
1838,9,Marketing,en-US,5596,2026-06-18,2026-06-26,Cancelled
1839,14,Documentation,en-US,30961,2026-03-14,2026-03-25,Completed
1840,2,UI,en-US,513,2026-07-19,2026-07-26,Cancelled
1841,11,Documentation,en-US,28698,2025-07-28,2025-08-22,Completed
1842,30,Training,en-US,6301,2026-03-27,2026-04-07,Completed
1843,9,Legal,en-US,16913,2026-05-21,2026-06-02,Completed
1844,4,UI,en-US,355,2026-03-26,2026-04-02,QA
1845,25,Documentation,en-US,31706,2025-12-19,2026-01-09,Cancelled
1846,26,Marketing,en-US,10648,2025-08-14,2025-08-22,Completed
1847,21,Marketing,en-US,4441,2025-11-19,2025-11-28,Completed
1848,29,UI,en-US,834,2026-02-12,2026-02-19,Cancelled
1849,20,UI,en-US,468,2025-08-08,2025-08-14,Cancelled
1850,27,Documentation,en-US,22643,2025-11-25,2025-12-19,Completed
1851,3,Training,en-US,14236,2026-02-18,2026-02-27,Cancelled
1852,16,Documentation,en-US,44967,2026-02-28,2026-03-14,Completed
1853,5,Documentation,en-US,37407,2025-09-20,2025-10-08,QA
1854,12,Marketing,en-US,8347,2025-11-27,2025-12-01,In Translation
1855,3,Legal,en-US,18729,2026-02-04,2026-02-19,QA
1856,26,UI,en-US,983,2026-04-20,2026-04-26,Completed
1857,23,Documentation,en-US,28982,2025-10-17,2025-10-28,QA
1858,2,Subtitles,en-US,1758,2025-09-21,2025-09-25,In Translation
1859,22,Training,en-US,19825,2025-08-12,2025-08-18,Completed
1860,15,Training,en-US,15587,2026-04-11,2026-04-24,In Translation
1861,13,Training,en-US,11896,2026-05-04,2026-05-12,Completed
1862,1,Documentation,en-US,47479,2025-12-23,2026-01-08,QA
1863,23,UI,en-US,2400,2026-01-13,2026-01-18,QA
1864,23,Subtitles,en-US,4501,2026-05-12,2026-05-15,Completed
1865,28,Documentation,en-US,29422,2026-03-12,2026-03-30,QA
1866,4,Documentation,en-US,24675,2026-03-04,2026-03-15,QA
1867,8,Marketing,en-US,1640,2026-02-05,2026-02-10,Completed
1868,30,Documentation,en-US,27723,2025-08-27,2025-09-07,Cancelled
1869,8,Documentation,en-US,45035,2025-10-18,2025-10-31,Completed
1870,21,Marketing,en-US,11365,2026-01-07,2026-01-15,Completed
1871,3,Subtitles,en-US,4699,2025-11-13,2025-11-16,Cancelled
1872,5,Legal,en-US,25037,2026-05-25,2026-06-05,Completed
1873,2,Subtitles,en-US,285,2025-12-24,2025-12-27,Completed
1874,24,Marketing,en-US,3895,2025-09-19,2025-09-26,Completed
1875,18,Subtitles,en-US,4978,2025-09-13,2025-09-14,Cancelled
1876,24,Subtitles,en-US,3329,2025-12-01,2025-12-04,Cancelled
1877,21,Training,en-US,9755,2025-08-25,2025-09-06,Completed
1878,11,Marketing,en-US,4341,2026-01-24,2026-02-02,Completed
1879,15,Documentation,en-US,38436,2026-03-02,2026-03-23,Completed
1880,29,Legal,en-US,8070,2026-05-09,2026-05-23,Completed
1881,15,Documentation,en-US,21541,2025-08-12,2025-08-28,QA
1882,16,Subtitles,en-US,1677,2026-02-21,2026-02-24,Completed
1883,10,Documentation,en-US,21647,2025-12-26,2026-01-17,Cancelled
1884,20,Documentation,en-US,14551,2025-11-02,2025-11-16,Completed
1885,14,Documentation,en-US,39820,2025-08-26,2025-09-17,Completed
1886,24,Training,en-US,7498,2025-12-25,2025-12-30,QA
1887,4,Legal,en-US,17582,2026-02-03,2026-02-10,Completed
1888,27,UI,en-US,2939,2026-01-08,2026-01-10,Completed
1889,8,UI,en-US,1396,2026-05-20,2026-05-23,Cancelled
1890,20,UI,en-US,338,2026-04-21,2026-04-23,QA
1891,24,Marketing,en-US,2392,2025-09-12,2025-09-18,Completed
1892,16,Training,en-US,17559,2026-05-15,2026-05-22,Completed
1893,11,Legal,en-US,10063,2025-09-14,2025-09-24,Completed
1894,18,Subtitles,en-US,2391,2026-01-26,2026-01-31,Completed
1895,1,UI,en-US,721,2026-02-26,2026-03-04,Completed
1896,4,Training,en-US,16608,2025-10-08,2025-10-15,Completed
1897,30,Documentation,en-US,11572,2026-01-29,2026-02-15,In Translation
1898,13,Documentation,en-US,33154,2025-12-24,2026-01-12,Completed
1899,30,Subtitles,en-US,3351,2026-04-03,2026-04-04,In Translation
1900,6,UI,en-US,1219,2026-03-02,2026-03-04,Completed
1901,12,UI,en-US,2821,2025-10-08,2025-10-12,Completed
1902,12,UI,en-US,477,2026-02-26,2026-03-04,Completed
1903,6,Legal,en-US,22382,2026-03-20,2026-04-01,QA
1904,6,Subtitles,en-US,3683,2026-05-05,2026-05-07,Cancelled
1905,22,Marketing,en-US,11236,2026-02-12,2026-02-19,Completed
1906,29,UI,en-US,1410,2025-10-27,2025-11-01,Cancelled
1907,12,Marketing,en-US,2251,2025-10-26,2025-10-29,Completed
1908,25,Subtitles,en-US,1400,2025-08-20,2025-08-23,Completed
1909,13,Legal,en-US,28636,2025-11-04,2025-11-23,In Translation
1910,27,UI,en-US,763,2026-05-21,2026-05-27,In Translation
1911,24,Marketing,en-US,3370,2026-01-07,2026-01-11,Completed
1912,5,Documentation,en-US,35232,2025-11-26,2025-12-17,Completed
1913,16,Legal,en-US,20770,2026-04-15,2026-05-03,In Translation
1914,20,Subtitles,en-US,2931,2026-07-17,2026-07-19,Cancelled
1915,30,Documentation,en-US,35112,2026-03-04,2026-03-27,QA
1916,16,Training,en-US,19141,2025-08-27,2025-09-09,QA
1917,27,Documentation,en-US,35206,2025-09-05,2025-09-17,QA
1918,23,Legal,en-US,22266,2026-04-10,2026-04-26,Cancelled
1919,26,Subtitles,en-US,1996,2025-12-31,2026-01-01,Completed
1920,12,UI,en-US,1132,2026-01-04,2026-01-06,Completed
1921,18,Legal,en-US,9377,2025-12-12,2025-12-20,Completed
1922,30,Marketing,en-US,6912,2025-12-06,2025-12-11,Completed
1923,15,Documentation,en-US,46143,2025-10-05,2025-10-28,Completed
1924,7,Documentation,en-US,13661,2025-11-25,2025-12-09,Completed
1925,23,Subtitles,en-US,1372,2025-12-04,2025-12-08,Cancelled
1926,1,Subtitles,en-US,3679,2026-03-11,2026-03-14,Completed
1927,23,UI,en-US,2682,2026-04-04,2026-04-06,In Translation
1928,27,Training,en-US,8183,2025-08-02,2025-08-07,Completed
1929,12,Documentation,en-US,15176,2026-05-18,2026-06-04,Completed
1930,1,Training,en-US,16647,2025-11-19,2025-11-26,Completed
1931,16,Subtitles,en-US,1347,2025-09-27,2025-10-02,Cancelled
1932,10,Legal,en-US,18484,2025-12-06,2025-12-24,Completed
1933,15,Subtitles,en-US,308,2026-03-20,2026-03-23,Completed
1934,5,UI,en-US,2931,2026-06-08,2026-06-10,QA
1935,25,Documentation,en-US,42983,2026-05-31,2026-06-15,Completed
1936,13,Legal,en-US,27279,2026-01-11,2026-01-25,QA
1937,23,Marketing,en-US,10372,2026-03-23,2026-03-30,Cancelled
1938,8,Legal,en-US,10138,2025-09-18,2025-09-29,Completed
1939,17,Legal,en-US,9100,2026-01-11,2026-01-29,Completed
1940,13,Training,en-US,4834,2025-08-10,2025-08-18,In Translation
1941,6,Subtitles,en-US,4781,2026-07-17,2026-07-22,Completed
1942,27,Subtitles,en-US,4037,2026-06-06,2026-06-10,Completed
1943,21,Subtitles,en-US,3518,2025-10-22,2025-10-26,Completed
1944,2,Marketing,en-US,11594,2025-10-09,2025-10-18,Completed
1945,9,UI,en-US,727,2026-04-16,2026-04-18,Completed
1946,20,Marketing,en-US,1459,2025-12-16,2025-12-22,Completed
1947,6,Training,en-US,6488,2025-09-22,2025-09-28,Completed
1948,20,UI,en-US,1566,2026-05-14,2026-05-17,QA
1949,7,Subtitles,en-US,465,2026-05-02,2026-05-04,Completed
1950,3,Training,en-US,4470,2026-06-20,2026-07-04,In Translation
1951,2,UI,en-US,1588,2025-08-26,2025-08-28,Completed
1952,1,Marketing,en-US,5626,2025-09-05,2025-09-14,QA
1953,7,Marketing,en-US,7400,2026-05-07,2026-05-15,Completed
1954,23,Subtitles,en-US,997,2025-08-14,2025-08-17,In Translation
1955,29,Subtitles,en-US,4325,2025-10-26,2025-10-27,QA
1956,26,Documentation,en-US,11552,2026-03-22,2026-04-13,In Translation
1957,19,UI,en-US,1488,2026-07-18,2026-07-21,Completed
1958,22,Legal,en-US,7580,2025-09-19,2025-10-06,Completed
1959,23,Documentation,en-US,24132,2026-06-26,2026-07-10,Cancelled
1960,6,Training,en-US,19918,2026-06-12,2026-06-26,Cancelled
1961,17,Marketing,en-US,8331,2026-06-07,2026-06-12,Completed
1962,10,Marketing,en-US,11214,2025-11-12,2025-11-21,Completed
1963,29,Subtitles,en-US,3375,2025-07-29,2025-07-31,Completed
1964,20,Training,en-US,5457,2025-12-04,2025-12-11,QA
1965,21,Legal,en-US,8191,2026-04-19,2026-05-08,Completed
1966,5,Marketing,en-US,9964,2026-06-01,2026-06-05,In Translation
1967,4,Legal,en-US,15279,2025-09-05,2025-09-14,Completed
1968,6,UI,en-US,1447,2025-11-19,2025-11-25,Completed
1969,12,UI,en-US,591,2026-01-14,2026-01-17,Cancelled
1970,25,Legal,en-US,13452,2026-01-22,2026-02-05,Completed
1971,25,Legal,en-US,26308,2025-08-01,2025-08-10,Completed
1972,19,Legal,en-US,6297,2025-11-29,2025-12-11,Completed
1973,13,Legal,en-US,25305,2025-10-13,2025-10-30,Completed
1974,15,Marketing,en-US,9396,2026-05-07,2026-05-15,Completed
1975,3,Subtitles,en-US,3584,2026-02-17,2026-02-22,In Translation
1976,9,Subtitles,en-US,549,2025-10-14,2025-10-19,Cancelled
1977,2,Subtitles,en-US,2205,2025-10-11,2025-10-16,Completed
1978,5,UI,en-US,1490,2026-02-21,2026-02-26,Completed
1979,19,Legal,en-US,7391,2026-02-12,2026-02-22,In Translation
1980,28,Legal,en-US,26926,2026-05-11,2026-05-19,Completed
1981,15,Legal,en-US,26052,2025-11-01,2025-11-16,In Translation
1982,4,UI,en-US,1038,2026-02-22,2026-03-01,Completed
1983,30,Legal,en-US,19192,2026-01-27,2026-02-06,In Translation
1984,11,UI,en-US,1599,2026-03-22,2026-03-26,QA
1985,16,Documentation,en-US,41209,2026-05-03,2026-05-16,Completed
1986,15,UI,en-US,2532,2025-09-16,2025-09-19,In Translation
1987,5,Subtitles,en-US,1948,2026-04-19,2026-04-22,QA
1988,2,Training,en-US,15461,2026-04-21,2026-04-26,Completed
1989,26,Legal,en-US,20512,2026-04-09,2026-04-19,Completed
1990,7,UI,en-US,2032,2025-07-31,2025-08-04,Completed
1991,21,Documentation,en-US,15478,2025-12-17,2025-12-31,Completed
1992,9,Legal,en-US,7677,2026-03-07,2026-03-18,Cancelled
1993,15,Legal,en-US,22195,2026-07-10,2026-07-20,Cancelled
1994,29,Marketing,en-US,4015,2026-04-07,2026-04-10,Completed
1995,29,Legal,en-US,16207,2026-02-13,2026-03-04,Completed
1996,6,Documentation,en-US,32890,2025-08-09,2025-09-01,In Translation
1997,16,Training,en-US,8265,2025-10-31,2025-11-11,Completed
1998,30,Subtitles,en-US,4872,2025-09-28,2025-10-02,Completed
1999,18,Training,en-US,9506,2025-08-16,2025-08-22,Cancelled
2000,22,Training,en-US,7738,2025-11-11,2025-11-21,Cancelled
2001,27,Subtitles,en-US,2792,2025-10-09,2025-10-10,Completed
2002,29,Legal,en-US,9832,2026-05-26,2026-06-09,Completed
2003,4,Subtitles,en-US,3529,2026-04-20,2026-04-23,QA
2004,24,UI,en-US,2145,2026-03-20,2026-03-23,Cancelled
2005,15,Subtitles,en-US,4938,2025-11-06,2025-11-07,Completed
2006,7,Subtitles,en-US,1737,2025-08-13,2025-08-17,Cancelled
2007,18,Documentation,en-US,49383,2026-01-20,2026-02-11,Completed
2008,12,Documentation,en-US,22527,2026-04-04,2026-04-14,Completed
2009,27,Marketing,en-US,1265,2025-07-27,2025-08-03,Completed
2010,17,UI,en-US,2344,2025-08-18,2025-08-25,In Translation
2011,14,Legal,en-US,16525,2025-12-21,2026-01-02,QA
2012,14,Training,en-US,14004,2026-04-06,2026-04-12,Completed
2013,15,Legal,en-US,17226,2025-11-06,2025-11-15,QA
2014,20,Documentation,en-US,45570,2026-04-07,2026-04-30,In Translation
2015,10,Subtitles,en-US,3783,2026-06-19,2026-06-22,Cancelled
2016,20,UI,en-US,658,2026-07-13,2026-07-15,Completed
2017,21,UI,en-US,2824,2026-04-06,2026-04-11,Completed
2018,16,Subtitles,en-US,4662,2025-12-10,2025-12-11,Cancelled
2019,15,Training,en-US,4069,2026-06-24,2026-07-09,Completed
2020,28,Legal,en-US,11942,2025-09-03,2025-09-13,In Translation
2021,18,Legal,en-US,8751,2025-07-31,2025-08-10,In Translation
2022,4,Marketing,en-US,8601,2025-11-14,2025-11-23,Cancelled
2023,23,Subtitles,en-US,3442,2026-06-25,2026-06-26,Completed
2024,26,Documentation,en-US,43263,2026-07-02,2026-07-21,Completed
2025,29,Subtitles,en-US,2366,2026-04-02,2026-04-05,In Translation
2026,22,Documentation,en-US,10272,2025-12-21,2026-01-13,Completed
2027,1,UI,en-US,928,2025-10-21,2025-10-25,QA
2028,27,Subtitles,en-US,2800,2025-12-18,2025-12-21,Completed
2029,19,Legal,en-US,12924,2026-02-06,2026-02-21,In Translation
2030,7,Training,en-US,15888,2026-04-25,2026-04-30,QA
2031,14,Documentation,en-US,35586,2025-08-31,2025-09-15,In Translation
2032,29,Marketing,en-US,9475,2026-07-10,2026-07-15,In Translation
2033,8,UI,en-US,817,2025-11-23,2025-11-29,Completed
2034,21,Training,en-US,15845,2026-01-28,2026-02-12,Completed
2035,27,Training,en-US,8211,2026-06-25,2026-07-05,Completed
2036,3,UI,en-US,405,2026-03-12,2026-03-17,Completed
2037,21,Training,en-US,8015,2026-02-15,2026-02-20,QA
2038,23,Training,en-US,5581,2025-08-27,2025-09-10,In Translation
2039,1,Subtitles,en-US,1269,2025-10-04,2025-10-08,Cancelled
2040,21,Marketing,en-US,4056,2025-10-09,2025-10-15,Cancelled
2041,29,Documentation,en-US,29459,2026-02-03,2026-02-19,QA
2042,27,Documentation,en-US,34779,2026-01-17,2026-02-04,Cancelled
2043,2,Marketing,en-US,2359,2026-02-26,2026-03-03,Cancelled
2044,1,Subtitles,en-US,4946,2026-07-18,2026-07-19,Completed
2045,15,Training,en-US,7020,2026-04-26,2026-05-02,Completed
2046,10,Marketing,en-US,3959,2025-08-01,2025-08-05,Completed
2047,16,Marketing,en-US,4407,2025-08-08,2025-08-17,Completed
2048,16,UI,en-US,1994,2025-10-28,2025-10-30,In Translation
2049,21,UI,en-US,1161,2026-07-17,2026-07-24,In Translation
2050,13,Marketing,en-US,11380,2026-02-14,2026-02-24,Completed
2051,6,Marketing,en-US,1166,2025-11-19,2025-11-24,Cancelled
2052,19,Subtitles,en-US,457,2025-11-30,2025-12-01,Completed
2053,12,Legal,en-US,25119,2026-01-30,2026-02-15,QA
2054,1,Documentation,en-US,44193,2025-12-23,2026-01-10,Completed
2055,7,Training,en-US,3968,2026-05-09,2026-05-22,Completed
2056,17,Training,en-US,7992,2025-09-22,2025-09-30,Completed
2057,4,Documentation,en-US,11933,2025-07-31,2025-08-20,Completed
2058,8,UI,en-US,818,2025-12-05,2025-12-09,Completed
2059,16,Documentation,en-US,16027,2026-04-15,2026-05-06,Cancelled
2060,18,Subtitles,en-US,2611,2025-12-07,2025-12-11,Cancelled
2061,26,Legal,en-US,19288,2025-12-09,2025-12-24,In Translation
2062,30,Documentation,en-US,26390,2026-03-23,2026-04-07,Completed
2063,22,Subtitles,en-US,2502,2025-11-18,2025-11-22,Completed
2064,19,Training,en-US,13210,2025-10-23,2025-10-30,Completed
2065,24,Legal,en-US,19203,2026-02-03,2026-02-17,In Translation
2066,20,Subtitles,en-US,2425,2025-11-08,2025-11-11,QA
2067,4,Training,en-US,15551,2026-06-04,2026-06-15,Completed
2068,19,Marketing,en-US,7126,2025-08-17,2025-08-21,In Translation
2069,6,UI,en-US,2394,2026-03-24,2026-03-28,QA
2070,14,Marketing,en-US,10894,2025-11-01,2025-11-09,In Translation
2071,1,UI,en-US,1036,2026-06-30,2026-07-04,In Translation
2072,26,Documentation,en-US,33445,2025-12-21,2026-01-07,Completed
2073,7,Subtitles,en-US,3244,2026-07-04,2026-07-07,Completed
2074,25,Marketing,en-US,3003,2026-06-05,2026-06-08,Completed
2075,23,UI,en-US,1647,2025-08-04,2025-08-07,In Translation
2076,19,Marketing,en-US,4811,2026-02-24,2026-02-28,In Translation
2077,10,Training,en-US,9952,2025-11-09,2025-11-22,Completed
2078,4,Training,en-US,12111,2025-10-19,2025-11-02,Cancelled
2079,3,Training,en-US,16819,2025-09-20,2025-10-05,In Translation
2080,11,Marketing,en-US,4246,2025-12-03,2025-12-09,Completed
2081,26,Legal,en-US,21339,2026-07-07,2026-07-14,Completed
2082,14,UI,en-US,808,2025-12-23,2025-12-28,Completed
2083,20,Marketing,en-US,10685,2026-04-05,2026-04-14,Completed
2084,19,UI,en-US,1467,2025-09-15,2025-09-17,Cancelled
2085,26,Training,en-US,3152,2025-08-27,2025-09-08,Completed
2086,5,Legal,en-US,6212,2026-05-03,2026-05-18,QA
2087,2,Marketing,en-US,11564,2025-12-19,2025-12-22,Completed
2088,16,UI,en-US,2000,2026-02-11,2026-02-18,Completed
2089,9,Marketing,en-US,6665,2026-04-13,2026-04-22,Completed
2090,18,Marketing,en-US,9090,2026-03-18,2026-03-21,In Translation
2091,10,Subtitles,en-US,3923,2026-06-27,2026-07-01,Cancelled
2092,30,UI,en-US,1831,2026-03-23,2026-03-29,Completed
2093,1,Documentation,en-US,13134,2026-04-16,2026-04-26,Completed
2094,4,Marketing,en-US,8138,2025-10-20,2025-10-26,Completed
2095,3,Documentation,en-US,34174,2026-01-02,2026-01-12,Cancelled
2096,28,UI,en-US,1363,2025-10-25,2025-10-27,Completed
2097,2,Marketing,en-US,2229,2026-03-03,2026-03-10,Completed
2098,23,Training,en-US,15437,2025-09-21,2025-09-30,Cancelled
2099,6,Documentation,en-US,48237,2026-01-05,2026-01-29,Completed
2100,5,Marketing,en-US,3424,2025-11-22,2025-12-01,Cancelled
2101,15,Subtitles,en-US,1202,2026-07-12,2026-07-17,QA
2102,8,Training,en-US,18660,2026-03-16,2026-03-31,In Translation
2103,9,Marketing,en-US,8908,2025-11-28,2025-12-04,Completed
2104,9,Marketing,en-US,2356,2026-01-14,2026-01-22,QA
2105,27,Documentation,en-US,23493,2026-02-19,2026-03-03,Completed
2106,16,UI,en-US,1170,2025-09-13,2025-09-15,Cancelled
2107,7,Legal,en-US,17617,2025-10-12,2025-10-22,In Translation
2108,4,Marketing,en-US,4418,2026-04-03,2026-04-11,Completed
2109,23,Legal,en-US,26472,2025-09-15,2025-09-24,QA
2110,4,Documentation,en-US,24338,2026-03-06,2026-03-27,In Translation
2111,15,Training,en-US,19825,2026-02-19,2026-02-27,In Translation
2112,7,UI,en-US,1438,2026-04-15,2026-04-20,Completed
2113,22,Marketing,en-US,10457,2026-05-30,2026-06-03,Completed
2114,15,UI,en-US,751,2025-10-10,2025-10-13,Completed
2115,29,Legal,en-US,11128,2026-06-23,2026-07-04,Completed
2116,16,Subtitles,en-US,4549,2025-09-15,2025-09-19,Completed
2117,9,UI,en-US,2554,2025-11-21,2025-11-23,Completed
2118,14,Documentation,en-US,19871,2026-04-17,2026-05-09,QA
2119,14,Training,en-US,13935,2026-04-23,2026-04-28,In Translation
2120,9,Marketing,en-US,2602,2026-07-07,2026-07-10,Cancelled
2121,13,Subtitles,en-US,3661,2026-02-12,2026-02-14,Completed
2122,7,Legal,en-US,10788,2026-07-12,2026-07-28,Completed
2123,17,Training,en-US,19174,2025-09-14,2025-09-27,In Translation
2124,4,Subtitles,en-US,608,2026-01-07,2026-01-09,Completed
2125,8,UI,en-US,517,2026-07-12,2026-07-14,QA
2126,9,Documentation,en-US,14315,2026-05-19,2026-06-01,Completed
2127,8,Training,en-US,16256,2025-09-18,2025-09-29,In Translation
2128,4,Documentation,en-US,27581,2026-04-04,2026-04-29,Completed
2129,6,Documentation,en-US,32782,2026-07-21,2026-08-09,Cancelled
2130,20,Marketing,en-US,1050,2026-02-28,2026-03-04,Completed
2131,17,Subtitles,en-US,4105,2026-07-15,2026-07-18,Cancelled
2132,8,Documentation,en-US,30651,2025-09-23,2025-10-05,Completed
2133,6,Marketing,en-US,8458,2025-11-24,2025-11-29,Completed
2134,22,Legal,en-US,19022,2025-08-19,2025-08-31,Completed
2135,6,Marketing,en-US,2261,2026-02-25,2026-03-02,Cancelled
2136,25,UI,en-US,2733,2026-02-15,2026-02-19,In Translation
2137,19,UI,en-US,2300,2026-04-29,2026-05-02,In Translation
2138,4,UI,en-US,371,2025-09-07,2025-09-13,Cancelled
2139,10,Documentation,en-US,44424,2025-10-03,2025-10-18,Completed
2140,25,UI,en-US,709,2025-11-24,2025-11-28,Cancelled
2141,11,Legal,en-US,21078,2026-06-15,2026-07-03,Completed
2142,18,Marketing,en-US,11869,2026-06-30,2026-07-10,Completed
2143,12,Legal,en-US,5444,2025-09-18,2025-10-08,Completed
2144,10,Subtitles,en-US,2933,2026-05-02,2026-05-07,Cancelled
2145,28,Training,en-US,18871,2025-08-04,2025-08-10,Completed
2146,22,Training,en-US,3679,2026-05-17,2026-05-24,In Translation
2147,28,Documentation,en-US,19282,2025-11-24,2025-12-15,In Translation
2148,1,Documentation,en-US,47852,2026-06-30,2026-07-23,Completed
2149,7,Subtitles,en-US,931,2025-12-31,2026-01-02,In Translation
2150,21,UI,en-US,1421,2025-12-30,2026-01-06,Cancelled
2151,18,Legal,en-US,22265,2025-11-18,2025-11-27,Completed
2152,30,Subtitles,en-US,3057,2026-01-12,2026-01-15,In Translation
2153,19,Legal,en-US,14052,2026-05-09,2026-05-20,Completed
2154,2,Training,en-US,14248,2026-07-21,2026-08-04,Completed
2155,14,Legal,en-US,23568,2026-06-08,2026-06-27,Completed
2156,10,UI,en-US,334,2026-07-06,2026-07-11,Cancelled
2157,5,Legal,en-US,27312,2026-03-28,2026-04-06,QA
2158,10,Training,en-US,8328,2026-07-21,2026-07-30,In Translation
2159,10,UI,en-US,1507,2026-05-06,2026-05-08,In Translation
2160,2,Documentation,en-US,28547,2025-11-07,2025-11-20,Completed
2161,16,Marketing,en-US,1083,2025-09-21,2025-09-30,Completed
2162,22,UI,en-US,504,2026-05-22,2026-05-26,Completed
2163,12,Marketing,en-US,9224,2025-10-04,2025-10-09,Completed
2164,23,Marketing,en-US,3337,2025-09-03,2025-09-09,In Translation
2165,19,UI,en-US,1491,2025-09-13,2025-09-16,Completed
2166,16,Marketing,en-US,5075,2025-10-03,2025-10-12,In Translation
2167,13,UI,en-US,1370,2025-08-03,2025-08-07,QA
2168,10,Documentation,en-US,46956,2026-05-16,2026-06-08,Cancelled
2169,29,Marketing,en-US,10472,2026-03-18,2026-03-23,Cancelled
2170,25,Documentation,en-US,26385,2026-03-20,2026-04-03,In Translation
2171,18,Documentation,en-US,29730,2025-11-04,2025-11-23,Completed
2172,10,Training,en-US,18111,2026-03-16,2026-03-29,Completed
2173,13,Legal,en-US,8147,2026-03-01,2026-03-10,QA
2174,15,Subtitles,en-US,2766,2026-03-18,2026-03-23,Cancelled
2175,23,Marketing,en-US,8673,2025-10-21,2025-10-29,In Translation
2176,15,Legal,en-US,18443,2026-03-12,2026-03-26,Completed
2177,30,Training,en-US,3865,2025-10-22,2025-11-02,Completed
2178,25,Documentation,en-US,29817,2025-10-21,2025-11-07,QA
2179,17,Marketing,en-US,3085,2026-04-16,2026-04-23,Completed
2180,25,Legal,en-US,9126,2025-08-03,2025-08-16,Cancelled
2181,1,Legal,en-US,21974,2025-12-10,2025-12-24,Completed
2182,3,UI,en-US,1406,2025-08-23,2025-08-30,Completed
2183,11,Training,en-US,6191,2026-04-17,2026-04-26,QA
2184,16,Subtitles,en-US,2914,2026-05-22,2026-05-23,Completed
2185,24,Training,en-US,19738,2026-01-25,2026-01-30,Cancelled
2186,7,Training,en-US,7723,2025-09-14,2025-09-27,Cancelled
2187,16,Documentation,en-US,24650,2026-02-04,2026-02-18,Completed
2188,21,Marketing,en-US,1105,2026-06-17,2026-06-27,QA
2189,23,Documentation,en-US,17517,2026-03-15,2026-03-27,Completed
2190,5,Training,en-US,6966,2026-01-22,2026-02-04,Completed
2191,8,Documentation,en-US,16789,2026-04-26,2026-05-21,Completed
2192,27,Training,en-US,17542,2026-04-02,2026-04-13,Completed
2193,30,UI,en-US,1528,2025-12-16,2025-12-21,In Translation
2194,6,Documentation,en-US,45829,2025-10-03,2025-10-21,QA
2195,22,Legal,en-US,26566,2026-06-19,2026-07-05,Completed
2196,14,Documentation,en-US,11419,2025-12-21,2026-01-05,Completed
2197,27,Subtitles,en-US,2171,2026-01-30,2026-02-01,QA
2198,24,Subtitles,en-US,4678,2026-01-24,2026-01-26,In Translation
2199,16,Marketing,en-US,5742,2025-09-15,2025-09-19,QA
2200,16,Marketing,en-US,11939,2025-09-25,2025-10-02,In Translation
2201,13,Subtitles,en-US,1079,2025-10-07,2025-10-11,In Translation
2202,27,Legal,en-US,9855,2025-10-19,2025-10-26,Completed
2203,15,UI,en-US,2611,2025-08-05,2025-08-10,Completed
2204,19,Marketing,en-US,1558,2025-12-29,2026-01-08,Completed
2205,30,Marketing,en-US,3282,2026-05-16,2026-05-26,Cancelled
2206,15,Marketing,en-US,1149,2025-07-29,2025-08-03,Completed
2207,17,Training,en-US,9906,2026-07-18,2026-07-28,Cancelled
2208,17,Legal,en-US,21811,2025-11-05,2025-11-13,Completed
2209,21,Documentation,en-US,33059,2025-12-31,2026-01-20,In Translation
2210,23,Documentation,en-US,28241,2025-10-18,2025-11-06,In Translation
2211,3,Subtitles,en-US,4162,2026-05-08,2026-05-12,In Translation
2212,20,Subtitles,en-US,1677,2026-04-10,2026-04-15,Cancelled
2213,30,Training,en-US,11494,2025-10-10,2025-10-17,Cancelled
2214,11,Training,en-US,14406,2026-05-14,2026-05-28,QA
2215,27,Legal,en-US,7214,2025-10-11,2025-10-18,Completed
2216,28,Subtitles,en-US,1503,2025-08-18,2025-08-20,Completed
2217,22,UI,en-US,2345,2025-09-30,2025-10-07,In Translation
2218,11,Documentation,en-US,25506,2026-07-19,2026-08-01,Completed
2219,24,Legal,en-US,29766,2026-01-10,2026-01-23,Completed
2220,2,Training,en-US,11207,2026-06-25,2026-07-01,Completed
2221,28,Subtitles,en-US,797,2026-03-20,2026-03-24,Completed
2222,20,Subtitles,en-US,441,2026-01-30,2026-02-01,Completed
2223,4,Subtitles,en-US,3882,2026-04-17,2026-04-21,Completed
2224,21,Training,en-US,9544,2025-11-27,2025-12-05,Completed
2225,16,Legal,en-US,27244,2026-06-25,2026-07-06,Completed
2226,7,Subtitles,en-US,1527,2026-01-17,2026-01-21,QA
2227,26,Documentation,en-US,15637,2026-07-03,2026-07-13,Cancelled
2228,22,UI,en-US,1133,2025-10-27,2025-10-29,Completed
2229,29,UI,en-US,1772,2026-01-06,2026-01-11,QA
2230,18,UI,en-US,1695,2025-12-28,2025-12-31,Cancelled
2231,24,Subtitles,en-US,4526,2026-05-21,2026-05-25,Completed
2232,27,Documentation,en-US,47379,2025-08-09,2025-09-03,QA
2233,12,Marketing,en-US,11133,2026-03-17,2026-03-22,Completed
2234,15,Legal,en-US,25495,2026-05-05,2026-05-18,Completed
2235,19,UI,en-US,820,2026-06-09,2026-06-15,Completed
2236,4,UI,en-US,2342,2025-12-18,2025-12-21,Completed
2237,20,Training,en-US,13843,2026-04-29,2026-05-04,Completed
2238,27,Marketing,en-US,5118,2025-11-22,2025-12-01,Cancelled
2239,12,UI,en-US,946,2025-12-24,2025-12-28,Completed
2240,18,Training,en-US,10910,2026-03-18,2026-03-31,QA
2241,17,Marketing,en-US,7540,2026-07-23,2026-07-26,QA
2242,23,UI,en-US,2687,2026-05-08,2026-05-13,Completed
2243,21,UI,en-US,432,2026-03-03,2026-03-07,In Translation
2244,9,Documentation,en-US,31924,2026-03-11,2026-03-22,Completed
2245,7,Training,en-US,13800,2026-02-17,2026-03-04,Completed
2246,8,Legal,en-US,7389,2026-02-12,2026-03-03,QA
2247,29,Training,en-US,4158,2026-03-30,2026-04-09,Completed
2248,14,Training,en-US,5640,2026-06-29,2026-07-12,In Translation
2249,5,Marketing,en-US,1683,2026-04-23,2026-04-27,Completed
2250,16,Training,en-US,10380,2026-05-25,2026-06-09,Completed
2251,14,Legal,en-US,14942,2025-08-07,2025-08-26,Completed
2252,1,UI,en-US,407,2026-02-11,2026-02-14,QA
2253,20,Legal,en-US,27345,2025-09-04,2025-09-21,Cancelled
2254,1,Training,en-US,18799,2026-01-15,2026-01-20,In Translation
2255,25,Legal,en-US,27788,2026-01-17,2026-01-26,In Translation
2256,23,Legal,en-US,23007,2026-06-10,2026-06-19,Completed
2257,15,UI,en-US,2821,2026-06-29,2026-07-03,Completed
2258,7,Marketing,en-US,8152,2025-08-09,2025-08-12,Completed
2259,8,UI,en-US,2710,2026-06-29,2026-07-01,Completed
2260,14,Subtitles,en-US,4592,2025-10-27,2025-11-01,Completed
2261,26,UI,en-US,1323,2026-02-10,2026-02-12,Completed
2262,2,Documentation,en-US,38741,2026-02-17,2026-03-04,Completed
2263,2,Marketing,en-US,6728,2025-12-24,2025-12-30,Completed
2264,5,Training,en-US,16035,2026-05-05,2026-05-17,Cancelled
2265,4,Subtitles,en-US,829,2025-08-08,2025-08-09,Completed
2266,18,Documentation,en-US,42435,2026-02-25,2026-03-18,Completed
2267,15,Subtitles,en-US,2679,2025-12-21,2025-12-24,QA
2268,10,Subtitles,en-US,2200,2026-02-09,2026-02-14,Completed
2269,11,Subtitles,en-US,4635,2026-05-17,2026-05-22,Completed
2270,2,Marketing,en-US,7731,2026-03-25,2026-04-04,Completed
2271,3,Documentation,en-US,18987,2025-08-12,2025-08-29,Completed
2272,24,Training,en-US,9906,2025-10-05,2025-10-11,Completed
2273,24,Documentation,en-US,12350,2025-11-14,2025-12-01,Cancelled
2274,15,Subtitles,en-US,3917,2026-01-10,2026-01-11,Completed
2275,16,UI,en-US,1407,2025-12-25,2025-12-29,QA
2276,13,Marketing,en-US,2384,2026-07-02,2026-07-05,Completed
2277,28,Training,en-US,15580,2025-11-19,2025-12-01,Completed
2278,28,Legal,en-US,17604,2026-05-20,2026-06-03,Completed
2279,8,Documentation,en-US,34859,2026-06-10,2026-06-25,Cancelled
2280,14,Training,en-US,4712,2025-11-12,2025-11-27,Completed
2281,2,Training,en-US,14396,2026-01-19,2026-01-24,QA
2282,25,Marketing,en-US,5301,2025-09-26,2025-10-02,Completed
2283,11,Subtitles,en-US,3755,2026-01-04,2026-01-08,Cancelled
2284,30,Subtitles,en-US,667,2025-11-15,2025-11-16,QA
2285,13,Subtitles,en-US,2554,2026-03-19,2026-03-24,In Translation
2286,14,Training,en-US,11522,2026-07-15,2026-07-22,In Translation
2287,15,Subtitles,en-US,2151,2025-08-14,2025-08-16,Completed
2288,9,Subtitles,en-US,2447,2026-04-17,2026-04-18,Completed
2289,25,Training,en-US,12693,2026-02-09,2026-02-19,QA
2290,13,UI,en-US,2821,2026-07-09,2026-07-13,Completed
2291,9,Subtitles,en-US,2252,2025-09-17,2025-09-22,Completed
2292,4,Marketing,en-US,10313,2026-01-20,2026-01-28,Completed
2293,28,Documentation,en-US,39085,2026-06-11,2026-07-05,Completed
2294,15,UI,en-US,2210,2026-03-31,2026-04-02,Completed
2295,16,Subtitles,en-US,4759,2026-01-15,2026-01-17,In Translation
2296,2,Training,en-US,5606,2025-08-28,2025-09-06,QA
2297,18,Marketing,en-US,2049,2026-04-30,2026-05-10,Completed
2298,9,Marketing,en-US,5252,2026-02-03,2026-02-13,Completed
2299,8,Subtitles,en-US,1629,2025-09-05,2025-09-07,QA
2300,21,UI,en-US,1253,2025-10-01,2025-10-03,Cancelled
2301,2,Documentation,en-US,43208,2026-05-22,2026-06-15,QA
2302,11,UI,en-US,2566,2026-03-08,2026-03-15,Completed
2303,2,Subtitles,en-US,2322,2026-07-23,2026-07-26,Completed
2304,22,Marketing,en-US,9854,2026-07-06,2026-07-09,QA
2305,8,Marketing,en-US,2788,2026-04-20,2026-04-24,QA
2306,15,UI,en-US,2393,2026-02-21,2026-02-23,Completed
2307,7,Marketing,en-US,10344,2025-09-14,2025-09-22,Cancelled
2308,14,UI,en-US,2929,2025-12-23,2025-12-28,Completed
2309,5,UI,en-US,1637,2025-12-31,2026-01-06,Completed
2310,11,Legal,en-US,26364,2025-11-26,2025-12-08,In Translation
2311,10,Training,en-US,4020,2026-01-15,2026-01-22,Completed
2312,2,Marketing,en-US,3458,2025-08-02,2025-08-05,Completed
2313,20,Documentation,en-US,30519,2025-10-01,2025-10-22,Completed
2314,13,Training,en-US,4068,2026-01-16,2026-01-31,Cancelled
2315,5,Legal,en-US,29989,2026-03-10,2026-03-27,Completed
2316,3,Documentation,en-US,47054,2026-07-07,2026-07-30,QA
2317,24,UI,en-US,2461,2026-04-26,2026-04-28,QA
2318,16,Subtitles,en-US,4496,2026-07-06,2026-07-11,In Translation
2319,11,Marketing,en-US,4195,2025-10-10,2025-10-17,Completed
2320,11,Documentation,en-US,33721,2026-07-01,2026-07-18,In Translation
2321,11,Subtitles,en-US,1145,2026-01-16,2026-01-18,In Translation
2322,24,Legal,en-US,16858,2025-08-28,2025-09-05,Completed
2323,18,Training,en-US,5504,2025-10-29,2025-11-08,Cancelled
2324,16,Training,en-US,10548,2025-11-26,2025-12-08,In Translation
2325,8,Training,en-US,7105,2026-04-18,2026-05-01,Completed
2326,25,Legal,en-US,27089,2026-04-01,2026-04-17,Cancelled
2327,5,Training,en-US,11528,2026-07-11,2026-07-20,Completed
2328,11,UI,en-US,633,2026-04-26,2026-05-01,In Translation
2329,17,Documentation,en-US,47749,2026-05-29,2026-06-23,Cancelled
2330,29,Documentation,en-US,21790,2025-09-25,2025-10-19,Completed
2331,6,UI,en-US,2014,2026-04-28,2026-05-02,QA
2332,23,Legal,en-US,29341,2026-05-04,2026-05-12,Completed
2333,28,UI,en-US,2067,2025-09-09,2025-09-11,Cancelled
2334,6,UI,en-US,842,2025-08-28,2025-09-03,QA
2335,30,Legal,en-US,18839,2025-09-06,2025-09-18,Completed
2336,13,Subtitles,en-US,4762,2026-04-24,2026-04-26,Cancelled
2337,10,UI,en-US,1679,2026-01-14,2026-01-18,QA
2338,20,Training,en-US,6531,2026-03-27,2026-04-01,Completed
2339,24,Marketing,en-US,8354,2025-12-11,2025-12-20,Cancelled
2340,15,Subtitles,en-US,3769,2025-08-26,2025-08-29,In Translation
2341,23,Documentation,en-US,22022,2026-02-12,2026-02-24,Completed
2342,29,UI,en-US,2731,2026-04-24,2026-04-30,Completed
2343,22,Subtitles,en-US,3915,2025-12-20,2025-12-24,Completed
2344,15,Documentation,en-US,43336,2026-05-02,2026-05-20,Completed
2345,8,Marketing,en-US,9082,2026-05-27,2026-06-04,Completed
2346,19,Training,en-US,19653,2026-02-07,2026-02-18,Completed
2347,11,Legal,en-US,15439,2026-03-18,2026-04-06,Completed
2348,5,UI,en-US,1162,2025-09-24,2025-09-29,QA
2349,9,Training,en-US,13301,2025-12-18,2025-12-24,Completed
2350,10,Documentation,en-US,17769,2026-02-22,2026-03-13,Completed
2351,16,Legal,en-US,12328,2025-12-18,2025-12-27,Completed
2352,30,Marketing,en-US,10931,2025-08-10,2025-08-14,Completed
2353,22,Marketing,en-US,3310,2026-05-18,2026-05-22,Completed
2354,18,Training,en-US,8532,2025-09-28,2025-10-03,QA
2355,29,UI,en-US,2511,2026-07-13,2026-07-19,Completed
2356,1,Legal,en-US,5844,2025-12-01,2025-12-13,Completed
2357,10,Training,en-US,16975,2026-02-28,2026-03-12,QA
2358,5,Legal,en-US,14664,2026-06-27,2026-07-05,Cancelled
2359,23,UI,en-US,2120,2026-04-06,2026-04-11,In Translation
2360,9,UI,en-US,860,2026-06-24,2026-06-28,Cancelled
2361,22,UI,en-US,1748,2025-09-20,2025-09-22,Cancelled
2362,26,Documentation,en-US,14872,2025-09-24,2025-10-14,Completed
2363,17,Marketing,en-US,5523,2026-06-26,2026-07-06,Cancelled
2364,24,Training,en-US,5427,2025-09-18,2025-09-28,Completed
2365,14,UI,en-US,2435,2025-10-01,2025-10-05,Completed
2366,27,Training,en-US,4167,2026-05-18,2026-06-02,Cancelled
2367,1,Documentation,en-US,18970,2026-04-26,2026-05-18,Completed
2368,22,Documentation,en-US,27385,2025-08-12,2025-09-06,Completed
2369,16,Documentation,en-US,42553,2026-01-02,2026-01-21,Completed
2370,7,Subtitles,en-US,926,2025-11-20,2025-11-25,Cancelled
2371,24,Documentation,en-US,10209,2025-11-21,2025-12-14,Completed
2372,16,Training,en-US,9833,2026-05-03,2026-05-10,Completed
2373,14,Subtitles,en-US,2355,2026-05-18,2026-05-23,In Translation
2374,21,Training,en-US,10691,2026-01-13,2026-01-28,Completed
2375,16,Training,en-US,8900,2025-11-13,2025-11-22,Completed
2376,29,Marketing,en-US,11944,2026-03-24,2026-04-03,In Translation
2377,26,Subtitles,en-US,3412,2025-10-02,2025-10-07,Completed
2378,18,Legal,en-US,14680,2025-09-07,2025-09-15,Completed
2379,4,Marketing,en-US,7874,2026-07-07,2026-07-17,Completed
2380,8,Subtitles,en-US,3680,2025-09-13,2025-09-14,Completed
2381,15,Marketing,en-US,11823,2025-10-10,2025-10-14,Completed
2382,23,Legal,en-US,28095,2025-07-25,2025-08-03,In Translation
2383,27,Legal,en-US,24695,2026-03-22,2026-04-04,Cancelled
2384,8,UI,en-US,1491,2026-05-17,2026-05-21,QA
2385,7,Legal,en-US,6992,2025-10-30,2025-11-14,Completed
2386,9,Subtitles,en-US,2801,2025-07-28,2025-08-01,In Translation
2387,26,Legal,en-US,18932,2026-01-18,2026-01-31,Completed
2388,30,UI,en-US,1399,2026-02-02,2026-02-07,Cancelled
2389,8,Marketing,en-US,11424,2026-06-21,2026-06-24,Completed
2390,15,Legal,en-US,12251,2026-02-02,2026-02-18,Completed
2391,18,Documentation,en-US,17229,2026-02-20,2026-03-12,Completed
2392,20,Training,en-US,3652,2026-06-02,2026-06-07,In Translation
2393,3,Subtitles,en-US,2930,2025-07-26,2025-07-29,QA
2394,3,Subtitles,en-US,603,2026-03-17,2026-03-22,Completed
2395,12,Training,en-US,9502,2026-07-01,2026-07-08,QA
2396,13,Subtitles,en-US,2078,2026-01-31,2026-02-03,Completed
2397,30,Marketing,en-US,6431,2025-10-24,2025-11-02,Completed
2398,18,Subtitles,en-US,2237,2025-10-16,2025-10-17,Completed
2399,28,UI,en-US,2456,2026-03-09,2026-03-11,QA
2400,13,Legal,en-US,6385,2026-04-06,2026-04-15,Completed
2401,10,UI,en-US,1242,2026-01-24,2026-01-31,Cancelled
2402,8,UI,en-US,1415,2026-01-16,2026-01-23,Completed
2403,27,Legal,en-US,26472,2025-12-30,2026-01-12,Completed
2404,27,Subtitles,en-US,2411,2026-01-11,2026-01-12,Completed
2405,3,Training,en-US,16611,2025-08-23,2025-08-28,Completed
2406,24,Training,en-US,7975,2026-03-14,2026-03-20,Cancelled
2407,19,Legal,en-US,11366,2026-03-14,2026-04-03,QA
2408,28,Marketing,en-US,6303,2025-07-26,2025-08-04,QA
2409,24,UI,en-US,1537,2025-10-27,2025-10-31,In Translation
2410,7,UI,en-US,1382,2026-07-01,2026-07-08,QA
2411,16,Legal,en-US,14543,2026-02-21,2026-03-06,Completed
2412,8,Legal,en-US,23382,2025-11-09,2025-11-20,In Translation
2413,10,Subtitles,en-US,4568,2026-03-21,2026-03-26,Completed
2414,13,UI,en-US,2335,2026-03-25,2026-04-01,In Translation
2415,12,Training,en-US,6548,2026-02-25,2026-03-09,Completed
2416,19,UI,en-US,1927,2026-06-07,2026-06-10,In Translation
2417,12,Legal,en-US,23453,2026-06-09,2026-06-17,Cancelled
2418,10,Marketing,en-US,3355,2025-10-12,2025-10-16,Completed
2419,18,Documentation,en-US,23610,2025-08-11,2025-09-05,QA
2420,8,UI,en-US,878,2025-10-03,2025-10-08,QA
2421,27,Legal,en-US,22150,2025-09-19,2025-10-07,QA
2422,25,Documentation,en-US,13862,2025-08-14,2025-09-08,Completed
2423,14,Marketing,en-US,6535,2026-04-03,2026-04-08,Completed
2424,11,Subtitles,en-US,4831,2025-12-06,2025-12-11,In Translation
2425,28,UI,en-US,1398,2025-08-07,2025-08-14,Completed
2426,25,Training,en-US,19014,2025-09-18,2025-10-01,In Translation
2427,11,Subtitles,en-US,2131,2026-06-20,2026-06-23,In Translation
2428,23,Legal,en-US,21856,2025-08-05,2025-08-20,Cancelled
2429,24,UI,en-US,730,2026-04-09,2026-04-14,Cancelled
2430,3,Legal,en-US,9170,2026-03-05,2026-03-24,Completed
2431,6,Training,en-US,6980,2026-06-14,2026-06-21,Completed
2432,15,UI,en-US,459,2026-03-15,2026-03-20,In Translation
2433,6,Subtitles,en-US,4497,2025-11-16,2025-11-20,Completed
2434,24,Training,en-US,16701,2025-11-29,2025-12-10,Completed
2435,10,UI,en-US,2083,2026-07-16,2026-07-20,Cancelled
2436,30,Subtitles,en-US,2420,2025-08-27,2025-09-01,Completed
2437,20,Marketing,en-US,10237,2025-08-12,2025-08-17,Completed
2438,10,Training,en-US,9699,2025-09-04,2025-09-18,Cancelled
2439,12,Training,en-US,11232,2026-01-01,2026-01-13,In Translation
2440,7,Marketing,en-US,3217,2025-10-01,2025-10-06,QA
2441,23,Legal,en-US,5321,2025-09-24,2025-10-06,In Translation
2442,6,Documentation,en-US,40834,2026-04-11,2026-04-23,Completed
2443,10,Subtitles,en-US,1737,2025-11-11,2025-11-13,Cancelled
2444,4,Training,en-US,18027,2026-03-18,2026-03-28,Completed
2445,2,Training,en-US,18358,2026-04-06,2026-04-20,Completed
2446,3,Marketing,en-US,11425,2026-04-18,2026-04-24,Completed
2447,21,UI,en-US,1089,2026-04-21,2026-04-25,Completed
2448,27,Legal,en-US,24151,2026-03-12,2026-03-30,Completed
2449,12,Training,en-US,16214,2026-03-03,2026-03-12,QA
2450,18,Subtitles,en-US,1859,2026-05-25,2026-05-26,QA
2451,5,UI,en-US,1186,2026-02-27,2026-03-03,Completed
2452,9,Training,en-US,6352,2025-09-30,2025-10-07,QA
2453,19,Subtitles,en-US,3337,2026-01-16,2026-01-19,QA
2454,25,Training,en-US,12084,2026-05-11,2026-05-25,Cancelled
2455,30,Legal,en-US,11858,2026-03-05,2026-03-14,Completed
2456,26,Documentation,en-US,24184,2025-12-10,2025-12-22,QA
2457,5,Documentation,en-US,20801,2026-07-20,2026-08-14,Completed
2458,11,UI,en-US,513,2025-08-06,2025-08-09,QA
2459,26,Legal,en-US,18939,2025-08-29,2025-09-15,In Translation
2460,11,Marketing,en-US,9198,2026-05-18,2026-05-22,Completed
2461,18,Legal,en-US,17363,2025-11-17,2025-12-06,In Translation
2462,23,Legal,en-US,16632,2025-11-26,2025-12-07,QA
2463,11,Training,en-US,5562,2025-12-14,2025-12-28,Completed
2464,6,Subtitles,en-US,2475,2026-07-07,2026-07-09,In Translation
2465,18,Legal,en-US,21059,2025-12-18,2026-01-05,Completed
2466,22,UI,en-US,2585,2026-06-07,2026-06-12,Cancelled
2467,12,Documentation,en-US,11657,2025-08-19,2025-09-09,In Translation
2468,25,Subtitles,en-US,3034,2026-05-14,2026-05-18,Completed
2469,20,Training,en-US,9258,2026-01-05,2026-01-16,Completed
2470,6,Subtitles,en-US,287,2026-06-16,2026-06-18,In Translation
2471,12,Training,en-US,9386,2026-02-22,2026-02-27,QA
2472,10,Marketing,en-US,2541,2025-08-18,2025-08-26,Completed
2473,17,UI,en-US,2785,2025-11-14,2025-11-18,Completed
2474,21,Marketing,en-US,11513,2026-01-22,2026-02-01,In Translation
2475,2,Subtitles,en-US,2272,2025-09-14,2025-09-17,Cancelled
2476,2,Training,en-US,3997,2025-09-09,2025-09-21,QA
2477,21,Legal,en-US,21066,2026-04-19,2026-04-28,In Translation
2478,24,Subtitles,en-US,4669,2026-06-22,2026-06-23,Completed
2479,12,UI,en-US,2810,2025-11-07,2025-11-14,Completed
2480,23,Subtitles,en-US,1649,2025-11-28,2025-11-30,Completed
2481,14,UI,en-US,529,2026-02-13,2026-02-18,Cancelled
2482,23,UI,en-US,1587,2025-12-31,2026-01-02,QA
2483,9,Documentation,en-US,11092,2026-02-12,2026-03-04,Cancelled
2484,28,Marketing,en-US,3772,2025-10-13,2025-10-21,QA
2485,1,Subtitles,en-US,3502,2026-04-20,2026-04-24,Cancelled
2486,22,UI,en-US,566,2025-10-13,2025-10-16,QA
2487,5,Subtitles,en-US,2384,2026-03-18,2026-03-19,Completed
2488,15,UI,en-US,1428,2025-08-15,2025-08-21,Completed
2489,23,Training,en-US,16410,2025-09-04,2025-09-11,Cancelled
2490,24,UI,en-US,1574,2026-03-02,2026-03-06,QA
2491,12,UI,en-US,1698,2026-05-03,2026-05-08,QA
2492,27,Subtitles,en-US,905,2026-03-25,2026-03-30,In Translation
2493,3,UI,en-US,670,2026-02-14,2026-02-17,Cancelled
2494,3,Documentation,en-US,30807,2025-08-27,2025-09-06,Completed
2495,26,UI,en-US,1190,2026-01-27,2026-02-03,Completed
2496,15,UI,en-US,1310,2026-05-01,2026-05-05,Cancelled
2497,21,Documentation,en-US,18698,2026-04-17,2026-05-06,Completed
2498,13,Subtitles,en-US,2551,2026-03-15,2026-03-17,Completed
2499,5,Training,en-US,13339,2026-07-21,2026-08-01,Completed
2500,27,Documentation,en-US,27878,2026-05-26,2026-06-11,Completed
