project_id,target_locale,qa_score,issues_found,critical_errors,major_errors,minor_errors,review_time_hours,passed
2,zh-CN,98.0,4,0,0,4,5.46,True
2,de-DE,95.0,4,0,2,2,1.47,True
2,es-ES,92.0,7,0,3,4,2.37,True
2,fr-FR,97.5,5,0,0,5,5.04,True
2,ja-JP,98.0,1,0,1,0,2.27,True
7,de-DE,95.5,6,0,1,5,5.13,True
7,es-ES,97.0,6,0,0,6,2.73,True
7,fr-FR,97.0,3,0,1,2,4.28,True
7,da-DK,98.0,4,0,0,4,6.82,True
13,zh-CN,94.0,9,0,1,8,7.27,True
13,fr-FR,91.0,9,0,3,6,6.82,False
13,de-DE,98.0,4,0,0,4,7.82,True
14,es-ES,97.5,2,0,1,1,5.68,True
14,nl-NL,100.0,0,0,0,0,2.38,True
14,de-DE,94.5,5,0,2,3,2.43,True
14,fr-FR,95.0,4,0,2,2,1.06,True
14,it-IT,96.5,4,0,1,3,7.14,True
19,ja-JP,99.5,1,0,0,1,1.56,True
19,de-DE,97.0,6,0,0,6,1.74,True
19,es-ES,98.0,1,0,1,0,4.06,True
19,fr-FR,92.5,6,0,3,3,5.15,True
19,it-IT,83.0,9,1,2,6,4.91,False
20,de-DE,92.5,9,0,2,7,1.41,True
21,zh-CN,87.0,14,0,4,10,3.24,False
24,fr-FR,98.5,3,0,0,3,6.27,True
24,de-DE,96.0,2,0,2,0,3.92,True
24,ja-JP,96.5,4,0,1,3,5.16,True
24,es-ES,98.0,4,0,0,4,5.64,True
25,en-US,97.5,5,0,0,5,4.26,True
25,de-DE,96.5,4,0,1,3,3.9,True
25,fr-FR,86.0,3,1,2,0,6.22,False
28,es-ES,95.0,7,0,1,6,3.49,True
28,pt-BR,91.5,5,0,4,1,6.68,False
28,it-IT,93.0,11,0,1,10,3.26,True
28,fr-FR,91.5,11,0,2,9,5.01,False
28,de-DE,98.5,3,0,0,3,7.64,True
32,de-DE,100.0,0,0,0,0,6.15,True
32,en-US,99.5,1,0,0,1,7.05,True
32,fr-FR,97.5,2,0,1,1,3.94,True
32,ja-JP,78.0,3,2,1,0,3.9,False
35,fr-FR,90.0,5,0,5,0,5.26,False
36,zh-CN,91.0,12,0,2,10,7.02,False
36,ja-JP,95.5,6,0,1,5,2.24,True
36,de-DE,97.0,3,0,1,2,2.74,True
37,fr-FR,92.0,10,0,2,8,3.64,True
37,de-DE,91.0,9,0,3,6,5.05,False
37,en-US,94.5,8,0,1,7,1.97,True
37,ja-JP,97.0,3,0,1,2,3.22,True
39,fr-FR,98.5,3,0,0,3,4.71,True
39,de-DE,89.5,2,1,0,1,4.81,False
39,zh-CN,99.5,1,0,0,1,2.89,True
42,de-DE,94.0,3,0,3,0,1.62,True
42,fr-FR,96.0,5,0,1,4,6.41,True
42,en-GB,92.0,10,0,2,8,3.64,True
49,de-DE,81.5,6,1,4,1,3.93,False
49,es-ES,87.0,14,0,4,10,5.43,False
49,ja-JP,95.0,4,0,2,2,7.96,True
49,fr-FR,93.5,7,0,2,5,5.87,True
51,de-DE,95.0,10,0,0,10,2.32,True
51,fr-FR,97.5,2,0,1,1,5.0,True
51,ja-JP,93.5,7,0,2,5,2.23,True
53,fr-FR,88.5,4,1,0,3,5.88,False
53,ja-JP,92.5,9,0,2,7,2.3,True
53,zh-CN,94.5,8,0,1,7,1.66,True
53,de-DE,99.0,2,0,0,2,1.45,True
54,en-US,98.5,3,0,0,3,4.71,True
54,de-DE,89.5,2,1,0,1,1.03,False
54,ja-JP,99.5,1,0,0,1,2.42,True
55,fr-FR,87.0,4,1,1,2,2.34,False
57,fr-FR,94.0,3,0,3,0,7.89,True
57,ja-JP,91.5,11,0,2,9,3.52,False
57,es-ES,94.5,5,0,2,3,6.0,True
61,en-GB,100.0,0,0,0,0,6.17,True
61,de-DE,97.5,2,0,1,1,4.78,True
61,fr-FR,89.5,2,1,0,1,5.38,False
62,it-IT,95.5,6,0,1,5,4.67,True
64,ja-JP,97.5,2,0,1,1,5.04,True
65,es-ES,97.5,2,0,1,1,5.19,True
65,fr-FR,98.5,3,0,0,3,7.13,True
65,it-IT,99.0,2,0,0,2,2.71,True
65,de-DE,100.0,0,0,0,0,4.28,True
65,ja-JP,92.0,4,0,4,0,6.39,True
66,fr-FR,96.0,8,0,0,8,3.18,True
66,nl-NL,95.5,3,0,2,1,7.2,True
67,de-DE,96.0,5,0,1,4,4.03,True
67,ja-JP,78.0,6,2,0,4,2.56,False
67,fr-FR,75.5,11,2,0,9,1.43,False
67,es-ES,89.0,3,1,0,2,6.38,False
69,fr-FR,85.5,14,0,5,9,4.67,False
69,es-ES,100.0,0,0,0,0,6.25,True
69,zh-CN,98.0,4,0,0,4,7.49,True
72,fr-FR,86.0,9,1,0,8,3.46,False
72,en-GB,100.0,0,0,0,0,3.19,True
72,de-DE,97.5,5,0,0,5,6.42,True
73,ja-JP,93.0,8,0,2,6,2.28,True
73,zh-CN,99.0,2,0,0,2,1.12,True
74,es-ES,98.0,4,0,0,4,2.39,True
74,fr-FR,94.0,9,0,1,8,6.03,True
75,fr-FR,99.5,1,0,0,1,1.51,True
75,nl-NL,96.5,4,0,1,3,4.81,True
75,it-IT,94.0,9,0,1,8,6.94,True
75,es-ES,99.0,2,0,0,2,7.12,True
76,de-DE,86.0,9,1,0,8,6.42,False
76,da-DK,97.5,5,0,0,5,6.93,True
76,fr-FR,100.0,0,0,0,0,7.48,True
76,es-ES,94.0,6,0,2,4,3.62,True
80,it-IT,96.0,2,0,2,0,3.42,True
80,ja-JP,89.0,3,1,0,2,4.11,False
80,es-ES,96.0,8,0,0,8,5.6,True
80,fr-FR,98.0,1,0,1,0,4.19,True
81,de-DE,95.5,6,0,1,5,1.46,True
82,fr-FR,94.5,5,0,2,3,2.16,True
82,de-DE,98.0,1,0,1,0,6.74,True
82,ja-JP,88.0,12,0,4,8,1.51,False
82,zh-CN,98.5,3,0,0,3,7.02,True
83,fr-FR,96.5,7,0,0,7,7.11,True
83,nl-NL,97.0,6,0,0,6,3.92,True
83,es-ES,100.0,0,0,0,0,3.29,True
83,it-IT,91.0,12,0,2,10,1.95,False
83,de-DE,97.5,2,0,1,1,5.21,True
85,pt-BR,95.5,9,0,0,9,6.25,True
85,ja-JP,95.5,3,0,2,1,2.75,True
85,de-DE,95.5,9,0,0,9,4.93,True
85,es-ES,100.0,0,0,0,0,7.39,True
85,fr-FR,78.5,12,1,4,7,4.37,False
87,zh-CN,98.0,4,0,0,4,5.14,True
87,fr-FR,93.5,7,0,2,5,6.16,True
87,ko-KR,100.0,0,0,0,0,3.88,True
87,de-DE,98.5,3,0,0,3,5.59,True
91,fr-FR,98.0,1,0,1,0,3.24,True
91,it-IT,89.5,9,0,4,5,2.91,False
103,de-DE,92.0,7,0,3,4,3.34,True
103,ja-JP,98.5,3,0,0,3,7.38,True
103,es-ES,100.0,0,0,0,0,1.36,True
103,it-IT,98.5,3,0,0,3,2.62,True
103,fr-FR,100.0,0,0,0,0,7.58,True
107,fr-FR,99.5,1,0,0,1,2.79,True
107,es-ES,94.5,5,0,2,3,2.94,True
109,ja-JP,86.0,6,1,1,4,4.41,False
109,fr-FR,99.5,1,0,0,1,3.65,True
110,fr-FR,100.0,0,0,0,0,3.76,True
110,zh-CN,92.5,9,0,2,7,6.56,True
110,es-ES,98.5,3,0,0,3,4.8,True
110,de-DE,97.5,2,0,1,1,5.48,True
110,ja-JP,91.0,9,0,3,6,5.75,False
112,en-US,99.5,1,0,0,1,5.07,True
112,fr-FR,100.0,0,0,0,0,3.77,True
112,ja-JP,95.5,9,0,0,9,3.61,True
114,es-ES,96.5,4,0,1,3,7.63,True
114,fr-FR,87.5,6,1,0,5,3.99,False
114,de-DE,97.0,3,0,1,2,2.05,True
115,da-DK,97.5,2,0,1,1,2.71,True
115,es-ES,98.0,4,0,0,4,7.15,True
115,de-DE,95.5,3,0,2,1,2.46,True
115,fr-FR,91.5,5,0,4,1,3.57,False
117,fr-FR,93.0,5,0,3,2,4.65,True
117,en-US,99.5,1,0,0,1,6.64,True
117,es-ES,93.5,4,0,3,1,7.06,True
117,de-DE,97.0,6,0,0,6,4.42,True
118,zh-CN,97.0,3,0,1,2,6.09,True
118,de-DE,93.0,5,0,3,2,4.24,True
118,ja-JP,96.0,5,0,1,4,5.03,True
118,fr-FR,96.0,5,0,1,4,3.55,True
119,es-ES,91.0,6,0,4,2,4.35,False
121,es-ES,98.0,1,0,1,0,7.51,True
121,de-DE,95.5,3,0,2,1,3.4,True
121,ja-JP,92.5,6,0,3,3,6.94,True
121,fr-FR,92.5,6,0,3,3,6.22,True
124,en-US,98.0,4,0,0,4,7.76,True
124,ja-JP,97.5,2,0,1,1,2.5,True
124,de-DE,95.5,3,0,2,1,1.73,True
124,fr-FR,94.5,5,0,2,3,5.63,True
125,fr-FR,95.0,4,0,2,2,7.46,True
126,fr-FR,96.5,4,0,1,3,2.27,True
126,ja-JP,100.0,0,0,0,0,1.22,True
126,es-ES,95.0,10,0,0,10,7.42,True
126,de-DE,92.0,4,0,4,0,2.02,True
126,en-GB,98.0,1,0,1,0,6.82,True
127,ko-KR,97.0,6,0,0,6,6.88,True
127,ja-JP,96.5,4,0,1,3,5.49,True
127,fr-FR,96.0,5,0,1,4,2.81,True
128,en-US,86.0,6,1,1,4,3.83,False
128,fr-FR,97.5,5,0,0,5,3.43,True
128,es-ES,72.5,11,2,2,7,2.35,False
128,de-DE,97.0,6,0,0,6,2.5,True
130,de-DE,98.5,3,0,0,3,3.58,True
133,fr-FR,96.5,4,0,1,3,1.86,True
135,ko-KR,93.5,4,0,3,1,5.97,True
135,fr-FR,99.5,1,0,0,1,1.03,True
135,de-DE,97.0,6,0,0,6,3.59,True
135,es-ES,96.5,7,0,0,7,1.86,True
135,ja-JP,97.0,6,0,0,6,4.11,True
138,ja-JP,76.0,7,2,1,4,4.67,False
138,de-DE,94.5,5,0,2,3,7.29,True
139,da-DK,99.0,2,0,0,2,2.44,True
139,fr-FR,87.5,10,0,5,5,5.03,False
139,de-DE,96.5,7,0,0,7,1.8,True
139,es-ES,92.5,6,0,3,3,2.36,True
141,es-ES,94.5,8,0,1,7,7.94,True
143,es-ES,90.5,7,0,4,3,6.85,False
143,fr-FR,91.5,11,0,2,9,7.77,False
144,zh-CN,92.0,10,0,2,8,7.37,True
144,de-DE,95.5,9,0,0,9,6.21,True
144,fr-FR,96.0,5,0,1,4,6.57,True
144,es-ES,98.0,1,0,1,0,3.27,True
151,fr-FR,98.0,4,0,0,4,4.33,True
151,de-DE,85.5,4,1,2,1,7.74,False
151,pt-BR,95.0,7,0,1,6,1.33,True
151,es-ES,93.0,5,0,3,2,3.78,True
152,de-DE,96.5,4,0,1,3,8.0,True
152,fr-FR,86.5,12,0,5,7,5.03,False
152,ja-JP,96.0,2,0,2,0,4.01,True
152,it-IT,99.0,2,0,0,2,6.58,True
152,es-ES,89.0,7,0,5,2,4.99,False
154,fr-FR,99.5,1,0,0,1,4.58,True
154,de-DE,95.5,6,0,1,5,4.23,True
154,ja-JP,90.5,10,0,3,7,4.07,False
157,fr-FR,99.5,1,0,0,1,1.5,True
157,en-US,88.5,8,0,5,3,3.23,False
157,es-ES,94.5,8,0,1,7,1.88,True
157,de-DE,95.0,4,0,2,2,4.27,True
160,en-US,98.0,4,0,0,4,5.77,True
160,es-ES,97.5,5,0,0,5,1.75,True
160,fr-FR,96.0,2,0,2,0,6.69,True
162,ja-JP,99.5,1,0,0,1,5.91,True
163,en-US,98.0,1,0,1,0,1.95,True
164,fr-FR,93.0,8,0,2,6,5.99,True
164,it-IT,93.5,10,0,1,9,3.01,True
164,de-DE,98.0,4,0,0,4,2.94,True
164,ja-JP,93.5,7,0,2,5,3.88,True
164,es-ES,99.5,1,0,0,1,2.17,True
165,fr-FR,82.0,11,1,2,8,4.26,False
165,ja-JP,94.5,8,0,1,7,2.68,True
165,zh-CN,89.0,3,1,0,2,2.57,False
165,de-DE,95.0,7,0,1,6,7.0,True
172,it-IT,92.5,6,0,3,3,3.08,True
172,nl-NL,97.0,3,0,1,2,3.21,True
172,es-ES,97.5,5,0,0,5,5.66,True
172,pl-PL,85.5,10,1,0,9,2.1,False
172,fr-FR,89.0,3,1,0,2,4.45,False
172,de-DE,100.0,0,0,0,0,2.34,True
173,es-ES,84.5,9,1,1,7,7.77,False
173,fr-FR,97.5,2,0,1,1,7.54,True
176,fr-FR,94.5,8,0,1,7,2.73,True
176,es-ES,98.0,4,0,0,4,3.34,True
176,ko-KR,96.5,4,0,1,3,6.33,True
176,ja-JP,93.5,7,0,2,5,3.54,True
176,de-DE,96.5,7,0,0,7,2.75,True
177,ko-KR,95.5,9,0,0,9,4.18,True
177,ja-JP,95.5,3,0,2,1,7.08,True
177,zh-CN,100.0,0,0,0,0,7.96,True
178,it-IT,99.5,1,0,0,1,2.88,True
178,de-DE,95.5,6,0,1,5,1.54,True
178,ja-JP,92.0,10,0,2,8,6.39,True
178,es-ES,96.0,2,0,2,0,5.73,True
178,fr-FR,93.0,5,0,3,2,6.19,True
179,ja-JP,90.0,5,0,5,0,2.89,False
179,ko-KR,97.5,5,0,0,5,1.51,True
179,zh-CN,97.0,6,0,0,6,4.89,True
182,es-ES,95.5,3,0,2,1,6.38,True
182,de-DE,85.0,8,1,1,6,7.05,False
182,fr-FR,96.0,2,0,2,0,1.95,True
182,zh-CN,97.5,5,0,0,5,5.21,True
183,pt-BR,96.5,7,0,0,7,3.27,True
183,ja-JP,94.5,8,0,1,7,3.31,True
184,de-DE,90.0,5,0,5,0,1.85,False
184,fr-FR,97.5,5,0,0,5,1.18,True
184,en-GB,75.5,8,2,1,5,5.86,False
185,es-ES,95.0,10,0,0,10,5.97,True
189,de-DE,95.5,6,0,1,5,5.6,True
195,it-IT,98.0,1,0,1,0,2.29,True
201,pt-BR,100.0,0,0,0,0,3.88,True
201,it-IT,100.0,0,0,0,0,1.96,True
201,de-DE,95.5,9,0,0,9,3.03,True
202,de-DE,97.0,3,0,1,2,2.81,True
202,zh-CN,97.5,5,0,0,5,6.09,True
202,fr-FR,93.0,5,0,3,2,2.11,True
202,es-ES,94.0,6,0,2,4,6.77,True
202,ja-JP,96.0,8,0,0,8,6.07,True
204,ja-JP,93.0,5,0,3,2,7.03,True
204,fr-FR,100.0,0,0,0,0,6.9,True
204,de-DE,93.5,10,0,1,9,3.48,True
205,de-DE,91.5,8,0,3,5,3.74,False
205,es-ES,92.5,6,0,3,3,1.68,True
205,it-IT,90.0,8,0,4,4,6.95,False
205,fr-FR,92.5,6,0,3,3,6.28,True
211,es-ES,99.5,1,0,0,1,1.28,True
211,ja-JP,91.5,8,0,3,5,4.94,False
211,fr-FR,96.0,2,0,2,0,1.89,True
211,it-IT,98.0,1,0,1,0,2.9,True
211,de-DE,86.0,13,0,5,8,3.7,False
213,fr-FR,100.0,0,0,0,0,2.52,True
213,de-DE,94.5,8,0,1,7,6.45,True
213,es-ES,99.0,2,0,0,2,4.53,True
215,it-IT,98.5,3,0,0,3,5.04,True
215,es-ES,90.5,7,0,4,3,3.58,False
215,ja-JP,90.5,10,0,3,7,5.73,False
215,de-DE,96.5,4,0,1,3,7.5,True
215,fr-FR,99.0,2,0,0,2,3.68,True
217,de-DE,99.0,2,0,0,2,7.41,True
217,ja-JP,99.0,2,0,0,2,5.82,True
217,fr-FR,97.5,2,0,1,1,6.64,True
217,es-ES,99.5,1,0,0,1,4.73,True
217,zh-CN,95.5,6,0,1,5,3.41,True
218,it-IT,86.5,12,0,5,7,6.75,False
218,es-ES,96.0,8,0,0,8,6.48,True
218,de-DE,90.0,11,0,3,8,1.12,False
218,nl-NL,96.0,5,0,1,4,1.19,True
218,fr-FR,96.5,7,0,0,7,1.12,True
219,it-IT,94.5,5,0,2,3,2.87,True
219,es-ES,97.5,2,0,1,1,1.67,True
219,de-DE,95.5,6,0,1,5,5.35,True
219,fr-FR,95.5,9,0,0,9,6.15,True
220,es-ES,94.5,8,0,1,7,6.24,True
220,ja-JP,82.0,8,1,3,4,7.22,False
220,de-DE,95.5,6,0,1,5,4.29,True
220,fr-FR,100.0,0,0,0,0,7.49,True
221,ja-JP,93.5,4,0,3,1,4.86,True
221,ko-KR,98.5,3,0,0,3,4.9,True
221,de-DE,94.0,6,0,2,4,4.13,True
223,de-DE,93.5,7,0,2,5,5.51,True
226,de-DE,88.0,12,0,4,8,2.0,False
226,ja-JP,93.5,10,0,1,9,1.91,True
226,ko-KR,95.0,7,0,1,6,4.34,True
226,zh-CN,97.5,2,0,1,1,4.12,True
226,fr-FR,100.0,0,0,0,0,6.63,True
228,pl-PL,100.0,0,0,0,0,7.55,True
228,fr-FR,95.0,10,0,0,10,2.59,True
228,it-IT,96.0,5,0,1,4,3.77,True
228,es-ES,94.5,8,0,1,7,7.11,True
228,nl-NL,93.5,7,0,2,5,6.57,True
230,ko-KR,97.5,5,0,0,5,5.84,True
230,ja-JP,97.0,3,0,1,2,4.52,True
230,zh-CN,96.5,4,0,1,3,7.16,True
231,ja-JP,89.0,10,0,4,6,5.78,False
231,zh-CN,100.0,0,0,0,0,5.47,True
231,de-DE,91.5,5,0,4,1,3.85,False
232,ja-JP,93.5,7,0,2,5,4.32,True
232,it-IT,83.0,12,1,1,10,5.51,False
232,es-ES,94.5,5,0,2,3,6.33,True
232,fr-FR,95.5,6,0,1,5,6.22,True
232,de-DE,98.5,3,0,0,3,5.33,True
233,fr-FR,93.5,10,0,1,9,5.1,True
233,ja-JP,97.5,5,0,0,5,3.35,True
235,fr-FR,98.0,4,0,0,4,7.73,True
236,es-ES,96.5,4,0,1,3,4.46,True
236,de-DE,98.0,4,0,0,4,4.54,True
236,fr-FR,94.5,8,0,1,7,3.04,True
236,en-US,78.5,12,1,4,7,5.75,False
245,ja-JP,94.5,5,0,2,3,5.42,True
245,es-ES,96.0,2,0,2,0,4.85,True
245,de-DE,100.0,0,0,0,0,6.2,True
245,fr-FR,94.0,6,0,2,4,5.17,True
247,en-US,99.0,2,0,0,2,3.26,True
247,fr-FR,98.0,4,0,0,4,6.28,True
249,de-DE,95.0,4,0,2,2,5.43,True
249,es-ES,90.0,5,0,5,0,4.58,False
249,zh-CN,95.5,9,0,0,9,4.6,True
249,fr-FR,100.0,0,0,0,0,2.22,True
251,ko-KR,93.5,4,0,3,1,7.83,True
251,es-ES,91.0,6,0,4,2,5.93,False
258,es-ES,98.5,3,0,0,3,6.97,True
258,de-DE,89.0,3,1,0,2,5.1,False
258,fr-FR,99.5,1,0,0,1,2.52,True
259,en-US,85.5,10,1,0,9,3.29,False
259,de-DE,86.0,6,1,1,4,5.76,False
259,ja-JP,96.0,8,0,0,8,6.51,True
259,fr-FR,93.0,8,0,2,6,4.72,True
261,de-DE,98.0,4,0,0,4,1.06,True
261,es-ES,96.0,5,0,1,4,2.8,True
261,fr-FR,96.0,5,0,1,4,5.8,True
262,ko-KR,93.5,10,0,1,9,3.89,True
262,zh-CN,78.0,10,1,5,4,4.37,False
262,fr-FR,94.5,8,0,1,7,7.86,True
263,it-IT,96.0,5,0,1,4,4.32,True
263,de-DE,91.5,8,0,3,5,4.22,False
263,ja-JP,97.0,6,0,0,6,3.58,True
263,fr-FR,95.5,3,0,2,1,7.93,True
263,es-ES,97.5,5,0,0,5,3.71,True
264,zh-CN,83.0,6,1,3,2,2.01,False
264,de-DE,95.5,6,0,1,5,7.23,True
264,fr-FR,100.0,0,0,0,0,7.79,True
265,fr-FR,94.0,6,0,2,4,2.23,True
265,de-DE,95.5,3,0,2,1,4.23,True
266,ko-KR,91.0,6,0,4,2,5.75,False
266,fr-FR,89.0,3,1,0,2,2.82,False
266,de-DE,95.5,3,0,2,1,3.83,True
266,es-ES,88.5,4,1,0,3,2.23,False
266,ja-JP,87.0,4,1,1,2,3.09,False
267,ja-JP,94.0,3,0,3,0,3.23,True
267,fr-FR,93.0,5,0,3,2,7.94,True
268,ko-KR,98.0,4,0,0,4,2.41,True
269,fr-FR,91.0,9,0,3,6,1.38,False
269,de-DE,98.0,1,0,1,0,4.57,True
272,de-DE,89.0,10,0,4,6,6.93,False
272,pt-BR,96.0,8,0,0,8,1.76,True
272,fr-FR,93.0,8,0,2,6,7.24,True
272,ja-JP,89.5,9,0,4,5,6.24,False
272,es-ES,76.0,7,2,1,4,3.55,False
274,de-DE,90.5,10,0,3,7,6.36,False
274,en-US,96.5,4,0,1,3,4.08,True
274,fr-FR,99.0,2,0,0,2,4.62,True
275,fr-FR,94.5,5,0,2,3,7.9,True
275,ja-JP,93.0,5,0,3,2,6.36,True
279,de-DE,87.5,6,1,0,5,2.28,False
279,es-ES,98.0,1,0,1,0,1.89,True
279,ja-JP,93.0,8,0,2,6,2.49,True
279,fr-FR,97.5,2,0,1,1,6.71,True
280,es-ES,99.5,1,0,0,1,6.3,True
280,pl-PL,99.0,2,0,0,2,4.37,True
280,nl-NL,91.0,12,0,2,10,4.68,False
281,fr-FR,97.0,3,0,1,2,6.06,True
281,es-ES,98.0,1,0,1,0,4.05,True
281,it-IT,86.5,5,1,1,3,2.1,False
281,de-DE,94.5,8,0,1,7,5.84,True
281,pt-BR,98.0,1,0,1,0,7.92,True
287,de-DE,98.0,4,0,0,4,6.37,True
287,fr-FR,93.5,4,0,3,1,7.5,True
287,zh-CN,98.0,1,0,1,0,6.98,True
289,zh-CN,97.0,3,0,1,2,7.26,True
289,ko-KR,92.0,7,0,3,4,3.1,True
289,fr-FR,86.0,6,1,1,4,6.95,False
289,de-DE,96.0,5,0,1,4,3.25,True
289,ja-JP,98.5,3,0,0,3,1.72,True
291,es-ES,87.0,14,0,4,10,7.64,False
294,es-ES,98.5,3,0,0,3,7.54,True
294,fr-FR,97.5,2,0,1,1,7.55,True
294,ja-JP,98.0,4,0,0,4,4.8,True
295,en-GB,100.0,0,0,0,0,1.01,True
295,de-DE,85.5,7,1,1,5,3.94,False
299,es-ES,95.5,3,0,2,1,4.5,True
299,zh-CN,98.5,3,0,0,3,6.4,True
304,es-ES,97.5,2,0,1,1,3.69,True
304,it-IT,97.0,3,0,1,2,7.55,True
305,en-US,95.0,4,0,2,2,6.21,True
305,de-DE,95.5,9,0,0,9,5.04,True
305,es-ES,96.5,7,0,0,7,5.85,True
305,fr-FR,90.0,1,1,0,0,7.47,False
307,pl-PL,98.5,3,0,0,3,2.45,True
307,fr-FR,97.5,2,0,1,1,3.19,True
307,nl-NL,98.0,4,0,0,4,1.06,True
307,de-DE,88.5,4,1,0,3,6.26,False
307,es-ES,94.0,9,0,1,8,4.95,True
307,it-IT,99.0,2,0,0,2,5.11,True
308,ko-KR,91.0,6,0,4,2,1.11,False
308,ja-JP,95.5,3,0,2,1,1.8,True
308,fr-FR,97.5,2,0,1,1,7.84,True
312,ja-JP,97.5,2,0,1,1,4.09,True
312,de-DE,97.0,3,0,1,2,3.1,True
312,fr-FR,95.0,4,0,2,2,5.58,True
312,es-ES,100.0,0,0,0,0,5.42,True
313,de-DE,91.5,5,0,4,1,6.55,False
313,es-ES,94.0,9,0,1,8,2.7,True
313,zh-CN,98.5,3,0,0,3,4.34,True
314,de-DE,98.0,4,0,0,4,1.56,True
314,es-ES,99.0,2,0,0,2,3.58,True
314,ja-JP,86.5,8,1,0,7,5.35,False
314,fr-FR,82.5,10,1,2,7,4.28,False
317,de-DE,96.0,5,0,1,4,6.94,True
318,de-DE,93.0,8,0,2,6,1.28,True
318,fr-FR,93.0,5,0,3,2,1.09,True
318,es-ES,95.0,4,0,2,2,3.66,True
318,ja-JP,99.0,2,0,0,2,4.97,True
319,fr-FR,96.0,8,0,0,8,3.03,True
319,ja-JP,92.5,9,0,2,7,1.72,True
319,de-DE,97.5,2,0,1,1,7.18,True
319,ko-KR,91.0,6,0,4,2,2.66,False
319,zh-CN,92.5,9,0,2,7,3.58,True
321,zh-CN,86.0,9,1,0,8,5.1,False
321,ko-KR,93.0,11,0,1,10,2.1,True
321,fr-FR,94.0,6,0,2,4,7.41,True
321,ja-JP,95.0,7,0,1,6,3.28,True
321,de-DE,94.5,5,0,2,3,6.45,True
322,ko-KR,88.5,8,0,5,3,7.58,False
322,fr-FR,96.5,4,0,1,3,2.54,True
322,zh-CN,97.5,2,0,1,1,4.06,True
322,ja-JP,98.5,3,0,0,3,4.99,True
322,de-DE,92.0,10,0,2,8,7.83,True
323,ja-JP,93.5,7,0,2,5,3.05,True
323,ko-KR,75.0,6,2,2,2,1.98,False
323,fr-FR,88.0,12,0,4,8,6.11,False
323,es-ES,83.5,8,1,2,5,1.12,False
323,de-DE,99.5,1,0,0,1,7.65,True
325,de-DE,98.5,3,0,0,3,3.42,True
325,ko-KR,98.0,4,0,0,4,5.69,True
325,es-ES,98.0,1,0,1,0,4.21,True
326,es-ES,94.5,8,0,1,7,7.7,True
326,de-DE,87.5,3,1,1,1,5.46,False
326,fr-FR,94.0,6,0,2,4,6.92,True
333,ja-JP,91.0,12,0,2,10,5.7,False
334,de-DE,95.5,6,0,1,5,6.35,True
334,ja-JP,95.0,4,0,2,2,6.19,True
335,ko-KR,98.0,1,0,1,0,4.65,True
335,zh-CN,92.0,4,0,4,0,4.17,True
335,fr-FR,100.0,0,0,0,0,2.33,True
336,es-ES,97.0,3,0,1,2,1.45,True
336,fr-FR,99.0,2,0,0,2,2.7,True
336,ja-JP,96.0,8,0,0,8,4.38,True
336,ko-KR,81.5,6,1,4,1,4.98,False
336,de-DE,96.0,2,0,2,0,7.85,True
340,es-ES,100.0,0,0,0,0,4.31,True
340,en-US,96.5,7,0,0,7,5.82,True
340,fr-FR,94.5,5,0,2,3,4.71,True
340,de-DE,95.5,6,0,1,5,4.51,True
345,de-DE,84.0,10,1,1,8,4.61,False
345,es-ES,97.5,2,0,1,1,3.76,True
347,it-IT,94.0,9,0,1,8,4.32,True
347,pt-BR,90.5,7,0,4,3,4.14,False
347,de-DE,91.0,9,0,3,6,3.03,False
347,fr-FR,97.5,5,0,0,5,5.47,True
347,es-ES,96.0,5,0,1,4,3.48,True
349,fr-FR,99.0,2,0,0,2,6.78,True
349,de-DE,93.5,7,0,2,5,4.84,True
349,es-ES,97.0,3,0,1,2,3.28,True
349,da-DK,98.5,3,0,0,3,3.04,True
350,it-IT,98.0,1,0,1,0,4.68,True
350,ja-JP,92.0,4,0,4,0,3.0,True
354,it-IT,93.5,7,0,2,5,7.55,True
356,da-DK,99.0,2,0,0,2,1.1,True
356,fr-FR,95.5,6,0,1,5,1.8,True
356,es-ES,97.0,3,0,1,2,4.06,True
356,de-DE,97.5,5,0,0,5,4.08,True
357,de-DE,100.0,0,0,0,0,6.8,True
361,ko-KR,95.5,9,0,0,9,4.88,True
361,ja-JP,98.0,1,0,1,0,7.12,True
361,es-ES,92.0,10,0,2,8,3.69,True
362,de-DE,99.5,1,0,0,1,4.06,True
364,ko-KR,92.0,10,0,2,8,6.77,True
365,es-ES,83.5,5,1,3,1,5.59,False
365,ja-JP,99.5,1,0,0,1,1.98,True
365,fr-FR,95.0,7,0,1,6,7.41,True
365,de-DE,97.5,5,0,0,5,2.65,True
366,ja-JP,95.5,3,0,2,1,5.5,True
366,fr-FR,98.0,4,0,0,4,6.48,True
366,de-DE,95.0,4,0,2,2,2.73,True
367,pt-BR,93.5,7,0,2,5,2.82,True
367,it-IT,91.5,8,0,3,5,1.13,False
367,de-DE,91.5,8,0,3,5,7.07,False
369,de-DE,94.5,5,0,2,3,2.16,True
369,ja-JP,97.5,5,0,0,5,3.64,True
369,es-ES,98.5,3,0,0,3,7.62,True
369,fr-FR,98.0,1,0,1,0,5.13,True
369,ko-KR,79.5,13,1,3,9,7.71,False
370,fr-FR,86.0,9,1,0,8,2.61,False
370,es-ES,98.0,4,0,0,4,5.76,True
370,it-IT,98.0,1,0,1,0,2.77,True
370,de-DE,93.0,11,0,1,10,3.59,True
370,nl-NL,99.0,2,0,0,2,3.95,True
373,de-DE,96.5,4,0,1,3,3.76,True
373,es-ES,97.5,5,0,0,5,7.2,True
373,fr-FR,95.5,6,0,1,5,5.09,True
373,ja-JP,100.0,0,0,0,0,1.42,True
374,de-DE,95.0,7,0,1,6,1.84,True
374,fr-FR,86.0,3,1,2,0,3.36,False
374,es-ES,92.0,4,0,4,0,2.94,True
375,de-DE,92.0,4,0,4,0,6.84,True
375,fr-FR,94.0,9,0,1,8,3.33,True
375,pt-BR,100.0,0,0,0,0,2.3,True
375,it-IT,89.5,9,0,4,5,4.5,False
375,es-ES,95.0,7,0,1,6,6.17,True
377,ko-KR,89.5,6,0,5,1,5.62,False
378,es-ES,96.0,2,0,2,0,2.53,True
378,ko-KR,98.0,1,0,1,0,5.16,True
378,ja-JP,98.0,1,0,1,0,2.33,True
379,ko-KR,99.5,1,0,0,1,3.75,True
379,ja-JP,96.0,8,0,0,8,6.72,True
379,zh-CN,97.0,6,0,0,6,2.97,True
379,de-DE,99.5,1,0,0,1,6.34,True
379,fr-FR,95.0,4,0,2,2,1.87,True
380,en-US,99.0,2,0,0,2,3.39,True
380,fr-FR,97.0,6,0,0,6,4.01,True
380,ja-JP,98.5,3,0,0,3,7.57,True
382,de-DE,98.0,1,0,1,0,1.06,True
382,ja-JP,100.0,0,0,0,0,7.77,True
382,zh-CN,98.5,3,0,0,3,1.05,True
382,fr-FR,96.0,5,0,1,4,4.57,True
382,ko-KR,90.0,11,0,3,8,5.88,False
383,es-ES,98.0,1,0,1,0,2.32,True
383,de-DE,95.5,3,0,2,1,5.33,True
383,fr-FR,89.5,9,0,4,5,2.74,False
383,ja-JP,99.5,1,0,0,1,2.08,True
384,ja-JP,94.0,9,0,1,8,4.01,True
384,de-DE,93.0,5,0,3,2,4.55,True
384,zh-CN,98.0,4,0,0,4,3.05,True
384,fr-FR,90.0,8,0,4,4,4.2,False
384,ko-KR,91.5,11,0,2,9,3.03,False
387,de-DE,100.0,0,0,0,0,3.92,True
387,pt-BR,94.0,3,0,3,0,7.06,True
387,fr-FR,93.0,5,0,3,2,2.82,True
387,it-IT,92.0,4,0,4,0,5.81,True
388,ja-JP,94.0,9,0,1,8,5.52,True
388,de-DE,99.5,1,0,0,1,3.78,True
394,fr-FR,85.5,4,1,2,1,1.75,False
395,de-DE,99.5,1,0,0,1,1.29,True
395,fr-FR,95.5,3,0,2,1,2.4,True
395,ja-JP,94.0,6,0,2,4,7.21,True
397,fr-FR,99.0,2,0,0,2,2.96,True
399,es-ES,99.0,2,0,0,2,4.76,True
399,ja-JP,93.5,4,0,3,1,4.7,True
400,de-DE,92.0,7,0,3,4,3.56,True
400,fr-FR,99.5,1,0,0,1,7.2,True
400,es-ES,96.5,4,0,1,3,1.66,True
400,ja-JP,100.0,0,0,0,0,3.22,True
404,de-DE,99.0,2,0,0,2,3.98,True
404,en-US,93.5,4,0,3,1,3.66,True
404,fr-FR,93.5,10,0,1,9,3.87,True
404,ja-JP,90.0,1,1,0,0,7.04,False
406,ja-JP,98.0,1,0,1,0,7.53,True
407,es-ES,87.0,7,1,0,6,7.95,False
407,it-IT,91.0,6,0,4,2,5.49,False
407,nl-NL,85.0,5,1,2,2,7.69,False
408,fr-FR,99.5,1,0,0,1,1.54,True
412,es-ES,90.0,11,0,3,8,4.47,False
412,ja-JP,95.5,6,0,1,5,7.19,True
412,fr-FR,96.0,5,0,1,4,5.5,True
412,de-DE,90.5,7,0,4,3,3.93,False
414,en-US,89.5,6,0,5,1,4.87,False
421,it-IT,95.0,7,0,1,6,7.53,True
421,es-ES,95.5,9,0,0,9,4.3,True
421,fr-FR,93.5,10,0,1,9,1.58,True
421,ja-JP,100.0,0,0,0,0,5.33,True
421,de-DE,92.0,4,0,4,0,1.36,True
422,es-ES,95.0,4,0,2,2,3.78,True
422,de-DE,99.5,1,0,0,1,5.56,True
422,fr-FR,97.0,6,0,0,6,7.25,True
422,ja-JP,96.5,4,0,1,3,4.71,True
423,de-DE,98.5,3,0,0,3,4.73,True
423,en-GB,92.0,4,0,4,0,6.49,True
423,fr-FR,99.0,2,0,0,2,5.75,True
424,de-DE,90.0,1,1,0,0,3.08,False
425,ja-JP,94.5,5,0,2,3,7.66,True
425,es-ES,94.5,8,0,1,7,3.04,True
425,fr-FR,97.0,3,0,1,2,3.18,True
425,en-GB,98.0,1,0,1,0,4.33,True
426,es-ES,93.5,4,0,3,1,7.88,True
426,it-IT,99.0,2,0,0,2,5.19,True
426,nl-NL,97.0,3,0,1,2,7.85,True
426,fr-FR,97.5,2,0,1,1,7.43,True
426,de-DE,97.0,3,0,1,2,1.1,True
427,ja-JP,91.5,11,0,2,9,5.32,False
427,es-ES,99.0,2,0,0,2,2.01,True
429,de-DE,99.5,1,0,0,1,3.54,True
429,ja-JP,97.5,2,0,1,1,2.47,True
429,fr-FR,94.0,6,0,2,4,5.06,True
429,es-ES,100.0,0,0,0,0,3.84,True
430,fr-FR,97.5,2,0,1,1,7.45,True
430,en-US,96.5,7,0,0,7,4.04,True
430,de-DE,85.0,5,1,2,2,5.81,False
434,es-ES,87.5,10,0,5,5,1.91,False
434,ja-JP,93.5,4,0,3,1,1.82,True
434,fr-FR,98.5,3,0,0,3,2.09,True
434,de-DE,100.0,0,0,0,0,4.14,True
435,it-IT,97.5,2,0,1,1,7.45,True
435,de-DE,100.0,0,0,0,0,5.66,True
435,ja-JP,100.0,0,0,0,0,7.27,True
435,es-ES,91.5,8,0,3,5,3.33,False
438,ko-KR,95.5,3,0,2,1,3.51,True
438,fr-FR,89.0,7,0,5,2,3.58,False
438,de-DE,97.0,3,0,1,2,2.85,True
441,it-IT,92.0,4,0,4,0,2.3,True
441,fr-FR,85.5,7,1,1,5,4.35,False
441,de-DE,97.0,3,0,1,2,3.96,True
441,es-ES,93.5,10,0,1,9,3.56,True
443,de-DE,98.0,1,0,1,0,3.11,True
443,fr-FR,96.5,4,0,1,3,2.34,True
443,es-ES,95.5,6,0,1,5,7.51,True
443,it-IT,95.0,7,0,1,6,6.38,True
443,ja-JP,89.5,6,0,5,1,4.25,False
444,fr-FR,84.0,10,1,1,8,7.47,False
444,ja-JP,95.0,4,0,2,2,6.1,True
444,es-ES,95.5,9,0,0,9,3.22,True
444,de-DE,89.5,2,1,0,1,6.06,False
444,ko-KR,97.0,6,0,0,6,3.18,True
445,fr-FR,99.0,2,0,0,2,2.52,True
449,de-DE,81.0,7,1,4,2,7.46,False
449,fr-FR,91.5,8,0,3,5,1.65,False
449,en-GB,99.0,2,0,0,2,5.18,True
451,de-DE,90.0,8,0,4,4,4.8,False
451,fr-FR,95.5,3,0,2,1,1.05,True
451,es-ES,90.0,5,0,5,0,4.45,False
453,es-ES,100.0,0,0,0,0,1.73,True
453,fr-FR,100.0,0,0,0,0,1.88,True
453,it-IT,100.0,0,0,0,0,7.67,True
454,ja-JP,97.0,3,0,1,2,1.21,True
458,ja-JP,98.0,4,0,0,4,3.5,True
463,en-GB,100.0,0,0,0,0,4.99,True
463,de-DE,90.0,11,0,3,8,7.38,False
463,fr-FR,99.0,2,0,0,2,1.4,True
464,de-DE,95.0,7,0,1,6,2.04,True
464,fr-FR,96.5,7,0,0,7,2.44,True
464,en-US,95.5,9,0,0,9,5.95,True
469,ja-JP,93.5,4,0,3,1,7.99,True
469,de-DE,99.0,2,0,0,2,4.06,True
469,fr-FR,96.0,2,0,2,0,2.6,True
469,pt-BR,94.0,9,0,1,8,7.18,True
469,es-ES,100.0,0,0,0,0,7.44,True
473,ko-KR,98.5,3,0,0,3,7.64,True
474,ja-JP,98.0,4,0,0,4,3.37,True
474,en-GB,97.5,5,0,0,5,3.74,True
474,de-DE,92.5,6,0,3,3,3.97,True
474,fr-FR,95.5,3,0,2,1,7.63,True
474,es-ES,97.0,6,0,0,6,1.07,True
475,de-DE,97.0,6,0,0,6,1.72,True
475,it-IT,95.0,10,0,0,10,7.5,True
475,fr-FR,98.0,4,0,0,4,5.49,True
475,es-ES,94.0,6,0,2,4,6.3,True
480,ja-JP,96.0,5,0,1,4,5.79,True
480,fr-FR,96.5,4,0,1,3,5.79,True
483,es-ES,96.0,2,0,2,0,4.9,True
483,de-DE,100.0,0,0,0,0,1.75,True
483,fr-FR,93.5,10,0,1,9,5.47,True
483,zh-CN,93.5,4,0,3,1,2.87,True
485,ko-KR,87.0,11,0,5,6,7.0,False
486,ja-JP,96.0,5,0,1,4,1.24,True
486,fr-FR,97.0,3,0,1,2,6.85,True
486,de-DE,98.0,4,0,0,4,6.89,True
486,zh-CN,94.0,3,0,3,0,7.88,True
487,fr-FR,100.0,0,0,0,0,7.38,True
487,es-ES,99.0,2,0,0,2,5.01,True
487,nl-NL,95.5,6,0,1,5,3.51,True
487,de-DE,97.0,6,0,0,6,7.57,True
487,it-IT,94.0,9,0,1,8,2.07,True
489,fr-FR,97.5,5,0,0,5,3.73,True
489,en-GB,97.5,2,0,1,1,7.15,True
489,de-DE,93.5,4,0,3,1,3.98,True
491,en-US,99.0,2,0,0,2,2.89,True
491,fr-FR,92.0,10,0,2,8,5.45,True
494,es-ES,85.5,7,1,1,5,4.59,False
494,fr-FR,96.5,4,0,1,3,4.73,True
495,fr-FR,95.0,4,0,2,2,6.59,True
495,es-ES,95.5,9,0,0,9,6.75,True
495,ko-KR,96.0,5,0,1,4,7.15,True
495,de-DE,95.5,3,0,2,1,2.69,True
495,ja-JP,98.5,3,0,0,3,1.96,True
501,it-IT,92.5,9,0,2,7,4.63,True
503,nl-NL,95.0,4,0,2,2,3.97,True
503,fr-FR,91.5,11,0,2,9,2.83,False
503,es-ES,94.5,5,0,2,3,5.96,True
504,ja-JP,98.0,4,0,0,4,2.63,True
506,it-IT,96.0,8,0,0,8,1.71,True
506,ja-JP,96.0,2,0,2,0,2.77,True
506,fr-FR,94.0,9,0,1,8,2.83,True
507,it-IT,98.0,1,0,1,0,5.96,True
507,de-DE,95.5,9,0,0,9,5.64,True
507,fr-FR,75.5,11,2,0,9,6.56,False
507,es-ES,92.0,7,0,3,4,7.35,True
507,ja-JP,97.0,3,0,1,2,6.94,True
508,de-DE,96.0,5,0,1,4,7.77,True
508,fr-FR,96.0,5,0,1,4,2.27,True
510,es-ES,97.0,3,0,1,2,2.56,True
510,fr-FR,95.5,9,0,0,9,6.49,True
510,de-DE,98.0,1,0,1,0,3.24,True
510,ja-JP,94.0,3,0,3,0,5.59,True
512,fr-FR,99.0,2,0,0,2,3.61,True
513,nl-NL,96.5,7,0,0,7,3.84,True
514,de-DE,88.5,11,0,4,7,6.69,False
514,fr-FR,93.5,4,0,3,1,1.98,True
514,en-GB,96.5,7,0,0,7,7.34,True
516,en-GB,94.5,5,0,2,3,3.25,True
516,fr-FR,96.0,2,0,2,0,6.38,True
516,de-DE,97.5,2,0,1,1,6.82,True
517,ja-JP,93.0,11,0,1,10,7.82,True
517,fr-FR,96.5,4,0,1,3,4.36,True
517,es-ES,95.0,10,0,0,10,3.97,True
517,de-DE,88.0,2,1,1,0,5.55,False
519,it-IT,95.0,7,0,1,6,2.46,True
519,ja-JP,99.5,1,0,0,1,7.48,True
519,de-DE,97.5,5,0,0,5,4.81,True
522,fr-FR,94.5,5,0,2,3,2.38,True
522,de-DE,89.0,7,0,5,2,6.18,False
522,ja-JP,99.5,1,0,0,1,2.46,True
522,es-ES,99.5,1,0,0,1,2.18,True
523,ja-JP,100.0,0,0,0,0,6.99,True
523,fr-FR,99.0,2,0,0,2,2.63,True
523,de-DE,94.5,5,0,2,3,1.91,True
523,es-ES,97.5,5,0,0,5,5.67,True
523,zh-CN,98.5,3,0,0,3,2.25,True
525,es-ES,95.0,10,0,0,10,1.41,True
527,ja-JP,84.5,6,1,2,3,4.45,False
529,fr-FR,97.5,2,0,1,1,3.38,True
529,en-GB,96.5,4,0,1,3,7.94,True
529,de-DE,99.0,2,0,0,2,6.95,True
530,de-DE,90.0,1,1,0,0,6.4,False
530,fr-FR,94.0,9,0,1,8,1.43,True
530,en-US,95.5,3,0,2,1,7.34,True
531,de-DE,93.0,11,0,1,10,6.03,True
531,it-IT,85.0,15,0,5,10,5.13,False
531,nl-NL,98.0,4,0,0,4,4.43,True
531,es-ES,93.5,4,0,3,1,1.4,True
533,de-DE,93.5,10,0,1,9,1.06,True
533,zh-CN,86.0,6,1,1,4,2.48,False
533,fr-FR,94.0,6,0,2,4,7.15,True
534,es-ES,96.0,8,0,0,8,4.62,True
534,it-IT,100.0,0,0,0,0,2.28,True
534,ja-JP,91.5,5,0,4,1,3.09,False
534,de-DE,91.5,5,0,4,1,3.52,False
534,fr-FR,97.0,6,0,0,6,7.62,True
535,zh-CN,96.0,5,0,1,4,3.35,True
535,de-DE,94.0,9,0,1,8,4.09,True
537,ko-KR,97.0,6,0,0,6,7.91,True
537,fr-FR,86.0,3,1,2,0,3.42,False
537,de-DE,94.0,6,0,2,4,6.93,True
537,ja-JP,91.0,6,0,4,2,7.44,False
537,es-ES,95.5,6,0,1,5,6.53,True
538,de-DE,95.0,7,0,1,6,7.54,True
538,zh-CN,99.0,2,0,0,2,5.93,True
538,fr-FR,73.5,9,2,2,5,6.46,False
540,ko-KR,97.5,2,0,1,1,2.3,True
540,de-DE,86.0,9,1,0,8,5.45,False
540,fr-FR,78.0,13,1,4,8,7.46,False
541,de-DE,95.0,7,0,1,6,2.96,True
541,zh-CN,100.0,0,0,0,0,3.75,True
541,fr-FR,97.5,5,0,0,5,5.76,True
542,de-DE,90.0,5,0,5,0,7.19,False
542,es-ES,96.5,7,0,0,7,3.44,True
542,fr-FR,98.0,4,0,0,4,1.13,True
542,pt-BR,97.0,6,0,0,6,7.67,True
542,ja-JP,98.0,1,0,1,0,1.34,True
543,es-ES,100.0,0,0,0,0,5.99,True
544,de-DE,96.0,5,0,1,4,3.7,True
544,fr-FR,95.5,9,0,0,9,6.67,True
544,ko-KR,98.0,1,0,1,0,7.95,True
545,es-ES,94.5,8,0,1,7,3.77,True
545,ko-KR,98.0,1,0,1,0,7.76,True
545,ja-JP,94.0,6,0,2,4,6.17,True
545,de-DE,97.5,2,0,1,1,7.25,True
545,fr-FR,97.5,2,0,1,1,5.61,True
551,es-ES,95.0,4,0,2,2,3.31,True
551,fr-FR,99.0,2,0,0,2,1.15,True
551,ja-JP,94.0,3,0,3,0,4.48,True
552,zh-CN,97.5,2,0,1,1,7.65,True
552,ja-JP,93.5,7,0,2,5,3.71,True
552,de-DE,93.0,8,0,2,6,5.38,True
552,ko-KR,91.0,9,0,3,6,2.09,False
553,fr-FR,97.0,3,0,1,2,1.41,True
553,en-GB,92.0,4,0,4,0,4.57,True
553,de-DE,88.0,5,1,0,4,2.98,False
554,es-ES,96.0,5,0,1,4,6.31,True
554,da-DK,95.5,9,0,0,9,4.8,True
554,de-DE,94.0,3,0,3,0,1.62,True
554,fr-FR,99.0,2,0,0,2,1.89,True
556,fr-FR,85.5,4,1,2,1,4.45,False
556,de-DE,96.0,2,0,2,0,5.05,True
556,en-GB,98.5,3,0,0,3,6.02,True
558,es-ES,89.5,12,0,3,9,7.37,False
558,de-DE,96.5,7,0,0,7,5.02,True
558,zh-CN,97.0,6,0,0,6,4.81,True
559,fr-FR,95.5,9,0,0,9,5.06,True
560,fr-FR,97.5,5,0,0,5,6.6,True
560,nl-NL,95.5,9,0,0,9,6.26,True
560,es-ES,94.0,6,0,2,4,4.34,True
560,de-DE,92.5,6,0,3,3,2.44,True
562,fr-FR,99.5,1,0,0,1,2.04,True
562,pt-BR,98.5,3,0,0,3,1.86,True
562,de-DE,97.0,3,0,1,2,4.09,True
564,zh-CN,95.5,6,0,1,5,3.8,True
564,es-ES,96.0,5,0,1,4,5.21,True
564,de-DE,96.5,7,0,0,7,1.88,True
564,fr-FR,97.5,2,0,1,1,4.14,True
567,fr-FR,94.0,9,0,1,8,1.11,True
567,it-IT,94.5,8,0,1,7,3.23,True
572,fr-FR,94.5,8,0,1,7,4.05,True
572,es-ES,93.5,7,0,2,5,5.56,True
574,ja-JP,98.0,1,0,1,0,3.12,True
574,es-ES,93.5,10,0,1,9,7.42,True
574,de-DE,79.0,4,2,0,2,4.15,False
574,fr-FR,92.0,4,0,4,0,7.78,True
575,en-GB,73.5,9,2,2,5,3.52,False
575,de-DE,89.5,2,1,0,1,5.48,False
575,fr-FR,92.5,9,0,2,7,3.24,True
578,es-ES,99.0,2,0,0,2,5.41,True
578,de-DE,91.5,5,0,4,1,6.22,False
578,da-DK,99.0,2,0,0,2,5.68,True
578,fr-FR,88.0,12,0,4,8,5.71,False
580,en-GB,93.5,7,0,2,5,7.8,True
580,de-DE,93.0,5,0,3,2,8.0,True
580,fr-FR,89.0,10,0,4,6,5.8,False
582,de-DE,92.5,6,0,3,3,4.7,True
582,fr-FR,94.5,5,0,2,3,5.0,True
582,en-US,92.5,6,0,3,3,7.63,True
582,ja-JP,86.5,12,0,5,7,7.04,False
583,pl-PL,97.0,3,0,1,2,3.82,True
583,de-DE,91.0,9,0,3,6,4.78,False
584,es-ES,98.5,3,0,0,3,5.77,True
584,de-DE,96.0,5,0,1,4,6.39,True
584,fr-FR,85.5,4,1,2,1,5.84,False
586,de-DE,90.0,8,0,4,4,3.79,False
586,ja-JP,96.5,4,0,1,3,7.09,True
586,fr-FR,98.0,1,0,1,0,4.44,True
586,ko-KR,95.0,10,0,0,10,5.1,True
586,zh-CN,91.0,6,0,4,2,3.34,False
587,ja-JP,93.0,8,0,2,6,3.4,True
587,es-ES,99.0,2,0,0,2,1.52,True
587,ko-KR,98.0,1,0,1,0,5.37,True
589,en-GB,98.0,4,0,0,4,1.15,True
589,de-DE,96.5,7,0,0,7,3.16,True
589,fr-FR,99.5,1,0,0,1,6.4,True
603,fr-FR,95.0,10,0,0,10,5.02,True
603,ja-JP,95.5,3,0,2,1,2.97,True
603,ko-KR,99.0,2,0,0,2,5.04,True
603,es-ES,98.0,1,0,1,0,5.51,True
603,de-DE,93.0,5,0,3,2,2.84,True
605,ja-JP,88.5,8,0,5,3,4.87,False
605,de-DE,73.5,6,2,3,1,7.4,False
605,fr-FR,100.0,0,0,0,0,2.02,True
613,ja-JP,94.5,5,0,2,3,7.34,True
613,es-ES,78.0,10,1,5,4,3.69,False
617,ja-JP,96.5,4,0,1,3,2.08,True
617,fr-FR,91.0,9,0,3,6,4.9,False
621,de-DE,94.5,8,0,1,7,5.73,True
621,ko-KR,100.0,0,0,0,0,4.51,True
621,es-ES,96.5,4,0,1,3,3.15,True
621,ja-JP,96.0,2,0,2,0,2.71,True
621,fr-FR,92.5,9,0,2,7,4.32,True
623,es-ES,91.0,12,0,2,10,5.03,False
623,it-IT,97.0,3,0,1,2,7.64,True
624,it-IT,99.0,2,0,0,2,5.32,True
627,ko-KR,92.0,7,0,3,4,3.14,True
627,fr-FR,95.5,6,0,1,5,2.01,True
631,nl-NL,83.0,9,1,2,6,4.41,False
631,it-IT,92.5,9,0,2,7,4.69,True
631,es-ES,94.0,3,0,3,0,2.2,True
631,de-DE,97.5,2,0,1,1,4.41,True
633,de-DE,95.0,4,0,2,2,5.32,True
633,en-GB,99.0,2,0,0,2,7.1,True
634,de-DE,94.5,8,0,1,7,7.7,True
634,pt-BR,97.5,5,0,0,5,1.7,True
634,es-ES,98.0,4,0,0,4,1.35,True
634,ja-JP,100.0,0,0,0,0,7.27,True
634,fr-FR,100.0,0,0,0,0,5.17,True
638,es-ES,97.5,5,0,0,5,4.19,True
638,ja-JP,89.0,3,1,0,2,4.7,False
638,fr-FR,97.5,2,0,1,1,3.5,True
639,ja-JP,97.0,3,0,1,2,7.32,True
639,ko-KR,100.0,0,0,0,0,3.26,True
639,de-DE,94.5,8,0,1,7,7.68,True
639,es-ES,100.0,0,0,0,0,1.32,True
639,fr-FR,98.0,4,0,0,4,4.23,True
642,it-IT,95.5,9,0,0,9,3.52,True
642,de-DE,81.0,13,1,2,10,1.05,False
642,fr-FR,83.5,8,1,2,5,7.98,False
642,es-ES,89.5,2,1,0,1,6.84,False
642,ja-JP,98.0,1,0,1,0,6.89,True
646,fr-FR,96.5,7,0,0,7,3.03,True
646,ja-JP,97.0,6,0,0,6,7.86,True
646,en-US,96.5,7,0,0,7,7.65,True
653,nl-NL,95.0,10,0,0,10,3.91,True
654,es-ES,97.5,2,0,1,1,5.85,True
655,de-DE,97.5,2,0,1,1,5.55,True
655,ja-JP,91.5,5,0,4,1,3.39,False
655,es-ES,91.0,9,0,3,6,1.58,False
655,fr-FR,96.0,2,0,2,0,6.5,True
655,it-IT,90.0,1,1,0,0,3.21,False
656,fr-FR,100.0,0,0,0,0,7.61,True
656,en-GB,89.5,12,0,3,9,6.69,False
656,de-DE,94.0,3,0,3,0,3.84,True
657,nl-NL,93.5,7,0,2,5,2.92,True
657,it-IT,81.0,13,1,2,10,5.25,False
658,es-ES,93.5,4,0,3,1,4.52,True
658,fr-FR,97.5,2,0,1,1,3.45,True
659,fr-FR,99.5,1,0,0,1,7.05,True
659,de-DE,94.5,8,0,1,7,5.64,True
659,ja-JP,98.0,1,0,1,0,6.1,True
659,es-ES,90.5,10,0,3,7,6.17,False
660,fr-FR,96.0,2,0,2,0,1.81,True
660,zh-CN,96.0,2,0,2,0,1.39,True
660,es-ES,90.0,1,1,0,0,4.49,False
660,de-DE,96.0,8,0,0,8,1.29,True
662,de-DE,96.5,4,0,1,3,6.95,True
662,en-US,99.5,1,0,0,1,3.03,True
666,it-IT,83.5,5,1,3,1,1.96,False
666,fr-FR,90.0,1,1,0,0,3.83,False
666,es-ES,98.5,3,0,0,3,5.9,True
666,de-DE,97.0,6,0,0,6,2.59,True
666,ja-JP,91.5,11,0,2,9,7.17,False
667,pl-PL,98.0,4,0,0,4,7.96,True
667,fr-FR,100.0,0,0,0,0,6.08,True
667,it-IT,100.0,0,0,0,0,7.35,True
667,de-DE,90.0,8,0,4,4,1.55,False
667,es-ES,98.5,3,0,0,3,7.31,True
667,nl-NL,96.5,4,0,1,3,5.7,True
670,zh-CN,93.0,8,0,2,6,3.74,True
670,fr-FR,95.5,3,0,2,1,1.85,True
670,es-ES,100.0,0,0,0,0,6.58,True
670,de-DE,96.5,7,0,0,7,4.2,True
670,ja-JP,97.5,5,0,0,5,7.16,True
671,en-GB,96.5,4,0,1,3,2.75,True
671,fr-FR,91.0,6,0,4,2,4.06,False
671,de-DE,96.5,4,0,1,3,6.59,True
672,en-US,95.5,6,0,1,5,5.23,True
672,fr-FR,94.5,5,0,2,3,2.63,True
672,es-ES,99.5,1,0,0,1,7.65,True
672,de-DE,99.0,2,0,0,2,4.17,True
673,it-IT,96.5,4,0,1,3,2.55,True
673,de-DE,92.0,10,0,2,8,2.96,True
673,es-ES,92.0,7,0,3,4,1.72,True
673,ja-JP,98.0,4,0,0,4,6.66,True
673,fr-FR,94.0,6,0,2,4,6.41,True
677,es-ES,89.0,13,0,3,10,4.78,False
679,zh-CN,95.5,3,0,2,1,6.29,True
679,fr-FR,99.5,1,0,0,1,1.67,True
679,de-DE,98.0,1,0,1,0,3.5,True
679,ja-JP,100.0,0,0,0,0,3.82,True
679,ko-KR,93.5,7,0,2,5,3.79,True
682,es-ES,96.0,8,0,0,8,7.49,True
682,fr-FR,92.0,7,0,3,4,3.23,True
682,en-US,91.5,8,0,3,5,4.05,False
682,de-DE,89.0,7,0,5,2,6.64,False
683,it-IT,90.0,11,0,3,8,6.22,False
683,es-ES,90.0,5,0,5,0,3.52,False
683,ja-JP,86.5,5,1,1,3,7.48,False
683,de-DE,97.5,2,0,1,1,7.11,True
683,fr-FR,91.0,12,0,2,10,7.4,False
684,pt-BR,98.0,4,0,0,4,4.91,True
684,es-ES,83.0,9,1,2,6,7.34,False
684,de-DE,98.0,1,0,1,0,6.88,True
684,it-IT,87.5,3,1,1,1,1.82,False
684,fr-FR,100.0,0,0,0,0,3.73,True
686,de-DE,93.0,11,0,1,10,7.77,True
688,de-DE,93.0,8,0,2,6,4.94,True
688,fr-FR,85.5,4,1,2,1,1.43,False
688,es-ES,98.0,4,0,0,4,3.9,True
689,de-DE,94.5,8,0,1,7,5.4,True
689,es-ES,96.5,4,0,1,3,6.94,True
689,ja-JP,95.0,7,0,1,6,2.99,True
690,it-IT,98.0,1,0,1,0,6.81,True
690,de-DE,97.5,2,0,1,1,2.84,True
690,es-ES,96.5,4,0,1,3,1.17,True
690,fr-FR,97.0,3,0,1,2,7.98,True
691,ja-JP,92.0,4,0,4,0,7.45,True
692,es-ES,94.0,3,0,3,0,5.36,True
692,fr-FR,88.5,4,1,0,3,3.09,False
694,de-DE,95.0,7,0,1,6,4.79,True
695,ko-KR,99.0,2,0,0,2,4.57,True
695,de-DE,95.0,4,0,2,2,3.41,True
695,es-ES,97.5,5,0,0,5,7.73,True
697,en-GB,99.0,2,0,0,2,1.39,True
697,fr-FR,98.5,3,0,0,3,1.64,True
697,de-DE,96.0,5,0,1,4,7.86,True
701,ja-JP,96.0,2,0,2,0,7.88,True
701,zh-CN,92.5,9,0,2,7,5.45,True
701,fr-FR,97.5,5,0,0,5,6.75,True
703,en-US,97.5,5,0,0,5,6.77,True
703,fr-FR,98.0,1,0,1,0,2.92,True
709,es-ES,89.0,3,1,0,2,5.23,False
709,de-DE,97.0,6,0,0,6,4.31,True
709,ko-KR,97.0,6,0,0,6,4.93,True
709,fr-FR,97.0,3,0,1,2,4.58,True
709,ja-JP,98.5,3,0,0,3,2.06,True
710,es-ES,92.0,7,0,3,4,3.63,True
710,de-DE,97.0,3,0,1,2,1.32,True
710,ja-JP,97.0,6,0,0,6,1.86,True
716,de-DE,97.5,2,0,1,1,1.61,True
716,pl-PL,95.0,7,0,1,6,4.97,True
716,es-ES,97.5,2,0,1,1,2.33,True
716,nl-NL,91.0,6,0,4,2,5.85,False
716,fr-FR,97.5,5,0,0,5,3.21,True
718,es-ES,81.5,6,1,4,1,7.67,False
718,de-DE,100.0,0,0,0,0,4.8,True
719,es-ES,99.5,1,0,0,1,5.91,True
719,fr-FR,94.0,3,0,3,0,4.13,True
719,en-US,97.0,3,0,1,2,2.6,True
719,de-DE,86.0,3,1,2,0,1.05,False
720,ko-KR,95.5,3,0,2,1,2.55,True
720,de-DE,97.5,2,0,1,1,5.63,True
720,ja-JP,95.0,4,0,2,2,5.27,True
720,fr-FR,100.0,0,0,0,0,1.04,True
721,de-DE,96.5,7,0,0,7,7.42,True
722,de-DE,87.5,3,1,1,1,1.28,False
722,en-US,100.0,0,0,0,0,2.12,True
722,ja-JP,94.0,6,0,2,4,7.67,True
723,ja-JP,97.0,3,0,1,2,7.8,True
723,fr-FR,94.5,8,0,1,7,6.42,True
723,de-DE,89.5,2,1,0,1,6.98,False
726,es-ES,98.0,4,0,0,4,7.95,True
726,de-DE,98.5,3,0,0,3,5.42,True
727,es-ES,97.5,5,0,0,5,3.77,True
727,ko-KR,96.0,5,0,1,4,7.13,True
727,ja-JP,90.5,10,0,3,7,3.83,False
727,de-DE,89.5,6,0,5,1,5.54,False
727,fr-FR,93.5,10,0,1,9,3.71,True
731,fr-FR,92.0,10,0,2,8,6.97,True
731,ja-JP,94.0,3,0,3,0,7.35,True
732,fr-FR,97.5,5,0,0,5,2.14,True
732,es-ES,95.0,4,0,2,2,4.53,True
732,de-DE,98.0,1,0,1,0,4.15,True
733,ja-JP,98.0,1,0,1,0,5.28,True
733,de-DE,89.0,7,0,5,2,2.52,False
735,es-ES,99.5,1,0,0,1,4.91,True
735,fr-FR,94.5,8,0,1,7,7.2,True
735,de-DE,89.0,13,0,3,10,4.86,False
737,ko-KR,91.5,11,0,2,9,7.28,False
737,de-DE,99.0,2,0,0,2,6.57,True
738,it-IT,93.0,5,0,3,2,6.15,True
739,de-DE,100.0,0,0,0,0,1.49,True
739,ko-KR,75.0,6,2,2,2,3.96,False
739,fr-FR,99.0,2,0,0,2,5.48,True
739,es-ES,95.5,6,0,1,5,2.56,True
740,de-DE,96.5,4,0,1,3,6.89,True
741,fr-FR,94.0,9,0,1,8,5.5,True
741,es-ES,93.5,4,0,3,1,1.75,True
741,de-DE,92.5,6,0,3,3,4.48,True
742,de-DE,93.0,5,0,3,2,7.68,True
742,ja-JP,92.0,4,0,4,0,5.42,True
742,fr-FR,95.5,3,0,2,1,2.17,True
742,zh-CN,82.0,8,1,3,4,3.71,False
744,fr-FR,96.0,5,0,1,4,7.76,True
744,es-ES,100.0,0,0,0,0,7.83,True
744,ja-JP,97.0,6,0,0,6,3.46,True
744,de-DE,97.0,3,0,1,2,1.22,True
745,es-ES,96.0,8,0,0,8,4.65,True
745,it-IT,94.0,9,0,1,8,6.35,True
746,fr-FR,97.0,3,0,1,2,3.7,True
746,de-DE,96.5,4,0,1,3,5.64,True
746,es-ES,100.0,0,0,0,0,7.32,True
747,fr-FR,99.5,1,0,0,1,4.94,True
747,pt-BR,96.0,5,0,1,4,5.01,True
747,es-ES,98.0,1,0,1,0,6.03,True
748,es-ES,99.0,2,0,0,2,1.16,True
748,ja-JP,96.0,2,0,2,0,4.62,True
748,ko-KR,93.5,4,0,3,1,3.85,True
748,de-DE,99.5,1,0,0,1,1.94,True
749,es-ES,95.5,6,0,1,5,4.67,True
749,fr-FR,94.5,8,0,1,7,3.96,True
750,ja-JP,96.5,4,0,1,3,7.25,True
750,ko-KR,89.0,3,1,0,2,3.61,False
752,de-DE,96.5,4,0,1,3,3.19,True
752,es-ES,91.5,8,0,3,5,6.83,False
754,ko-KR,96.5,4,0,1,3,5.39,True
754,zh-CN,98.0,1,0,1,0,1.54,True
754,ja-JP,97.5,2,0,1,1,3.73,True
754,de-DE,97.0,3,0,1,2,2.99,True
755,fr-FR,94.5,8,0,1,7,1.04,True
755,de-DE,97.0,3,0,1,2,5.66,True
755,es-ES,95.5,9,0,0,9,7.55,True
755,ja-JP,98.5,3,0,0,3,4.63,True
757,es-ES,96.0,5,0,1,4,7.08,True
757,de-DE,92.0,7,0,3,4,2.09,True
757,pt-BR,93.5,4,0,3,1,6.75,True
757,it-IT,94.5,5,0,2,3,4.55,True
757,fr-FR,93.0,8,0,2,6,1.4,True
759,de-DE,100.0,0,0,0,0,7.94,True
759,es-ES,95.0,4,0,2,2,7.21,True
759,ko-KR,96.0,5,0,1,4,5.75,True
759,ja-JP,90.5,10,0,3,7,6.7,False
759,fr-FR,95.5,3,0,2,1,5.48,True
762,de-DE,91.0,6,0,4,2,2.23,False
762,en-GB,76.0,14,1,5,8,2.8,False
762,fr-FR,97.5,2,0,1,1,5.7,True
763,fr-FR,92.0,7,0,3,4,7.4,True
763,de-DE,99.5,1,0,0,1,4.49,True
763,es-ES,94.0,3,0,3,0,7.97,True
764,ja-JP,95.5,6,0,1,5,7.14,True
764,fr-FR,90.0,11,0,3,8,4.85,False
764,de-DE,98.0,4,0,0,4,7.3,True
764,es-ES,96.0,8,0,0,8,2.31,True
765,es-ES,99.0,2,0,0,2,3.26,True
765,ja-JP,79.5,10,1,4,5,6.88,False
765,fr-FR,97.0,6,0,0,6,1.69,True
765,de-DE,89.5,2,1,0,1,7.37,False
765,it-IT,92.0,4,0,4,0,7.72,True
766,it-IT,98.0,4,0,0,4,3.01,True
767,ko-KR,96.0,2,0,2,0,5.92,True
767,fr-FR,97.0,3,0,1,2,7.43,True
767,zh-CN,97.5,2,0,1,1,5.95,True
767,ja-JP,92.5,6,0,3,3,4.18,True
767,de-DE,97.0,3,0,1,2,2.92,True
769,de-DE,96.5,7,0,0,7,6.17,True
769,pt-BR,95.5,3,0,2,1,4.94,True
769,es-ES,94.0,9,0,1,8,5.61,True
769,fr-FR,98.5,3,0,0,3,4.91,True
769,ja-JP,98.5,3,0,0,3,5.05,True
771,de-DE,97.5,2,0,1,1,1.85,True
771,fr-FR,96.5,4,0,1,3,7.72,True
771,ja-JP,91.5,11,0,2,9,7.07,False
771,es-ES,98.0,1,0,1,0,3.4,True
773,fr-FR,96.5,4,0,1,3,3.53,True
773,en-GB,97.5,2,0,1,1,2.85,True
773,de-DE,83.0,6,1,3,2,1.82,False
774,fr-FR,95.5,3,0,2,1,7.43,True
774,es-ES,94.5,5,0,2,3,1.19,True
774,de-DE,96.0,5,0,1,4,1.5,True
774,ja-JP,96.0,5,0,1,4,3.05,True
775,de-DE,95.5,6,0,1,5,5.59,True
775,en-US,100.0,0,0,0,0,4.31,True
775,es-ES,76.0,4,2,2,0,4.66,False
775,fr-FR,100.0,0,0,0,0,3.75,True
777,fr-FR,98.0,4,0,0,4,1.55,True
777,de-DE,91.5,11,0,2,9,4.54,False
777,nl-NL,93.5,10,0,1,9,1.36,True
777,es-ES,93.0,5,0,3,2,5.35,True
780,ja-JP,84.0,7,1,2,4,7.53,False
783,de-DE,99.0,2,0,0,2,2.26,True
783,fr-FR,93.0,8,0,2,6,7.92,True
783,zh-CN,100.0,0,0,0,0,7.7,True
786,es-ES,97.5,2,0,1,1,4.44,True
786,ja-JP,95.0,7,0,1,6,6.93,True
786,de-DE,96.5,4,0,1,3,4.46,True
790,ja-JP,94.0,6,0,2,4,5.34,True
790,es-ES,93.5,4,0,3,1,4.96,True
790,fr-FR,97.0,3,0,1,2,2.87,True
790,de-DE,94.5,5,0,2,3,2.57,True
791,fr-FR,93.5,10,0,1,9,7.23,True
792,ja-JP,97.0,6,0,0,6,6.2,True
794,es-ES,94.0,9,0,1,8,1.73,True
796,ja-JP,97.5,2,0,1,1,7.5,True
796,ko-KR,92.5,9,0,2,7,7.96,True
796,fr-FR,87.0,4,1,1,2,2.57,False
796,de-DE,88.0,5,1,0,4,5.02,False
796,es-ES,98.0,4,0,0,4,5.49,True
797,en-US,99.0,2,0,0,2,1.45,True
797,fr-FR,92.5,9,0,2,7,3.66,True
797,de-DE,97.0,6,0,0,6,6.61,True
798,it-IT,98.5,3,0,0,3,3.15,True
798,fr-FR,94.5,8,0,1,7,6.75,True
798,ja-JP,92.5,9,0,2,7,1.39,True
801,fr-FR,100.0,0,0,0,0,3.28,True
801,ko-KR,92.5,9,0,2,7,6.5,True
801,zh-CN,98.0,1,0,1,0,7.3,True
801,ja-JP,93.0,5,0,3,2,5.19,True
801,de-DE,96.0,5,0,1,4,7.35,True
803,fr-FR,92.0,10,0,2,8,4.49,True
803,en-GB,93.0,8,0,2,6,2.25,True
805,ja-JP,84.5,6,1,2,3,2.36,False
805,fr-FR,93.5,4,0,3,1,2.82,True
806,en-GB,98.0,1,0,1,0,5.59,True
806,fr-FR,97.5,2,0,1,1,1.68,True
806,ja-JP,98.0,4,0,0,4,2.87,True
806,de-DE,97.5,5,0,0,5,3.63,True
806,es-ES,90.5,7,0,4,3,7.81,False
809,ja-JP,96.0,5,0,1,4,5.68,True
809,fr-FR,98.5,3,0,0,3,7.53,True
809,zh-CN,95.0,4,0,2,2,5.65,True
809,de-DE,94.0,9,0,1,8,5.66,True
810,de-DE,98.0,4,0,0,4,1.41,True
810,it-IT,94.0,3,0,3,0,1.62,True
810,fr-FR,82.0,11,1,2,8,1.63,False
810,pt-BR,93.0,11,0,1,10,4.34,True
810,es-ES,97.0,6,0,0,6,3.61,True
811,ja-JP,92.0,7,0,3,4,6.64,True
811,de-DE,93.0,8,0,2,6,7.78,True
811,fr-FR,99.5,1,0,0,1,2.9,True
811,es-ES,95.0,10,0,0,10,3.75,True
812,es-ES,95.5,6,0,1,5,4.23,True
812,fr-FR,95.0,7,0,1,6,7.5,True
812,ja-JP,97.5,2,0,1,1,1.97,True
812,de-DE,97.5,2,0,1,1,6.35,True
812,ko-KR,97.0,3,0,1,2,1.15,True
813,fr-FR,95.5,3,0,2,1,1.38,True
813,ja-JP,93.0,5,0,3,2,5.92,True
813,ko-KR,94.0,6,0,2,4,7.05,True
813,de-DE,89.5,12,0,3,9,3.34,False
813,es-ES,93.5,4,0,3,1,6.85,True
814,de-DE,96.5,7,0,0,7,3.07,True
814,ja-JP,98.5,3,0,0,3,4.7,True
814,zh-CN,94.0,3,0,3,0,2.42,True
814,ko-KR,85.0,5,1,2,2,3.46,False
814,fr-FR,96.5,7,0,0,7,4.02,True
815,zh-CN,97.5,2,0,1,1,6.93,True
815,de-DE,100.0,0,0,0,0,1.83,True
825,de-DE,92.0,7,0,3,4,5.77,True
828,ko-KR,97.5,2,0,1,1,5.16,True
828,fr-FR,88.0,2,1,1,0,7.51,False
828,de-DE,98.5,3,0,0,3,5.31,True
828,ja-JP,94.0,3,0,3,0,7.04,True
828,zh-CN,98.0,4,0,0,4,4.43,True
829,nl-NL,95.0,4,0,2,2,4.94,True
829,it-IT,97.5,2,0,1,1,2.52,True
829,de-DE,96.5,4,0,1,3,3.74,True
829,fr-FR,89.0,7,0,5,2,2.78,False
829,es-ES,91.5,5,0,4,1,7.11,False
829,pl-PL,87.0,4,1,1,2,7.3,False
832,fr-FR,94.0,6,0,2,4,3.48,True
832,en-US,86.5,12,0,5,7,6.61,False
832,ja-JP,98.0,1,0,1,0,5.61,True
832,de-DE,99.0,2,0,0,2,6.12,True
833,fr-FR,88.5,4,1,0,3,7.34,False
833,ja-JP,96.5,7,0,0,7,3.16,True
833,pt-BR,93.0,8,0,2,6,6.69,True
837,it-IT,97.0,3,0,1,2,3.28,True
837,pl-PL,95.5,3,0,2,1,6.67,True
837,de-DE,96.0,8,0,0,8,3.86,True
837,fr-FR,90.0,5,0,5,0,2.56,False
839,fr-FR,96.0,2,0,2,0,1.74,True
839,da-DK,95.0,4,0,2,2,5.06,True
840,fr-FR,99.0,2,0,0,2,1.34,True
840,zh-CN,98.0,4,0,0,4,1.42,True
841,fr-FR,96.0,2,0,2,0,1.69,True
841,ja-JP,94.0,9,0,1,8,4.46,True
841,de-DE,96.5,7,0,0,7,5.38,True
846,fr-FR,91.5,5,0,4,1,6.53,False
846,zh-CN,98.0,4,0,0,4,6.91,True
846,de-DE,94.0,6,0,2,4,6.79,True
851,de-DE,90.5,10,0,3,7,3.16,False
851,fr-FR,93.0,5,0,3,2,6.06,True
851,nl-NL,96.5,4,0,1,3,2.06,True
851,es-ES,100.0,0,0,0,0,7.22,True
851,it-IT,98.0,1,0,1,0,6.18,True
854,ja-JP,100.0,0,0,0,0,7.99,True
854,de-DE,96.5,4,0,1,3,5.98,True
854,fr-FR,93.5,7,0,2,5,2.24,True
854,es-ES,80.0,2,2,0,0,1.58,False
855,ja-JP,92.5,9,0,2,7,1.65,True
855,fr-FR,97.0,3,0,1,2,6.41,True
855,de-DE,96.0,5,0,1,4,4.28,True
855,es-ES,90.0,8,0,4,4,5.13,False
856,es-ES,90.0,11,0,3,8,2.27,False
858,es-ES,98.0,1,0,1,0,1.07,True
859,fr-FR,95.5,3,0,2,1,2.84,True
859,ja-JP,100.0,0,0,0,0,7.44,True
859,zh-CN,96.0,2,0,2,0,3.29,True
859,de-DE,95.0,4,0,2,2,2.21,True
865,es-ES,93.5,7,0,2,5,2.85,True
865,en-US,97.0,6,0,0,6,1.64,True
865,de-DE,100.0,0,0,0,0,5.54,True
865,fr-FR,97.5,2,0,1,1,1.7,True
866,fr-FR,84.0,4,1,3,0,5.36,False
867,zh-CN,97.0,3,0,1,2,7.83,True
867,fr-FR,90.5,7,0,4,3,1.1,False
867,ja-JP,97.5,2,0,1,1,4.24,True
867,ko-KR,96.0,2,0,2,0,7.86,True
867,de-DE,99.5,1,0,0,1,2.01,True
870,de-DE,95.0,7,0,1,6,4.38,True
870,fr-FR,93.5,10,0,1,9,2.16,True
870,ko-KR,99.5,1,0,0,1,1.13,True
871,es-ES,97.5,5,0,0,5,6.4,True
872,de-DE,96.0,8,0,0,8,6.47,True
872,ja-JP,94.0,3,0,3,0,7.01,True
872,fr-FR,97.5,2,0,1,1,6.14,True
872,es-ES,94.5,5,0,2,3,7.07,True
873,es-ES,99.0,2,0,0,2,6.27,True
873,ja-JP,96.5,4,0,1,3,4.24,True
873,it-IT,100.0,0,0,0,0,3.46,True
873,de-DE,95.0,4,0,2,2,6.29,True
875,it-IT,81.5,12,1,2,9,7.96,False
876,it-IT,100.0,0,0,0,0,2.39,True
876,es-ES,89.5,9,0,4,5,7.92,False
876,nl-NL,100.0,0,0,0,0,7.33,True
876,de-DE,90.5,7,0,4,3,3.36,False
876,fr-FR,94.5,5,0,2,3,5.73,True
876,pl-PL,97.5,2,0,1,1,4.08,True
877,de-DE,98.0,1,0,1,0,1.22,True
877,fr-FR,91.0,6,0,4,2,4.54,False
877,ja-JP,95.5,6,0,1,5,1.53,True
877,es-ES,97.0,6,0,0,6,2.56,True
878,de-DE,95.0,7,0,1,6,3.31,True
878,fr-FR,97.5,2,0,1,1,5.52,True
878,ko-KR,95.0,7,0,1,6,3.33,True
878,es-ES,99.0,2,0,0,2,7.58,True
878,ja-JP,94.5,8,0,1,7,2.44,True
879,de-DE,97.5,2,0,1,1,2.88,True
879,fr-FR,85.5,7,1,1,5,3.71,False
879,ja-JP,100.0,0,0,0,0,5.74,True
879,es-ES,87.5,6,1,0,5,4.99,False
879,zh-CN,98.0,4,0,0,4,3.38,True
880,de-DE,94.5,8,0,1,7,2.4,True
880,es-ES,98.0,1,0,1,0,2.02,True
880,it-IT,89.0,7,0,5,2,3.14,False
880,pl-PL,95.5,6,0,1,5,6.56,True
880,fr-FR,99.0,2,0,0,2,2.33,True
881,fr-FR,97.0,3,0,1,2,7.67,True
881,ja-JP,93.5,4,0,3,1,1.24,True
881,es-ES,98.0,1,0,1,0,2.5,True
881,de-DE,96.0,5,0,1,4,5.73,True
883,es-ES,91.5,11,0,2,9,7.23,False
883,it-IT,97.0,3,0,1,2,1.22,True
883,de-DE,94.0,3,0,3,0,1.7,True
883,fr-FR,95.5,9,0,0,9,5.93,True
884,de-DE,95.0,4,0,2,2,1.21,True
884,ja-JP,88.0,9,0,5,4,3.0,False
885,zh-CN,97.0,6,0,0,6,4.42,True
885,es-ES,93.5,4,0,3,1,7.01,True
885,de-DE,96.5,4,0,1,3,3.92,True
885,fr-FR,95.5,3,0,2,1,7.6,True
886,es-ES,96.0,8,0,0,8,1.38,True
886,ja-JP,97.5,2,0,1,1,2.68,True
886,it-IT,88.5,8,0,5,3,4.42,False
888,es-ES,85.5,7,1,1,5,2.83,False
888,de-DE,97.5,5,0,0,5,1.23,True
888,it-IT,92.5,6,0,3,3,4.24,True
888,fr-FR,93.5,7,0,2,5,2.6,True
889,de-DE,91.0,6,0,4,2,5.84,False
889,es-ES,100.0,0,0,0,0,5.8,True
889,en-US,98.5,3,0,0,3,4.13,True
891,de-DE,97.5,5,0,0,5,7.08,True
891,fr-FR,98.5,3,0,0,3,1.64,True
891,zh-CN,97.0,6,0,0,6,1.17,True
892,es-ES,94.0,3,0,3,0,3.41,True
892,fr-FR,99.0,2,0,0,2,4.87,True
892,zh-CN,99.0,2,0,0,2,1.68,True
892,de-DE,89.0,10,0,4,6,4.22,False
895,fr-FR,99.0,2,0,0,2,2.58,True
895,ja-JP,99.5,1,0,0,1,5.57,True
896,ja-JP,91.5,11,0,2,9,2.24,False
898,fr-FR,94.5,5,0,2,3,6.93,True
898,en-US,100.0,0,0,0,0,7.41,True
898,ja-JP,98.0,1,0,1,0,5.93,True
898,de-DE,98.5,3,0,0,3,2.0,True
902,fr-FR,97.5,5,0,0,5,3.55,True
902,zh-CN,96.5,4,0,1,3,4.04,True
902,de-DE,97.5,5,0,0,5,7.2,True
902,es-ES,91.0,6,0,4,2,1.78,False
904,es-ES,100.0,0,0,0,0,7.82,True
904,de-DE,92.5,6,0,3,3,3.65,True
904,fr-FR,96.5,7,0,0,7,3.54,True
904,it-IT,95.0,4,0,2,2,2.45,True
905,de-DE,99.0,2,0,0,2,2.42,True
906,fr-FR,88.5,11,0,4,7,6.79,False
906,zh-CN,90.5,7,0,4,3,1.65,False
909,it-IT,98.0,4,0,0,4,3.94,True
909,fr-FR,100.0,0,0,0,0,6.57,True
909,es-ES,85.5,14,0,5,9,3.53,False
909,ja-JP,100.0,0,0,0,0,3.24,True
909,de-DE,96.0,2,0,2,0,4.87,True
910,es-ES,99.0,2,0,0,2,3.52,True
911,da-DK,98.5,3,0,0,3,5.54,True
911,es-ES,93.5,10,0,1,9,6.47,True
911,fr-FR,98.0,4,0,0,4,7.9,True
911,de-DE,95.5,6,0,1,5,6.08,True
913,fr-FR,85.5,7,1,1,5,5.5,False
914,fr-FR,95.0,7,0,1,6,7.4,True
914,zh-CN,100.0,0,0,0,0,3.63,True
914,de-DE,96.5,4,0,1,3,5.23,True
914,es-ES,98.0,4,0,0,4,6.96,True
918,ja-JP,95.5,9,0,0,9,1.84,True
918,ko-KR,87.5,3,1,1,1,6.7,False
918,de-DE,95.0,7,0,1,6,2.96,True
922,es-ES,98.0,1,0,1,0,2.02,True
924,es-ES,93.5,10,0,1,9,7.94,True
925,ja-JP,95.0,4,0,2,2,4.77,True
925,fr-FR,94.5,8,0,1,7,5.47,True
925,de-DE,100.0,0,0,0,0,1.02,True
926,ja-JP,87.5,13,0,4,9,1.56,False
926,de-DE,97.0,6,0,0,6,3.38,True
926,fr-FR,97.5,2,0,1,1,2.77,True
926,it-IT,93.5,7,0,2,5,6.22,True
926,es-ES,90.0,11,0,3,8,7.56,False
929,de-DE,99.5,1,0,0,1,5.06,True
929,fr-FR,87.5,13,0,4,9,1.35,False
929,es-ES,89.0,13,0,3,10,6.03,False
929,en-GB,93.5,10,0,1,9,3.97,True
929,ja-JP,89.0,3,1,0,2,1.97,False
933,en-GB,98.0,1,0,1,0,7.68,True
933,fr-FR,93.5,10,0,1,9,2.83,True
933,de-DE,97.5,2,0,1,1,4.01,True
935,fr-FR,96.5,7,0,0,7,3.93,True
935,en-GB,100.0,0,0,0,0,4.0,True
935,de-DE,97.0,3,0,1,2,7.36,True
936,de-DE,95.5,3,0,2,1,6.2,True
936,es-ES,99.5,1,0,0,1,1.2,True
937,ja-JP,100.0,0,0,0,0,3.59,True
937,es-ES,99.5,1,0,0,1,7.84,True
937,de-DE,96.5,4,0,1,3,4.88,True
940,es-ES,96.0,5,0,1,4,2.48,True
940,ko-KR,94.0,6,0,2,4,7.33,True
941,en-GB,91.0,9,0,3,6,7.66,False
941,de-DE,96.0,5,0,1,4,7.83,True
941,fr-FR,97.0,6,0,0,6,6.47,True
942,de-DE,89.5,2,1,0,1,3.86,False
942,en-GB,87.5,3,1,1,1,4.89,False
942,fr-FR,96.0,8,0,0,8,4.89,True
944,es-ES,87.5,6,1,0,5,5.54,False
946,de-DE,71.5,7,2,4,1,7.89,False
946,en-GB,88.0,2,1,1,0,4.28,False
946,fr-FR,94.5,8,0,1,7,4.6,True
947,es-ES,99.0,2,0,0,2,3.34,True
951,zh-CN,98.5,3,0,0,3,7.01,True
951,de-DE,100.0,0,0,0,0,2.3,True
951,es-ES,82.5,7,1,3,3,3.87,False
953,de-DE,97.0,6,0,0,6,1.86,True
955,ja-JP,94.5,5,0,2,3,6.45,True
955,fr-FR,91.0,9,0,3,6,6.4,False
955,it-IT,93.0,5,0,3,2,1.11,True
955,es-ES,100.0,0,0,0,0,5.7,True
955,de-DE,98.5,3,0,0,3,4.69,True
956,en-US,94.0,6,0,2,4,4.25,True
958,de-DE,97.5,5,0,0,5,1.46,True
958,fr-FR,100.0,0,0,0,0,1.09,True
958,zh-CN,99.0,2,0,0,2,5.21,True
960,en-GB,86.0,9,1,0,8,3.15,False
960,fr-FR,86.5,8,1,0,7,5.14,False
960,de-DE,89.5,2,1,0,1,4.57,False
960,ja-JP,96.5,4,0,1,3,3.14,True
960,es-ES,94.0,6,0,2,4,6.22,True
963,de-DE,96.0,5,0,1,4,5.2,True
963,ja-JP,99.0,2,0,0,2,6.16,True
964,da-DK,95.5,3,0,2,1,7.74,True
966,ja-JP,88.0,2,1,1,0,5.73,False
966,fr-FR,98.0,4,0,0,4,1.28,True
966,de-DE,93.5,7,0,2,5,7.83,True
966,es-ES,87.5,6,1,0,5,3.16,False
967,fr-FR,96.5,4,0,1,3,6.99,True
967,ja-JP,96.5,4,0,1,3,3.69,True
967,zh-CN,98.0,4,0,0,4,4.02,True
967,de-DE,84.0,7,1,2,4,5.08,False
967,es-ES,97.5,5,0,0,5,2.3,True
969,ja-JP,95.0,4,0,2,2,6.1,True
969,fr-FR,100.0,0,0,0,0,2.52,True
969,es-ES,89.5,6,0,5,1,1.53,False
969,de-DE,93.5,7,0,2,5,6.63,True
971,fr-FR,100.0,0,0,0,0,1.76,True
971,ja-JP,74.0,11,2,1,8,2.19,False
973,zh-CN,98.5,3,0,0,3,7.2,True
973,es-ES,95.5,3,0,2,1,2.96,True
973,de-DE,79.0,11,1,4,6,3.92,False
973,ja-JP,89.0,13,0,3,10,1.45,False
973,fr-FR,96.5,4,0,1,3,5.15,True
974,fr-FR,98.0,4,0,0,4,1.13,True
974,es-ES,94.5,8,0,1,7,2.88,True
974,de-DE,99.5,1,0,0,1,5.68,True
976,en-GB,92.0,10,0,2,8,3.83,True
976,de-DE,88.5,4,1,0,3,1.33,False
976,fr-FR,88.0,12,0,4,8,4.56,False
977,ja-JP,94.0,6,0,2,4,2.97,True
981,de-DE,85.5,4,1,2,1,4.69,False
981,fr-FR,99.5,1,0,0,1,5.85,True
981,zh-CN,90.5,7,0,4,3,2.52,False
981,ja-JP,94.0,3,0,3,0,4.95,True
981,es-ES,97.5,2,0,1,1,7.38,True
982,en-US,97.5,2,0,1,1,6.21,True
982,fr-FR,98.0,4,0,0,4,1.02,True
982,ja-JP,95.5,6,0,1,5,2.94,True
982,de-DE,99.5,1,0,0,1,3.89,True
984,de-DE,95.5,3,0,2,1,5.83,True
985,fr-FR,95.5,3,0,2,1,2.64,True
985,de-DE,94.5,8,0,1,7,2.13,True
985,zh-CN,94.5,5,0,2,3,4.91,True
988,ja-JP,92.0,7,0,3,4,2.3,True
989,de-DE,98.0,1,0,1,0,2.22,True
989,fr-FR,97.0,3,0,1,2,5.56,True
989,zh-CN,96.0,8,0,0,8,4.31,True
989,es-ES,98.0,1,0,1,0,4.45,True
991,pl-PL,100.0,0,0,0,0,7.39,True
991,nl-NL,98.0,1,0,1,0,3.37,True
998,it-IT,97.0,3,0,1,2,4.76,True
999,es-ES,97.5,2,0,1,1,5.27,True
999,de-DE,97.0,3,0,1,2,5.44,True
999,ja-JP,96.0,2,0,2,0,4.89,True
999,fr-FR,91.5,5,0,4,1,4.14,False
1000,pt-BR,89.0,3,1,0,2,3.44,False
1000,fr-FR,97.0,6,0,0,6,5.13,True
1000,de-DE,95.5,9,0,0,9,2.22,True
1000,es-ES,95.0,7,0,1,6,3.9,True
1000,ja-JP,99.0,2,0,0,2,7.23,True
1001,ja-JP,96.0,2,0,2,0,7.95,True
1001,de-DE,96.5,4,0,1,3,1.45,True
1001,es-ES,98.0,1,0,1,0,1.59,True
1002,en-GB,100.0,0,0,0,0,7.21,True
1002,de-DE,100.0,0,0,0,0,7.89,True
1004,it-IT,98.5,3,0,0,3,6.3,True
1004,ja-JP,97.5,2,0,1,1,3.31,True
1004,fr-FR,94.5,5,0,2,3,7.83,True
1004,es-ES,96.0,8,0,0,8,6.62,True
1004,de-DE,93.5,10,0,1,9,1.18,True
1009,es-ES,94.0,6,0,2,4,5.55,True
1009,ja-JP,99.5,1,0,0,1,4.9,True
1010,da-DK,99.0,2,0,0,2,4.32,True
1010,es-ES,96.5,4,0,1,3,5.51,True
1010,de-DE,84.0,10,1,1,8,2.71,False
1010,fr-FR,92.5,9,0,2,7,3.92,True
1012,it-IT,93.5,4,0,3,1,2.55,True
1014,es-ES,96.5,4,0,1,3,4.67,True
1014,en-US,95.5,3,0,2,1,3.37,True
1014,fr-FR,95.5,9,0,0,9,7.5,True
1014,de-DE,95.0,4,0,2,2,3.18,True
1015,fr-FR,93.5,4,0,3,1,5.34,True
1015,da-DK,90.0,1,1,0,0,2.87,False
1017,de-DE,94.5,8,0,1,7,4.48,True
1018,de-DE,98.5,3,0,0,3,4.62,True
1018,ja-JP,94.0,6,0,2,4,4.83,True
1018,ko-KR,98.0,1,0,1,0,1.02,True
1018,es-ES,95.5,3,0,2,1,2.13,True
1018,fr-FR,97.0,6,0,0,6,7.95,True
1019,de-DE,99.5,1,0,0,1,2.79,True
1022,de-DE,94.0,9,0,1,8,4.84,True
1022,en-US,95.5,3,0,2,1,7.01,True
1022,ja-JP,94.5,8,0,1,7,5.3,True
1031,fr-FR,94.0,3,0,3,0,4.47,True
1031,de-DE,96.0,5,0,1,4,2.45,True
1031,zh-CN,99.5,1,0,0,1,2.17,True
1032,de-DE,97.5,2,0,1,1,3.51,True
1033,de-DE,93.0,5,0,3,2,4.14,True
1036,fr-FR,96.5,4,0,1,3,2.49,True
1036,it-IT,100.0,0,0,0,0,7.35,True
1036,ja-JP,96.0,2,0,2,0,3.39,True
1036,es-ES,89.0,13,0,3,10,4.35,False
1036,de-DE,93.5,10,0,1,9,2.99,True
1038,zh-CN,95.0,7,0,1,6,6.22,True
1038,de-DE,85.0,5,1,2,2,7.82,False
1038,fr-FR,99.0,2,0,0,2,7.88,True
1040,en-GB,95.0,7,0,1,6,2.15,True
1040,de-DE,96.0,5,0,1,4,5.92,True
1040,fr-FR,99.5,1,0,0,1,6.31,True
1041,ja-JP,92.5,9,0,2,7,7.83,True
1042,de-DE,97.0,6,0,0,6,2.84,True
1042,zh-CN,97.5,2,0,1,1,6.42,True
1042,fr-FR,99.5,1,0,0,1,7.1,True
1042,es-ES,95.5,3,0,2,1,5.93,True
1043,it-IT,87.0,4,1,1,2,1.35,False
1043,fr-FR,91.5,8,0,3,5,5.8,False
1043,ja-JP,94.5,5,0,2,3,1.25,True
1043,de-DE,97.5,2,0,1,1,7.87,True
1043,es-ES,87.5,3,1,1,1,1.74,False
1047,de-DE,94.0,9,0,1,8,7.16,True
1047,es-ES,94.5,8,0,1,7,2.11,True
1048,zh-CN,94.5,8,0,1,7,5.2,True
1048,de-DE,95.5,9,0,0,9,1.49,True
1048,fr-FR,95.5,3,0,2,1,6.95,True
1048,ko-KR,92.0,7,0,3,4,5.18,True
1048,ja-JP,87.0,4,1,1,2,3.71,False
1053,en-GB,94.5,5,0,2,3,7.57,True
1053,de-DE,93.5,10,0,1,9,3.44,True
1053,fr-FR,91.0,6,0,4,2,1.52,False
1054,fr-FR,97.0,6,0,0,6,2.99,True
1054,es-ES,96.5,4,0,1,3,3.66,True
1054,ja-JP,96.0,5,0,1,4,5.85,True
1055,fr-FR,95.5,9,0,0,9,2.9,True
1055,ja-JP,96.5,4,0,1,3,5.13,True
1055,es-ES,99.0,2,0,0,2,7.87,True
1055,de-DE,98.0,4,0,0,4,3.34,True
1057,ja-JP,92.5,6,0,3,3,5.37,True
1057,de-DE,93.5,4,0,3,1,7.48,True
1057,fr-FR,96.0,5,0,1,4,3.83,True
1057,zh-CN,98.0,4,0,0,4,3.71,True
1059,es-ES,97.0,3,0,1,2,4.54,True
1067,de-DE,74.5,10,2,1,7,4.64,False
1069,es-ES,96.5,4,0,1,3,1.55,True
1069,de-DE,87.5,6,1,0,5,3.26,False
1069,fr-FR,94.0,6,0,2,4,5.27,True
1069,ja-JP,95.5,3,0,2,1,2.95,True
1070,de-DE,97.0,3,0,1,2,2.91,True
1070,ja-JP,97.0,3,0,1,2,1.43,True
1070,ko-KR,96.0,5,0,1,4,4.85,True
1070,zh-CN,99.5,1,0,0,1,1.63,True
1070,fr-FR,94.0,9,0,1,8,3.67,True
1071,fr-FR,97.5,2,0,1,1,4.91,True
1071,es-ES,99.0,2,0,0,2,7.65,True
1082,de-DE,96.0,8,0,0,8,4.92,True
1082,it-IT,96.5,4,0,1,3,1.0,True
1085,de-DE,98.0,1,0,1,0,5.03,True
1085,zh-CN,97.0,6,0,0,6,5.4,True
1091,es-ES,83.5,11,1,1,9,6.86,False
1091,fr-FR,78.5,9,1,5,3,6.4,False
1091,ja-JP,93.0,8,0,2,6,1.64,True
1091,de-DE,86.0,3,1,2,0,3.82,False
1093,es-ES,93.5,7,0,2,5,6.96,True
1094,fr-FR,97.5,2,0,1,1,2.59,True
1098,fr-FR,98.5,3,0,0,3,2.69,True
1098,de-DE,87.0,7,1,0,6,1.91,False
1098,es-ES,97.0,3,0,1,2,1.19,True
1098,ja-JP,95.0,7,0,1,6,2.94,True
1099,zh-CN,99.5,1,0,0,1,3.76,True
1099,ko-KR,91.5,5,0,4,1,2.8,False
1099,de-DE,100.0,0,0,0,0,1.76,True
1099,fr-FR,96.0,8,0,0,8,5.57,True
1099,ja-JP,92.5,9,0,2,7,5.31,True
1102,de-DE,93.5,4,0,3,1,1.06,True
1102,ja-JP,95.5,3,0,2,1,1.13,True
1102,ko-KR,98.0,1,0,1,0,5.43,True
1102,fr-FR,97.0,3,0,1,2,1.28,True
1102,es-ES,84.5,9,1,1,7,2.32,False
1103,fr-FR,97.0,6,0,0,6,1.1,True
1103,de-DE,88.0,12,0,4,8,5.46,False
1103,it-IT,93.5,7,0,2,5,2.02,True
1103,es-ES,94.5,8,0,1,7,5.56,True
1103,pt-BR,94.0,9,0,1,8,7.68,True
1104,fr-FR,91.0,9,0,3,6,2.58,False
1104,en-GB,94.5,8,0,1,7,3.17,True
1104,de-DE,99.5,1,0,0,1,6.58,True
1106,de-DE,92.0,4,0,4,0,7.08,True
1106,zh-CN,88.5,11,0,4,7,6.89,False
1106,fr-FR,86.0,3,1,2,0,3.9,False
1108,zh-CN,98.5,3,0,0,3,1.44,True
1108,ko-KR,92.5,6,0,3,3,2.72,True
1108,fr-FR,95.0,7,0,1,6,2.48,True
1108,ja-JP,95.5,6,0,1,5,7.28,True
1108,de-DE,96.0,2,0,2,0,5.61,True
1110,de-DE,94.5,5,0,2,3,6.16,True
1110,fr-FR,95.0,4,0,2,2,3.12,True
1110,en-GB,89.5,12,0,3,9,6.28,False
1112,fr-FR,94.5,5,0,2,3,5.21,True
1112,de-DE,93.0,8,0,2,6,7.87,True
1112,zh-CN,95.5,3,0,2,1,2.26,True
1114,pt-BR,91.0,6,0,4,2,6.81,False
1114,es-ES,91.0,9,0,3,6,5.53,False
1114,fr-FR,90.0,5,0,5,0,6.31,False
1114,it-IT,89.5,6,0,5,1,5.98,False
1116,de-DE,93.5,4,0,3,1,6.35,True
1116,fr-FR,97.5,2,0,1,1,1.62,True
1119,de-DE,99.0,2,0,0,2,7.14,True
1123,ja-JP,99.5,1,0,0,1,6.31,True
1125,es-ES,99.5,1,0,0,1,5.99,True
1125,en-US,98.0,4,0,0,4,5.63,True
1126,de-DE,98.0,4,0,0,4,6.48,True
1126,ja-JP,97.5,2,0,1,1,4.08,True
1126,fr-FR,95.5,3,0,2,1,3.21,True
1131,ja-JP,95.5,9,0,0,9,5.17,True
1131,fr-FR,91.5,8,0,3,5,4.83,False
1131,zh-CN,100.0,0,0,0,0,5.09,True
1133,it-IT,91.5,8,0,3,5,1.75,False
1138,es-ES,89.5,12,0,3,9,4.92,False
1138,pt-BR,93.0,5,0,3,2,2.32,True
1143,es-ES,97.5,5,0,0,5,5.44,True
1143,fr-FR,99.5,1,0,0,1,5.36,True
1143,de-DE,96.0,8,0,0,8,5.77,True
1143,ja-JP,97.0,3,0,1,2,7.5,True
1144,ja-JP,72.5,11,2,2,7,3.11,False
1147,de-DE,97.0,3,0,1,2,7.47,True
1147,en-US,95.0,10,0,0,10,2.61,True
1153,da-DK,97.5,2,0,1,1,1.5,True
1154,ko-KR,93.5,10,0,1,9,4.53,True
1154,es-ES,97.0,3,0,1,2,7.45,True
1154,ja-JP,94.5,8,0,1,7,5.75,True
1154,de-DE,95.5,6,0,1,5,6.81,True
1156,fr-FR,97.5,2,0,1,1,5.77,True
1156,es-ES,97.0,3,0,1,2,3.53,True
1157,de-DE,91.5,8,0,3,5,3.05,False
1157,es-ES,95.5,6,0,1,5,6.83,True
1157,it-IT,99.0,2,0,0,2,5.69,True
1157,fr-FR,96.5,4,0,1,3,7.27,True
1159,de-DE,84.0,10,1,1,8,6.65,False
1159,it-IT,97.0,3,0,1,2,3.3,True
1159,es-ES,98.0,1,0,1,0,1.93,True
1159,ja-JP,92.0,7,0,3,4,1.89,True
1159,fr-FR,94.0,6,0,2,4,1.33,True
1161,ja-JP,98.0,4,0,0,4,5.43,True
1161,es-ES,93.5,4,0,3,1,7.97,True
1161,de-DE,100.0,0,0,0,0,5.4,True
1161,fr-FR,93.5,4,0,3,1,5.77,True
1162,zh-CN,98.5,3,0,0,3,7.36,True
1162,de-DE,96.0,2,0,2,0,1.47,True
1163,de-DE,99.0,2,0,0,2,7.37,True
1163,ja-JP,92.0,4,0,4,0,3.76,True
1163,fr-FR,100.0,0,0,0,0,4.03,True
1163,es-ES,85.0,5,1,2,2,5.64,False
1164,de-DE,100.0,0,0,0,0,5.86,True
1164,it-IT,99.0,2,0,0,2,3.57,True
1164,fr-FR,84.5,6,1,2,3,1.74,False
1164,es-ES,91.5,8,0,3,5,1.08,False
1166,de-DE,96.0,2,0,2,0,7.06,True
1166,it-IT,100.0,0,0,0,0,4.98,True
1166,fr-FR,92.5,6,0,3,3,1.49,True
1166,es-ES,91.5,8,0,3,5,2.87,False
1167,ko-KR,88.0,2,1,1,0,3.08,False
1167,ja-JP,96.0,2,0,2,0,4.44,True
1170,de-DE,93.5,4,0,3,1,6.86,True
1170,ko-KR,100.0,0,0,0,0,3.67,True
1170,ja-JP,99.0,2,0,0,2,5.51,True
1170,es-ES,96.5,4,0,1,3,5.33,True
1170,fr-FR,100.0,0,0,0,0,1.42,True
1171,de-DE,96.5,4,0,1,3,2.8,True
1171,fr-FR,90.5,7,0,4,3,1.33,False
1171,ko-KR,100.0,0,0,0,0,3.41,True
1171,es-ES,94.5,8,0,1,7,4.0,True
1172,fr-FR,97.0,3,0,1,2,3.55,True
1172,de-DE,91.0,9,0,3,6,2.57,False
1172,ja-JP,93.0,5,0,3,2,5.12,True
1172,es-ES,98.5,3,0,0,3,5.22,True
1173,zh-CN,89.0,10,0,4,6,6.33,False
1173,fr-FR,96.0,5,0,1,4,6.2,True
1173,de-DE,86.5,5,1,1,3,6.97,False
1176,ja-JP,100.0,0,0,0,0,1.03,True
1176,zh-CN,99.5,1,0,0,1,2.48,True
1176,fr-FR,95.5,3,0,2,1,6.51,True
1176,de-DE,100.0,0,0,0,0,7.67,True
1183,ko-KR,99.0,2,0,0,2,2.42,True
1184,fr-FR,95.0,7,0,1,6,6.53,True
1184,ja-JP,96.5,4,0,1,3,3.39,True
1184,ko-KR,94.0,3,0,3,0,7.9,True
1184,es-ES,97.0,6,0,0,6,4.55,True
1184,de-DE,95.5,3,0,2,1,3.72,True
1189,fr-FR,100.0,0,0,0,0,6.37,True
1190,en-US,88.0,12,0,4,8,4.87,False
1190,de-DE,81.0,13,1,2,10,1.09,False
1190,ja-JP,97.0,3,0,1,2,5.86,True
1190,fr-FR,94.5,5,0,2,3,3.12,True
1195,ja-JP,99.0,2,0,0,2,3.23,True
1195,zh-CN,96.5,4,0,1,3,1.65,True
1195,fr-FR,99.0,2,0,0,2,1.74,True
1195,ko-KR,89.5,12,0,3,9,6.96,False
1195,de-DE,86.0,13,0,5,8,7.82,False
1197,ja-JP,89.0,3,1,0,2,7.52,False
1200,fr-FR,95.0,4,0,2,2,1.51,True
1200,es-ES,99.0,2,0,0,2,3.87,True
1200,de-DE,95.0,10,0,0,10,6.82,True
1200,zh-CN,97.5,2,0,1,1,7.12,True
1201,fr-FR,96.5,4,0,1,3,2.34,True
1201,ko-KR,91.0,6,0,4,2,3.22,False
1207,fr-FR,96.0,5,0,1,4,4.99,True
1207,ja-JP,93.0,8,0,2,6,2.55,True
1207,de-DE,97.0,3,0,1,2,7.3,True
1207,it-IT,91.5,11,0,2,9,5.56,False
1207,es-ES,96.0,2,0,2,0,2.86,True
1208,ja-JP,93.0,5,0,3,2,5.53,True
1208,fr-FR,96.0,5,0,1,4,1.54,True
1208,zh-CN,94.0,6,0,2,4,7.62,True
1208,de-DE,97.5,2,0,1,1,2.57,True
1208,ko-KR,96.5,4,0,1,3,3.36,True
1212,de-DE,100.0,0,0,0,0,5.47,True
1212,da-DK,91.0,6,0,4,2,5.79,False
1212,fr-FR,97.0,6,0,0,6,6.41,True
1212,es-ES,97.5,5,0,0,5,5.78,True
1213,de-DE,88.0,12,0,4,8,1.12,False
1213,es-ES,94.5,5,0,2,3,3.25,True
1213,da-DK,98.0,1,0,1,0,6.8,True
1214,ja-JP,86.0,9,1,0,8,4.75,False
1214,ko-KR,98.5,3,0,0,3,2.84,True
1214,fr-FR,95.5,3,0,2,1,2.75,True
1214,de-DE,95.0,10,0,0,10,4.66,True
1214,zh-CN,95.5,6,0,1,5,7.45,True
1215,de-DE,96.0,8,0,0,8,2.82,True
1215,fr-FR,98.0,1,0,1,0,6.61,True
1215,es-ES,100.0,0,0,0,0,3.85,True
1215,en-US,98.0,4,0,0,4,1.98,True
1220,fr-FR,94.5,5,0,2,3,1.17,True
1221,ja-JP,96.0,5,0,1,4,3.35,True
1221,de-DE,97.5,5,0,0,5,1.28,True
1221,fr-FR,97.0,6,0,0,6,3.64,True
1221,es-ES,93.5,4,0,3,1,7.03,True
1225,fr-FR,98.0,1,0,1,0,6.38,True
1225,es-ES,93.0,5,0,3,2,3.82,True
1225,de-DE,100.0,0,0,0,0,4.1,True
1225,ja-JP,96.0,8,0,0,8,4.27,True
1229,en-GB,97.0,6,0,0,6,3.12,True
1230,ja-JP,95.0,7,0,1,6,7.58,True
1231,de-DE,98.0,1,0,1,0,3.59,True
1231,fr-FR,97.5,5,0,0,5,2.01,True
1233,ja-JP,98.0,4,0,0,4,1.2,True
1233,de-DE,98.0,4,0,0,4,3.48,True
1234,de-DE,99.0,2,0,0,2,4.69,True
1234,fr-FR,97.5,2,0,1,1,4.22,True
1234,ja-JP,98.0,4,0,0,4,1.83,True
1234,it-IT,98.5,3,0,0,3,2.64,True
1234,es-ES,99.5,1,0,0,1,7.42,True
1235,fr-FR,93.0,5,0,3,2,3.01,True
1235,ja-JP,84.5,6,1,2,3,3.71,False
1236,ja-JP,99.0,2,0,0,2,2.74,True
1236,fr-FR,95.0,7,0,1,6,3.18,True
1238,ko-KR,100.0,0,0,0,0,6.36,True
1238,de-DE,100.0,0,0,0,0,5.72,True
1238,es-ES,98.0,4,0,0,4,5.76,True
1240,de-DE,98.5,3,0,0,3,6.74,True
1240,zh-CN,94.5,5,0,2,3,2.97,True
1240,fr-FR,84.0,7,1,2,4,1.94,False
1241,es-ES,99.0,2,0,0,2,4.43,True
1242,ja-JP,98.0,4,0,0,4,7.97,True
1242,fr-FR,94.0,3,0,3,0,5.13,True
1242,de-DE,98.5,3,0,0,3,7.37,True
1242,ko-KR,94.0,3,0,3,0,2.35,True
1242,es-ES,89.5,9,0,4,5,5.17,False
1243,fr-FR,98.0,1,0,1,0,3.82,True
1244,ko-KR,95.0,7,0,1,6,3.28,True
1244,de-DE,97.5,5,0,0,5,2.72,True
1244,fr-FR,97.0,6,0,0,6,5.48,True
1244,ja-JP,90.5,7,0,4,3,7.5,False
1244,es-ES,93.0,5,0,3,2,2.25,True
1245,fr-FR,88.5,8,0,5,3,3.56,False
1245,de-DE,96.0,2,0,2,0,4.68,True
1245,en-US,97.5,5,0,0,5,1.0,True
1245,es-ES,98.5,3,0,0,3,4.82,True
1247,ja-JP,96.5,4,0,1,3,2.12,True
1248,fr-FR,94.0,3,0,3,0,7.36,True
1248,nl-NL,80.0,2,2,0,0,7.9,False
1248,it-IT,93.0,5,0,3,2,6.17,True
1248,es-ES,87.5,6,1,0,5,4.27,False
1248,de-DE,88.0,2,1,1,0,2.88,False
1250,es-ES,92.0,4,0,4,0,5.05,True
1250,de-DE,94.5,8,0,1,7,5.75,True
1250,da-DK,94.0,6,0,2,4,2.17,True
1251,es-ES,94.5,8,0,1,7,7.53,True
1251,de-DE,97.0,3,0,1,2,6.38,True
1251,ja-JP,95.5,6,0,1,5,3.73,True
1251,fr-FR,94.0,6,0,2,4,4.78,True
1251,en-GB,99.0,2,0,0,2,5.26,True
1253,es-ES,97.0,6,0,0,6,2.61,True
1253,de-DE,96.5,4,0,1,3,3.44,True
1253,fr-FR,98.5,3,0,0,3,2.55,True
1253,ko-KR,98.5,3,0,0,3,5.26,True
1253,ja-JP,98.0,4,0,0,4,3.45,True
1257,fr-FR,87.0,4,1,1,2,1.13,False
1257,en-GB,98.0,1,0,1,0,6.04,True
1257,de-DE,91.0,12,0,2,10,7.13,False
1258,ja-JP,91.5,5,0,4,1,4.0,False
1258,de-DE,98.0,1,0,1,0,1.3,True
1258,ko-KR,94.5,5,0,2,3,5.78,True
1259,ja-JP,96.5,7,0,0,7,7.45,True
1259,zh-CN,95.5,9,0,0,9,7.71,True
1259,de-DE,99.5,1,0,0,1,6.48,True
1259,fr-FR,95.5,3,0,2,1,2.8,True
1259,es-ES,97.5,2,0,1,1,2.29,True
1261,ja-JP,87.0,4,1,1,2,6.15,False
1261,es-ES,88.5,8,0,5,3,2.3,False
1262,ja-JP,98.0,4,0,0,4,1.16,True
1268,de-DE,98.5,3,0,0,3,4.48,True
1268,fr-FR,90.0,8,0,4,4,7.96,False
1268,es-ES,94.0,6,0,2,4,5.32,True
1269,de-DE,86.0,13,0,5,8,6.32,False
1269,es-ES,98.0,1,0,1,0,5.81,True
1269,zh-CN,93.5,7,0,2,5,1.01,True
1269,fr-FR,96.0,2,0,2,0,6.46,True
1271,es-ES,97.5,5,0,0,5,3.05,True
1272,de-DE,93.0,8,0,2,6,5.75,True
1272,fr-FR,91.0,6,0,4,2,5.01,False
1272,es-ES,93.0,5,0,3,2,1.97,True
1272,ja-JP,96.0,2,0,2,0,7.57,True
1273,it-IT,96.5,4,0,1,3,2.12,True
1273,fr-FR,97.5,2,0,1,1,3.7,True
1273,es-ES,77.5,14,1,4,9,4.72,False
1273,de-DE,98.5,3,0,0,3,1.21,True
1274,ja-JP,92.0,7,0,3,4,1.26,True
1274,en-US,97.5,2,0,1,1,4.22,True
1274,de-DE,94.5,5,0,2,3,6.74,True
1275,de-DE,98.0,4,0,0,4,2.1,True
1276,zh-CN,94.5,5,0,2,3,7.13,True
1276,de-DE,97.0,6,0,0,6,4.03,True
1276,fr-FR,95.5,3,0,2,1,4.51,True
1276,ja-JP,99.0,2,0,0,2,6.09,True
1279,fr-FR,99.0,2,0,0,2,3.27,True
1279,ko-KR,98.0,1,0,1,0,7.7,True
1280,fr-FR,95.5,9,0,0,9,4.34,True
1280,de-DE,94.5,8,0,1,7,4.57,True
1280,es-ES,100.0,0,0,0,0,3.4,True
1280,ja-JP,97.0,3,0,1,2,2.75,True
1282,es-ES,97.0,3,0,1,2,5.09,True
1282,de-DE,91.5,5,0,4,1,4.19,False
1282,nl-NL,97.5,5,0,0,5,3.6,True
1282,it-IT,95.5,3,0,2,1,2.37,True
1282,fr-FR,97.0,3,0,1,2,1.74,True
1283,zh-CN,99.0,2,0,0,2,1.84,True
1283,fr-FR,94.5,8,0,1,7,5.58,True
1284,nl-NL,97.5,2,0,1,1,5.02,True
1287,fr-FR,85.5,4,1,2,1,7.52,False
1287,es-ES,98.0,4,0,0,4,4.22,True
1287,de-DE,88.0,2,1,1,0,4.64,False
1287,ja-JP,95.0,4,0,2,2,5.88,True
1289,ko-KR,91.5,5,0,4,1,1.36,False
1292,fr-FR,98.0,1,0,1,0,5.15,True
1292,de-DE,100.0,0,0,0,0,2.81,True
1292,zh-CN,97.5,2,0,1,1,2.77,True
1295,es-ES,91.5,5,0,4,1,4.36,False
1295,ja-JP,96.0,5,0,1,4,6.01,True
1295,de-DE,95.5,6,0,1,5,5.9,True
1295,fr-FR,97.0,3,0,1,2,3.15,True
1297,fr-FR,98.0,1,0,1,0,3.05,True
1297,zh-CN,96.0,5,0,1,4,2.14,True
1297,de-DE,92.5,9,0,2,7,6.15,True
1297,ko-KR,99.0,2,0,0,2,5.64,True
1297,ja-JP,97.0,3,0,1,2,5.88,True
1300,pt-BR,96.0,8,0,0,8,7.96,True
1301,fr-FR,90.0,11,0,3,8,5.35,False
1306,zh-CN,91.0,6,0,4,2,5.01,False
1306,fr-FR,94.0,3,0,3,0,2.19,True
1306,de-DE,98.5,3,0,0,3,2.69,True
1307,es-ES,98.5,3,0,0,3,5.83,True
1307,zh-CN,94.0,3,0,3,0,6.16,True
1311,es-ES,89.0,7,0,5,2,6.02,False
1311,it-IT,93.5,7,0,2,5,1.39,True
1311,de-DE,99.5,1,0,0,1,4.5,True
1311,ja-JP,81.0,13,1,2,10,6.68,False
1311,fr-FR,95.0,4,0,2,2,7.37,True
1312,de-DE,97.0,6,0,0,6,2.41,True
1312,fr-FR,99.5,1,0,0,1,4.25,True
1314,de-DE,92.0,4,0,4,0,6.21,True
1315,ko-KR,95.0,7,0,1,6,6.97,True
1315,es-ES,93.5,4,0,3,1,2.45,True
1315,fr-FR,98.0,4,0,0,4,7.77,True
1315,ja-JP,91.5,5,0,4,1,6.07,False
1317,es-ES,99.0,2,0,0,2,2.25,True
1317,da-DK,94.5,5,0,2,3,6.68,True
1317,de-DE,97.5,5,0,0,5,7.13,True
1317,fr-FR,95.5,6,0,1,5,7.63,True
1318,ja-JP,100.0,0,0,0,0,2.39,True
1319,fr-FR,98.0,1,0,1,0,6.11,True
1319,es-ES,99.0,2,0,0,2,3.72,True
1320,ko-KR,93.0,8,0,2,6,7.94,True
1320,fr-FR,96.0,2,0,2,0,2.18,True
1320,es-ES,97.5,5,0,0,5,3.52,True
1321,fr-FR,97.0,6,0,0,6,7.26,True
1321,ko-KR,78.0,10,1,5,4,1.03,False
1321,ja-JP,96.0,5,0,1,4,4.31,True
1321,es-ES,99.5,1,0,0,1,4.55,True
1321,de-DE,96.5,4,0,1,3,7.32,True
1322,en-GB,79.0,4,2,0,2,7.65,False
1322,de-DE,96.0,5,0,1,4,1.44,True
1322,fr-FR,94.5,8,0,1,7,5.29,True
1324,en-GB,97.0,6,0,0,6,5.06,True
1324,de-DE,91.5,8,0,3,5,4.42,False
1324,fr-FR,82.5,10,1,2,7,7.35,False
1328,es-ES,95.5,6,0,1,5,1.88,True
1328,it-IT,98.0,4,0,0,4,1.07,True
1332,it-IT,93.0,5,0,3,2,1.72,True
1332,nl-NL,99.0,2,0,0,2,6.87,True
1332,de-DE,98.0,4,0,0,4,5.28,True
1332,fr-FR,89.0,3,1,0,2,4.74,False
1332,es-ES,94.5,8,0,1,7,6.24,True
1334,de-DE,99.5,1,0,0,1,2.27,True
1334,ko-KR,99.0,2,0,0,2,5.83,True
1334,es-ES,91.0,9,0,3,6,6.97,False
1334,ja-JP,91.5,8,0,3,5,2.72,False
1334,fr-FR,100.0,0,0,0,0,5.7,True
1336,fr-FR,89.0,13,0,3,10,2.03,False
1336,de-DE,92.5,6,0,3,3,1.76,True
1336,it-IT,98.5,3,0,0,3,5.76,True
1336,pl-PL,85.5,4,1,2,1,6.01,False
1336,nl-NL,99.0,2,0,0,2,1.95,True
1337,ja-JP,97.5,2,0,1,1,2.68,True
1337,it-IT,93.0,8,0,2,6,1.39,True
1337,fr-FR,99.0,2,0,0,2,7.57,True
1337,de-DE,95.5,3,0,2,1,5.64,True
1337,es-ES,94.5,8,0,1,7,4.97,True
1338,de-DE,99.5,1,0,0,1,2.13,True
1338,ja-JP,96.0,5,0,1,4,4.39,True
1338,ko-KR,94.0,9,0,1,8,5.87,True
1339,es-ES,93.0,8,0,2,6,3.0,True
1343,es-ES,93.5,10,0,1,9,7.02,True
1347,de-DE,94.0,9,0,1,8,2.51,True
1347,fr-FR,98.5,3,0,0,3,1.0,True
1348,fr-FR,97.0,3,0,1,2,7.27,True
1348,en-US,98.5,3,0,0,3,2.31,True
1348,de-DE,91.0,6,0,4,2,6.88,False
1348,ja-JP,97.5,5,0,0,5,7.4,True
1349,ja-JP,100.0,0,0,0,0,3.25,True
1349,es-ES,96.5,4,0,1,3,4.15,True
1350,ja-JP,95.5,6,0,1,5,5.84,True
1350,fr-FR,98.0,1,0,1,0,4.03,True
1350,es-ES,95.0,10,0,0,10,7.62,True
1351,ko-KR,97.5,5,0,0,5,1.58,True
1351,ja-JP,93.5,4,0,3,1,2.14,True
1351,de-DE,89.0,7,0,5,2,4.4,False
1351,es-ES,95.5,6,0,1,5,7.44,True
1351,fr-FR,97.5,5,0,0,5,1.67,True
1352,es-ES,99.5,1,0,0,1,7.47,True
1352,pt-BR,89.5,6,0,5,1,3.59,False
1352,fr-FR,98.0,4,0,0,4,5.52,True
1352,ja-JP,92.0,10,0,2,8,5.88,True
1352,de-DE,96.0,8,0,0,8,5.86,True
1356,fr-FR,98.0,4,0,0,4,4.21,True
1358,de-DE,90.5,10,0,3,7,4.87,False
1360,zh-CN,90.5,10,0,3,7,2.45,False
1360,de-DE,93.5,10,0,1,9,3.56,True
1360,ko-KR,93.0,8,0,2,6,5.27,True
1360,fr-FR,94.5,5,0,2,3,6.21,True
1360,ja-JP,96.5,4,0,1,3,1.41,True
1361,it-IT,97.0,6,0,0,6,4.34,True
1365,en-GB,93.5,7,0,2,5,1.1,True
1365,de-DE,94.5,8,0,1,7,1.49,True
1365,fr-FR,94.5,5,0,2,3,3.09,True
1369,de-DE,97.5,5,0,0,5,6.27,True
1371,ko-KR,97.5,2,0,1,1,2.75,True
1371,fr-FR,94.5,8,0,1,7,1.29,True
1371,es-ES,98.0,1,0,1,0,6.87,True
1371,de-DE,88.0,12,0,4,8,1.0,False
1372,fr-FR,94.0,6,0,2,4,3.58,True
1372,de-DE,95.5,3,0,2,1,5.38,True
1377,ja-JP,96.0,2,0,2,0,6.25,True
1377,de-DE,95.5,3,0,2,1,3.12,True
1377,fr-FR,97.0,3,0,1,2,3.95,True
1377,zh-CN,98.0,4,0,0,4,4.99,True
1377,ko-KR,99.5,1,0,0,1,3.82,True
1379,ko-KR,99.0,2,0,0,2,2.87,True
1379,fr-FR,93.0,5,0,3,2,2.39,True
1379,de-DE,99.0,2,0,0,2,6.95,True
1381,ja-JP,99.0,2,0,0,2,1.47,True
1381,de-DE,90.0,1,1,0,0,5.66,False
1381,es-ES,92.5,9,0,2,7,4.35,True
1381,fr-FR,91.5,8,0,3,5,2.33,False
1382,fr-FR,97.0,3,0,1,2,6.9,True
1382,es-ES,96.0,8,0,0,8,5.33,True
1383,ko-KR,95.5,6,0,1,5,7.64,True
1383,es-ES,95.0,10,0,0,10,2.14,True
1383,fr-FR,96.0,5,0,1,4,2.97,True
1383,de-DE,99.0,2,0,0,2,5.38,True
1385,de-DE,98.5,3,0,0,3,5.39,True
1385,zh-CN,95.0,10,0,0,10,6.16,True
1385,fr-FR,100.0,0,0,0,0,1.48,True
1385,es-ES,95.0,10,0,0,10,7.79,True
1387,es-ES,99.0,2,0,0,2,5.48,True
1387,fr-FR,87.5,6,1,0,5,4.38,False
1387,ja-JP,96.0,2,0,2,0,2.79,True
1387,de-DE,95.5,9,0,0,9,6.06,True
1388,de-DE,93.5,7,0,2,5,6.12,True
1388,en-GB,93.5,4,0,3,1,1.22,True
1388,ja-JP,97.5,5,0,0,5,3.9,True
1388,fr-FR,100.0,0,0,0,0,1.41,True
1394,de-DE,91.5,8,0,3,5,2.45,False
1394,fr-FR,97.0,6,0,0,6,2.52,True
1394,ko-KR,97.0,3,0,1,2,3.22,True
1394,ja-JP,99.0,2,0,0,2,7.77,True
1394,zh-CN,100.0,0,0,0,0,4.66,True
1398,fr-FR,99.0,2,0,0,2,4.97,True
1398,ja-JP,92.0,10,0,2,8,4.32,True
1398,es-ES,97.0,6,0,0,6,4.78,True
1398,de-DE,92.0,4,0,4,0,1.55,True
1402,de-DE,97.5,5,0,0,5,6.92,True
1402,ja-JP,94.0,6,0,2,4,2.84,True
1402,fr-FR,96.5,7,0,0,7,7.74,True
1402,it-IT,97.5,5,0,0,5,4.49,True
1402,es-ES,90.0,1,1,0,0,5.89,False
1404,ja-JP,98.0,1,0,1,0,2.02,True
1404,fr-FR,100.0,0,0,0,0,5.54,True
1404,es-ES,93.5,7,0,2,5,3.1,True
1404,de-DE,95.5,6,0,1,5,1.24,True
1406,es-ES,96.0,2,0,2,0,6.36,True
1406,fr-FR,100.0,0,0,0,0,5.71,True
1406,de-DE,86.0,6,1,1,4,5.03,False
1407,de-DE,92.0,7,0,3,4,1.69,True
1407,it-IT,91.0,9,0,3,6,1.18,False
1407,es-ES,96.0,2,0,2,0,6.84,True
1407,fr-FR,95.5,6,0,1,5,7.96,True
1408,es-ES,92.5,9,0,2,7,5.5,True
1408,fr-FR,94.0,9,0,1,8,6.13,True
1408,it-IT,94.0,9,0,1,8,5.36,True
1408,de-DE,99.5,1,0,0,1,5.95,True
1409,de-DE,99.0,2,0,0,2,5.51,True
1409,zh-CN,95.5,6,0,1,5,5.38,True
1409,fr-FR,90.0,11,0,3,8,4.84,False
1410,fr-FR,100.0,0,0,0,0,6.36,True
1410,en-GB,93.5,7,0,2,5,4.28,True
1410,de-DE,97.5,5,0,0,5,4.45,True
1414,es-ES,96.0,5,0,1,4,4.19,True
1414,ja-JP,100.0,0,0,0,0,5.84,True
1415,ja-JP,90.5,7,0,4,3,6.55,False
1415,it-IT,97.5,5,0,0,5,7.2,True
1415,de-DE,91.0,12,0,2,10,4.18,False
1415,es-ES,96.0,5,0,1,4,6.54,True
1415,fr-FR,95.0,4,0,2,2,2.15,True
1416,ja-JP,92.0,10,0,2,8,5.13,True
1416,es-ES,84.0,7,1,2,4,3.67,False
1416,de-DE,94.5,8,0,1,7,4.94,True
1416,ko-KR,91.0,6,0,4,2,1.77,False
1416,fr-FR,90.5,7,0,4,3,1.01,False
1418,en-GB,98.5,3,0,0,3,5.61,True
1418,de-DE,89.0,7,0,5,2,4.38,False
1420,es-ES,98.5,3,0,0,3,2.6,True
1420,ja-JP,98.0,4,0,0,4,5.54,True
1420,fr-FR,95.5,6,0,1,5,5.5,True
1420,de-DE,97.5,5,0,0,5,3.48,True
1423,es-ES,100.0,0,0,0,0,6.82,True
1423,ja-JP,96.5,4,0,1,3,1.3,True
1423,fr-FR,100.0,0,0,0,0,5.97,True
1423,de-DE,95.0,4,0,2,2,7.83,True
1423,it-IT,97.5,2,0,1,1,6.6,True
1424,de-DE,93.0,8,0,2,6,6.91,True
1428,de-DE,97.0,3,0,1,2,3.6,True
1428,ko-KR,95.5,6,0,1,5,5.09,True
1428,es-ES,88.0,2,1,1,0,1.82,False
1428,ja-JP,96.0,8,0,0,8,3.17,True
1428,fr-FR,98.5,3,0,0,3,2.84,True
1430,fr-FR,95.5,9,0,0,9,4.15,True
1430,zh-CN,91.5,8,0,3,5,7.82,False
1430,de-DE,97.0,3,0,1,2,1.16,True
1431,es-ES,96.0,2,0,2,0,2.32,True
1431,fr-FR,97.5,2,0,1,1,7.12,True
1431,ko-KR,96.0,5,0,1,4,5.65,True
1431,de-DE,99.0,2,0,0,2,6.01,True
1432,de-DE,98.0,1,0,1,0,2.38,True
1432,es-ES,98.5,3,0,0,3,4.89,True
1432,fr-FR,97.0,3,0,1,2,7.66,True
1432,en-GB,95.0,4,0,2,2,1.53,True
1432,ja-JP,97.5,5,0,0,5,7.85,True
1433,fr-FR,98.0,1,0,1,0,1.01,True
1433,es-ES,98.5,3,0,0,3,6.34,True
1433,zh-CN,98.5,3,0,0,3,6.99,True
1433,de-DE,100.0,0,0,0,0,7.06,True
1435,es-ES,93.5,4,0,3,1,1.68,True
1435,fr-FR,97.5,5,0,0,5,1.17,True
1435,de-DE,96.5,4,0,1,3,6.65,True
1435,it-IT,93.0,5,0,3,2,4.94,True
1435,ja-JP,97.5,2,0,1,1,7.27,True
1436,fr-FR,98.0,4,0,0,4,6.21,True
1436,en-US,91.5,8,0,3,5,4.04,False
1436,ja-JP,99.5,1,0,0,1,4.26,True
1436,de-DE,97.0,3,0,1,2,1.13,True
1438,ja-JP,94.5,8,0,1,7,1.26,True
1438,fr-FR,96.5,7,0,0,7,4.66,True
1438,en-US,95.0,4,0,2,2,3.32,True
1438,de-DE,98.5,3,0,0,3,3.22,True
1440,fr-FR,92.0,10,0,2,8,7.11,True
1440,en-US,90.5,10,0,3,7,5.68,False
1440,ja-JP,99.5,1,0,0,1,5.25,True
1440,de-DE,99.5,1,0,0,1,3.06,True
1441,ja-JP,98.0,4,0,0,4,3.13,True
1441,fr-FR,95.5,3,0,2,1,5.73,True
1442,de-DE,97.0,6,0,0,6,5.52,True
1442,fr-FR,92.5,6,0,3,3,4.07,True
1444,it-IT,94.0,6,0,2,4,4.1,True
1444,es-ES,97.5,5,0,0,5,5.58,True
1446,en-US,98.0,1,0,1,0,3.0,True
1446,ja-JP,96.5,4,0,1,3,6.57,True
1446,de-DE,99.0,2,0,0,2,7.65,True
1446,fr-FR,95.5,9,0,0,9,7.72,True
1448,de-DE,94.5,5,0,2,3,6.15,True
1448,ko-KR,91.0,6,0,4,2,1.62,False
1448,fr-FR,90.5,10,0,3,7,4.54,False
1448,ja-JP,97.5,2,0,1,1,3.17,True
1450,de-DE,93.0,5,0,3,2,1.92,True
1450,ja-JP,97.0,3,0,1,2,5.92,True
1450,es-ES,87.5,3,1,1,1,3.06,False
1450,fr-FR,92.5,9,0,2,7,4.85,True
1451,fr-FR,93.5,4,0,3,1,2.78,True
1451,en-US,78.0,10,1,5,4,1.16,False
1451,ja-JP,98.0,4,0,0,4,3.74,True
1453,de-DE,97.0,3,0,1,2,3.32,True
1453,es-ES,93.5,7,0,2,5,2.56,True
1453,fr-FR,95.5,3,0,2,1,4.36,True
1456,ja-JP,93.0,11,0,1,10,5.33,True
1456,es-ES,93.5,7,0,2,5,4.61,True
1456,de-DE,90.0,1,1,0,0,5.98,False
1456,fr-FR,95.5,9,0,0,9,7.51,True
1456,it-IT,99.5,1,0,0,1,4.69,True
1459,en-GB,97.5,2,0,1,1,2.91,True
1459,de-DE,97.0,6,0,0,6,4.92,True
1459,fr-FR,93.5,7,0,2,5,5.96,True
1463,ja-JP,97.0,3,0,1,2,7.4,True
1463,ko-KR,94.0,3,0,3,0,2.4,True
1463,de-DE,94.0,6,0,2,4,6.62,True
1463,es-ES,97.0,3,0,1,2,3.33,True
1463,fr-FR,95.5,3,0,2,1,6.25,True
1464,de-DE,92.0,7,0,3,4,7.25,True
1464,fr-FR,99.5,1,0,0,1,7.01,True
1464,es-ES,90.0,5,0,5,0,2.27,False
1464,it-IT,95.0,10,0,0,10,6.35,True
1465,de-DE,97.5,2,0,1,1,5.31,True
1465,fr-FR,94.0,6,0,2,4,4.56,True
1465,es-ES,96.0,2,0,2,0,5.9,True
1465,zh-CN,96.5,4,0,1,3,1.53,True
1468,en-US,93.5,7,0,2,5,6.21,True
1468,de-DE,99.0,2,0,0,2,2.82,True
1468,fr-FR,88.5,4,1,0,3,2.78,False
1468,ja-JP,98.0,1,0,1,0,6.08,True
1469,fr-FR,96.0,2,0,2,0,3.89,True
1471,fr-FR,96.5,7,0,0,7,3.31,True
1471,zh-CN,91.0,9,0,3,6,4.12,False
1471,de-DE,94.5,5,0,2,3,4.34,True
1471,ja-JP,100.0,0,0,0,0,3.08,True
1473,it-IT,75.5,5,2,2,1,1.8,False
1473,fr-FR,96.5,7,0,0,7,6.46,True
1473,ja-JP,95.0,4,0,2,2,3.49,True
1473,es-ES,91.5,11,0,2,9,2.27,False
1473,de-DE,94.5,5,0,2,3,3.72,True
1474,zh-CN,95.0,4,0,2,2,6.77,True
1474,fr-FR,94.0,6,0,2,4,7.78,True
1474,ja-JP,91.5,5,0,4,1,4.14,False
1474,de-DE,99.0,2,0,0,2,3.09,True
1475,de-DE,90.0,1,1,0,0,5.05,False
1475,ja-JP,96.5,7,0,0,7,4.46,True
1475,es-ES,95.5,6,0,1,5,2.41,True
1475,fr-FR,92.5,9,0,2,7,1.08,True
1479,ja-JP,84.5,6,1,2,3,6.41,False
1479,de-DE,99.0,2,0,0,2,2.91,True
1483,ja-JP,94.0,9,0,1,8,2.03,True
1486,fr-FR,94.5,8,0,1,7,3.47,True
1489,fr-FR,98.0,4,0,0,4,5.54,True
1489,en-GB,97.0,6,0,0,6,5.34,True
1489,de-DE,93.5,4,0,3,1,3.23,True
1490,pt-BR,91.0,9,0,3,6,1.42,False
1490,fr-FR,89.5,6,0,5,1,7.21,False
1490,es-ES,99.0,2,0,0,2,4.68,True
1490,it-IT,92.0,7,0,3,4,7.7,True
1490,de-DE,97.5,5,0,0,5,3.8,True
1491,ja-JP,90.0,11,0,3,8,2.22,False
1491,es-ES,96.5,4,0,1,3,1.78,True
1491,de-DE,96.5,4,0,1,3,7.6,True
1491,fr-FR,94.0,3,0,3,0,7.18,True
1492,de-DE,95.5,3,0,2,1,7.53,True
1492,ja-JP,98.5,3,0,0,3,4.47,True
1492,es-ES,98.0,4,0,0,4,2.51,True
1492,pt-BR,96.0,2,0,2,0,3.98,True
1492,fr-FR,95.0,4,0,2,2,3.18,True
1496,pt-BR,95.5,6,0,1,5,4.66,True
1498,fr-FR,94.5,5,0,2,3,7.46,True
1498,es-ES,94.5,5,0,2,3,2.26,True
1498,it-IT,90.0,8,0,4,4,1.88,False
1498,de-DE,92.5,9,0,2,7,4.86,True
1500,en-GB,89.0,7,0,5,2,3.75,False
1500,fr-FR,96.5,4,0,1,3,5.0,True
1500,de-DE,99.0,2,0,0,2,3.59,True
1501,ja-JP,87.0,14,0,4,10,5.18,False
1501,fr-FR,87.0,11,0,5,6,2.32,False
1501,de-DE,99.0,2,0,0,2,2.76,True
1501,es-ES,88.5,8,0,5,3,7.1,False
1502,es-ES,91.0,6,0,4,2,3.2,False
1502,ja-JP,70.0,14,2,3,9,4.9,False
1502,fr-FR,99.0,2,0,0,2,6.48,True
1502,de-DE,88.0,2,1,1,0,4.19,False
1503,fr-FR,90.0,8,0,4,4,6.79,False
1503,ja-JP,96.5,7,0,0,7,7.31,True
1504,es-ES,99.5,1,0,0,1,3.8,True
1504,fr-FR,95.0,10,0,0,10,6.99,True
1504,de-DE,87.5,6,1,0,5,6.16,False
1504,ja-JP,97.5,5,0,0,5,1.23,True
1506,es-ES,89.5,9,0,4,5,4.16,False
1506,ko-KR,97.5,2,0,1,1,5.12,True
1506,de-DE,91.0,9,0,3,6,6.3,False
1506,ja-JP,97.5,5,0,0,5,4.36,True
1506,fr-FR,95.5,6,0,1,5,3.59,True
1507,ja-JP,96.0,8,0,0,8,6.61,True
1507,fr-FR,99.0,2,0,0,2,7.4,True
1507,de-DE,96.5,4,0,1,3,4.57,True
1508,de-DE,89.5,6,0,5,1,4.5,False
1508,zh-CN,94.5,8,0,1,7,7.88,True
1508,fr-FR,98.5,3,0,0,3,7.13,True
1508,ko-KR,93.5,10,0,1,9,6.26,True
1508,ja-JP,91.0,9,0,3,6,4.95,False
1509,fr-FR,95.5,6,0,1,5,1.16,True
1509,it-IT,89.5,6,0,5,1,5.31,False
1509,pl-PL,96.0,2,0,2,0,6.81,True
1510,fr-FR,99.5,1,0,0,1,6.33,True
1510,de-DE,98.0,4,0,0,4,4.38,True
1511,fr-FR,98.5,3,0,0,3,2.45,True
1511,ja-JP,94.0,3,0,3,0,7.52,True
1511,de-DE,98.0,4,0,0,4,4.54,True
1511,it-IT,94.0,6,0,2,4,6.84,True
1511,es-ES,98.0,1,0,1,0,5.67,True
1514,ja-JP,90.0,8,0,4,4,7.58,False
1514,ko-KR,97.0,3,0,1,2,7.91,True
1514,de-DE,97.0,3,0,1,2,1.24,True
1514,fr-FR,95.5,9,0,0,9,1.22,True
1517,fr-FR,95.0,10,0,0,10,2.89,True
1517,ja-JP,97.0,6,0,0,6,6.38,True
1517,es-ES,93.5,4,0,3,1,7.42,True
1517,en-GB,92.5,6,0,3,3,2.37,True
1517,de-DE,94.0,3,0,3,0,7.9,True
1519,fr-FR,98.0,4,0,0,4,5.59,True
1519,ja-JP,95.5,6,0,1,5,4.32,True
1521,it-IT,99.0,2,0,0,2,7.94,True
1521,de-DE,96.0,2,0,2,0,7.05,True
1521,ja-JP,98.5,3,0,0,3,3.91,True
1521,fr-FR,88.0,2,1,1,0,6.89,False
1521,es-ES,96.5,4,0,1,3,2.43,True
1522,de-DE,89.0,13,0,3,10,7.23,False
1525,fr-FR,86.5,5,1,1,3,1.75,False
1525,ja-JP,91.0,9,0,3,6,2.52,False
1525,de-DE,99.0,2,0,0,2,2.47,True
1527,nl-NL,93.0,11,0,1,10,5.59,True
1527,de-DE,98.0,1,0,1,0,1.02,True
1528,de-DE,100.0,0,0,0,0,2.38,True
1528,fr-FR,93.5,10,0,1,9,1.2,True
1528,es-ES,95.0,4,0,2,2,4.02,True
1529,fr-FR,95.0,10,0,0,10,4.92,True
1529,ja-JP,93.5,10,0,1,9,6.74,True
1529,de-DE,93.5,4,0,3,1,5.17,True
1529,es-ES,96.5,4,0,1,3,5.91,True
1529,ko-KR,90.0,5,0,5,0,3.83,False
1534,ja-JP,99.5,1,0,0,1,6.9,True
1534,es-ES,97.0,3,0,1,2,6.55,True
1536,de-DE,90.0,1,1,0,0,5.48,False
1537,de-DE,100.0,0,0,0,0,1.01,True
1537,ja-JP,96.0,2,0,2,0,3.78,True
1537,es-ES,95.5,6,0,1,5,5.37,True
1538,es-ES,98.0,1,0,1,0,4.55,True
1538,ja-JP,92.5,9,0,2,7,3.65,True
1538,de-DE,97.5,5,0,0,5,2.32,True
1538,fr-FR,98.0,1,0,1,0,6.55,True
1538,ko-KR,93.0,11,0,1,10,3.29,True
1539,fr-FR,86.0,6,1,1,4,4.39,False
1539,es-ES,95.0,7,0,1,6,4.81,True
1539,de-DE,99.0,2,0,0,2,2.44,True
1539,zh-CN,95.5,9,0,0,9,6.53,True
1540,de-DE,97.5,2,0,1,1,3.48,True
1541,de-DE,96.5,4,0,1,3,7.63,True
1541,es-ES,95.5,9,0,0,9,6.06,True
1542,da-DK,92.0,10,0,2,8,1.1,True
1542,de-DE,100.0,0,0,0,0,5.97,True
1542,fr-FR,96.5,7,0,0,7,1.02,True
1542,es-ES,87.0,4,1,1,2,6.1,False
1543,de-DE,89.5,12,0,3,9,1.95,False
1543,es-ES,96.0,8,0,0,8,1.06,True
1543,fr-FR,99.0,2,0,0,2,3.23,True
1543,it-IT,95.0,4,0,2,2,3.26,True
1549,es-ES,99.5,1,0,0,1,7.56,True
1549,en-US,93.5,7,0,2,5,6.13,True
1549,de-DE,98.0,1,0,1,0,6.88,True
1550,fr-FR,96.0,2,0,2,0,2.02,True
1550,de-DE,97.0,3,0,1,2,1.77,True
1550,ja-JP,95.5,9,0,0,9,2.1,True
1553,fr-FR,99.0,2,0,0,2,3.4,True
1553,nl-NL,91.0,6,0,4,2,1.53,False
1553,it-IT,95.0,4,0,2,2,6.0,True
1557,de-DE,97.5,5,0,0,5,5.46,True
1557,pt-BR,97.5,5,0,0,5,2.53,True
1557,es-ES,99.0,2,0,0,2,6.78,True
1557,fr-FR,93.0,11,0,1,10,5.55,True
1557,it-IT,88.5,4,1,0,3,5.53,False
1558,fr-FR,88.5,4,1,0,3,1.7,False
1558,zh-CN,96.0,8,0,0,8,2.23,True
1558,de-DE,95.5,3,0,2,1,5.22,True
1562,de-DE,88.5,8,0,5,3,7.97,False
1562,es-ES,96.0,2,0,2,0,6.11,True
1562,ja-JP,94.0,9,0,1,8,6.11,True
1562,fr-FR,98.0,1,0,1,0,4.8,True
1563,fr-FR,99.0,2,0,0,2,2.25,True
1564,fr-FR,97.5,2,0,1,1,3.01,True
1564,ja-JP,78.5,12,1,4,7,3.61,False
1567,de-DE,91.0,6,0,4,2,4.22,False
1567,en-GB,94.5,8,0,1,7,7.13,True
1567,fr-FR,98.5,3,0,0,3,5.15,True
1570,en-GB,95.5,3,0,2,1,3.97,True
1570,ja-JP,100.0,0,0,0,0,4.39,True
1570,es-ES,99.5,1,0,0,1,4.67,True
1576,it-IT,84.5,6,1,2,3,1.42,False
1576,fr-FR,92.0,7,0,3,4,5.5,True
1576,de-DE,99.5,1,0,0,1,1.74,True
1576,es-ES,96.0,2,0,2,0,3.19,True
1577,de-DE,95.5,6,0,1,5,7.91,True
1577,zh-CN,95.5,9,0,0,9,7.04,True
1577,fr-FR,98.0,1,0,1,0,1.42,True
1579,da-DK,93.5,4,0,3,1,1.11,True
1580,es-ES,99.0,2,0,0,2,6.83,True
1580,de-DE,98.5,3,0,0,3,4.35,True
1580,it-IT,91.5,11,0,2,9,3.6,False
1580,pt-BR,95.5,6,0,1,5,7.24,True
1580,fr-FR,88.0,5,1,0,4,3.99,False
1581,es-ES,97.0,3,0,1,2,7.55,True
1581,zh-CN,93.5,10,0,1,9,7.56,True
1581,fr-FR,96.0,5,0,1,4,4.05,True
1581,de-DE,99.5,1,0,0,1,1.11,True
1583,it-IT,97.5,2,0,1,1,5.36,True
1583,es-ES,93.5,7,0,2,5,2.33,True
1583,de-DE,93.5,10,0,1,9,4.1,True
1583,fr-FR,87.5,3,1,1,1,3.2,False
1583,ja-JP,94.0,6,0,2,4,1.9,True
1584,en-GB,96.5,7,0,0,7,6.82,True
1584,fr-FR,89.5,9,0,4,5,2.0,False
1585,fr-FR,86.5,5,1,1,3,2.56,False
1585,es-ES,93.5,4,0,3,1,4.86,True
1585,de-DE,100.0,0,0,0,0,7.26,True
1585,ja-JP,87.0,4,1,1,2,7.04,False
1589,pl-PL,96.0,5,0,1,4,7.38,True
1589,de-DE,96.5,4,0,1,3,1.78,True
1591,zh-CN,74.0,8,2,2,4,7.28,False
1591,de-DE,98.5,3,0,0,3,7.32,True
1591,fr-FR,94.0,9,0,1,8,4.46,True
1593,de-DE,94.0,9,0,1,8,3.8,True
1593,ja-JP,99.5,1,0,0,1,7.09,True
1593,fr-FR,97.0,6,0,0,6,4.76,True
1596,es-ES,83.5,8,1,2,5,6.95,False
1596,it-IT,94.5,5,0,2,3,4.86,True
1596,ja-JP,98.0,4,0,0,4,3.5,True
1597,ja-JP,98.0,1,0,1,0,7.82,True
1597,de-DE,96.0,5,0,1,4,2.95,True
1597,es-ES,93.0,8,0,2,6,6.42,True
1598,fr-FR,99.5,1,0,0,1,2.62,True
1598,ja-JP,99.0,2,0,0,2,7.7,True
1598,es-ES,97.0,3,0,1,2,7.99,True
1598,zh-CN,98.5,3,0,0,3,3.85,True
1598,de-DE,93.5,7,0,2,5,5.51,True
1599,de-DE,97.5,2,0,1,1,3.92,True
1599,fr-FR,85.0,5,1,2,2,1.88,False
1599,ko-KR,95.5,3,0,2,1,5.44,True
1599,ja-JP,95.0,7,0,1,6,4.64,True
1599,es-ES,94.5,8,0,1,7,1.85,True
1601,fr-FR,98.0,4,0,0,4,7.12,True
1601,de-DE,94.0,6,0,2,4,5.46,True
1601,ja-JP,95.0,7,0,1,6,1.43,True
1601,it-IT,94.5,8,0,1,7,5.42,True
1602,fr-FR,92.0,4,0,4,0,1.14,True
1602,zh-CN,96.0,8,0,0,8,1.73,True
1602,de-DE,90.0,8,0,4,4,1.76,False
1602,es-ES,97.0,3,0,1,2,4.13,True
1604,fr-FR,99.0,2,0,0,2,6.52,True
1604,de-DE,86.5,8,1,0,7,1.73,False
1604,ja-JP,97.0,3,0,1,2,3.25,True
1604,es-ES,84.0,10,1,1,8,6.32,False
1604,ko-KR,99.5,1,0,0,1,4.54,True
1605,es-ES,99.5,1,0,0,1,1.36,True
1607,ja-JP,94.0,9,0,1,8,3.84,True
1607,de-DE,98.0,1,0,1,0,1.43,True
1607,zh-CN,93.5,7,0,2,5,4.59,True
1607,es-ES,97.0,3,0,1,2,2.62,True
1607,fr-FR,98.5,3,0,0,3,7.94,True
1610,es-ES,85.0,5,1,2,2,6.04,False
1610,de-DE,89.5,2,1,0,1,3.62,False
1610,ja-JP,96.0,2,0,2,0,7.26,True
1610,fr-FR,96.0,5,0,1,4,6.38,True
1611,de-DE,97.5,2,0,1,1,5.69,True
1611,en-GB,96.0,5,0,1,4,2.85,True
1611,fr-FR,93.0,8,0,2,6,6.56,True
1612,es-ES,98.5,3,0,0,3,4.44,True
1612,de-DE,95.5,9,0,0,9,3.88,True
1615,de-DE,96.5,7,0,0,7,1.84,True
1615,zh-CN,88.0,2,1,1,0,3.63,False
1615,ja-JP,98.5,3,0,0,3,1.19,True
1615,fr-FR,98.0,1,0,1,0,2.89,True
1615,es-ES,99.5,1,0,0,1,1.23,True
1616,fr-FR,93.5,4,0,3,1,6.53,True
1616,ja-JP,97.5,2,0,1,1,2.0,True
1618,de-DE,93.5,10,0,1,9,7.09,True
1618,fr-FR,85.5,7,1,1,5,4.41,False
1618,ja-JP,97.0,3,0,1,2,1.57,True
1618,en-US,87.5,10,0,5,5,4.3,False
1623,zh-CN,97.5,2,0,1,1,4.52,True
1623,ko-KR,100.0,0,0,0,0,6.65,True
1623,ja-JP,95.5,6,0,1,5,5.06,True
1623,fr-FR,87.0,4,1,1,2,7.76,False
1627,fr-FR,97.0,3,0,1,2,2.89,True
1627,de-DE,95.0,4,0,2,2,2.7,True
1627,en-GB,97.5,5,0,0,5,3.79,True
1630,es-ES,96.5,7,0,0,7,7.48,True
1630,ja-JP,97.0,3,0,1,2,6.21,True
1630,it-IT,98.5,3,0,0,3,2.73,True
1634,fr-FR,98.0,1,0,1,0,1.85,True
1634,de-DE,96.0,2,0,2,0,3.7,True
1634,it-IT,95.5,3,0,2,1,5.69,True
1636,fr-FR,98.0,4,0,0,4,3.99,True
1636,ja-JP,97.0,3,0,1,2,3.06,True
1636,ko-KR,97.0,6,0,0,6,2.39,True
1636,es-ES,98.0,4,0,0,4,3.9,True
1636,de-DE,90.0,1,1,0,0,3.25,False
1637,de-DE,93.5,4,0,3,1,4.16,True
1637,en-US,95.0,4,0,2,2,2.88,True
1637,es-ES,89.0,7,0,5,2,3.06,False
1637,fr-FR,90.5,10,0,3,7,1.6,False
1640,ja-JP,93.0,5,0,3,2,3.75,True
1640,es-ES,92.0,7,0,3,4,4.4,True
1640,de-DE,97.0,6,0,0,6,4.56,True
1641,ja-JP,97.5,5,0,0,5,5.77,True
1641,de-DE,92.0,4,0,4,0,5.18,True
1642,it-IT,86.0,3,1,2,0,6.94,False
1642,es-ES,98.5,3,0,0,3,1.49,True
1643,it-IT,94.5,5,0,2,3,7.5,True
1643,de-DE,96.0,5,0,1,4,2.13,True
1644,ko-KR,90.0,11,0,3,8,6.88,False
1644,fr-FR,94.5,8,0,1,7,2.65,True
1644,zh-CN,96.5,4,0,1,3,2.64,True
1644,de-DE,99.5,1,0,0,1,6.7,True
1647,fr-FR,97.0,3,0,1,2,5.45,True
1647,es-ES,97.5,2,0,1,1,3.72,True
1647,ja-JP,96.5,4,0,1,3,4.79,True
1647,de-DE,97.0,3,0,1,2,2.67,True
1648,de-DE,100.0,0,0,0,0,7.99,True
1648,ja-JP,99.0,2,0,0,2,6.7,True
1648,en-US,92.0,7,0,3,4,4.92,True
1648,fr-FR,97.0,6,0,0,6,2.85,True
1649,es-ES,98.5,3,0,0,3,4.15,True
1649,it-IT,95.5,3,0,2,1,2.23,True
1649,de-DE,95.5,6,0,1,5,4.52,True
1653,fr-FR,97.5,2,0,1,1,4.49,True
1653,pt-BR,92.0,7,0,3,4,6.1,True
1653,es-ES,89.5,9,0,4,5,7.11,False
1654,ko-KR,99.5,1,0,0,1,5.75,True
1654,es-ES,94.0,3,0,3,0,7.94,True
1654,ja-JP,98.0,1,0,1,0,7.37,True
1654,de-DE,98.5,3,0,0,3,5.13,True
1654,fr-FR,94.0,6,0,2,4,4.93,True
1656,fr-FR,99.5,1,0,0,1,3.76,True
1656,es-ES,99.5,1,0,0,1,3.11,True
1656,pt-BR,99.0,2,0,0,2,2.81,True
1656,de-DE,100.0,0,0,0,0,5.93,True
1656,it-IT,96.0,8,0,0,8,1.71,True
1658,fr-FR,100.0,0,0,0,0,1.35,True
1658,en-GB,96.5,4,0,1,3,6.44,True
1658,ja-JP,91.0,6,0,4,2,3.53,False
1659,de-DE,95.0,4,0,2,2,5.92,True
1659,fr-FR,100.0,0,0,0,0,3.79,True
1659,zh-CN,98.0,4,0,0,4,3.27,True
1661,ja-JP,99.0,2,0,0,2,6.69,True
1662,zh-CN,95.0,4,0,2,2,4.25,True
1663,de-DE,97.0,3,0,1,2,6.21,True
1664,es-ES,83.5,11,1,1,9,1.65,False
1664,fr-FR,94.0,3,0,3,0,1.03,True
1664,ja-JP,96.0,2,0,2,0,5.97,True
1666,es-ES,91.0,6,0,4,2,3.55,False
1666,fr-FR,97.5,2,0,1,1,5.06,True
1666,pt-BR,93.0,11,0,1,10,6.51,True
1666,de-DE,85.5,7,1,1,5,3.94,False
1666,it-IT,96.0,5,0,1,4,6.27,True
1667,fr-FR,91.0,6,0,4,2,6.77,False
1667,de-DE,95.5,6,0,1,5,1.97,True
1667,zh-CN,88.5,8,0,5,3,5.01,False
1668,es-ES,92.5,9,0,2,7,2.64,True
1668,fr-FR,95.5,3,0,2,1,5.76,True
1668,de-DE,90.0,1,1,0,0,3.93,False
1668,ja-JP,98.5,3,0,0,3,6.35,True
1670,en-GB,99.5,1,0,0,1,1.69,True
1670,fr-FR,95.5,9,0,0,9,1.75,True
1670,de-DE,96.5,4,0,1,3,7.81,True
1671,de-DE,93.0,8,0,2,6,5.03,True
1672,de-DE,89.5,2,1,0,1,4.18,False
1673,ja-JP,94.0,6,0,2,4,3.56,True
1674,de-DE,98.0,1,0,1,0,6.15,True
1674,zh-CN,98.0,1,0,1,0,3.2,True
1675,ja-JP,95.5,9,0,0,9,3.22,True
1675,es-ES,98.0,4,0,0,4,3.06,True
1675,fr-FR,91.5,11,0,2,9,5.24,False
1676,ja-JP,78.0,13,1,4,8,3.67,False
1679,es-ES,89.0,3,1,0,2,4.12,False
1679,fr-FR,97.5,2,0,1,1,7.94,True
1679,de-DE,96.5,4,0,1,3,7.3,True
1679,ja-JP,97.0,6,0,0,6,4.81,True
1679,ko-KR,86.0,3,1,2,0,3.79,False
1680,es-ES,96.0,5,0,1,4,7.32,True
1680,en-US,93.5,7,0,2,5,2.22,True
1680,de-DE,98.5,3,0,0,3,5.72,True
1680,fr-FR,87.0,14,0,4,10,6.3,False
1681,fr-FR,98.0,1,0,1,0,6.2,True
1681,de-DE,98.0,4,0,0,4,1.75,True
1681,es-ES,99.0,2,0,0,2,1.7,True
1681,ja-JP,97.0,3,0,1,2,6.51,True
1682,es-ES,92.5,9,0,2,7,1.57,True
1682,de-DE,95.5,3,0,2,1,2.69,True
1682,fr-FR,97.5,5,0,0,5,6.55,True
1682,ja-JP,98.0,1,0,1,0,4.49,True
1683,fr-FR,98.0,4,0,0,4,7.4,True
1683,es-ES,100.0,0,0,0,0,1.76,True
1683,de-DE,94.0,6,0,2,4,6.99,True
1683,ja-JP,95.0,7,0,1,6,1.98,True
1684,nl-NL,98.0,1,0,1,0,1.37,True
1684,de-DE,96.0,5,0,1,4,1.46,True
1686,de-DE,99.0,2,0,0,2,4.11,True
1686,it-IT,87.5,3,1,1,1,5.83,False
1686,fr-FR,94.5,5,0,2,3,2.81,True
1686,es-ES,92.0,7,0,3,4,2.01,True
1688,de-DE,100.0,0,0,0,0,7.82,True
1688,es-ES,99.0,2,0,0,2,1.72,True
1688,fr-FR,94.5,5,0,2,3,6.13,True
1688,ja-JP,88.0,5,1,0,4,4.26,False
1691,de-DE,97.5,2,0,1,1,4.08,True
1691,ja-JP,96.0,5,0,1,4,1.62,True
1691,es-ES,89.5,9,0,4,5,5.32,False
1691,fr-FR,95.5,6,0,1,5,2.53,True
1693,pt-BR,98.5,3,0,0,3,4.66,True
1693,fr-FR,92.0,4,0,4,0,5.34,True
1693,de-DE,94.0,9,0,1,8,7.02,True
1693,es-ES,95.5,6,0,1,5,5.7,True
1693,it-IT,98.0,4,0,0,4,7.17,True
1695,fr-FR,99.0,2,0,0,2,7.52,True
1695,pt-BR,96.0,2,0,2,0,3.34,True
1695,es-ES,89.5,6,0,5,1,5.85,False
1696,ko-KR,96.5,4,0,1,3,1.68,True
1696,fr-FR,97.0,6,0,0,6,3.6,True
1696,es-ES,96.0,5,0,1,4,3.33,True
1696,de-DE,84.0,10,1,1,8,6.65,False
1696,ja-JP,96.0,5,0,1,4,4.52,True
1697,it-IT,96.5,4,0,1,3,2.65,True
1697,es-ES,95.5,6,0,1,5,5.93,True
1697,nl-NL,98.0,4,0,0,4,1.85,True
1697,fr-FR,93.0,8,0,2,6,3.09,True
1697,de-DE,98.5,3,0,0,3,1.83,True
1698,es-ES,99.5,1,0,0,1,6.06,True
1698,ja-JP,89.0,3,1,0,2,6.9,False
1698,de-DE,92.5,6,0,3,3,7.66,True
1698,fr-FR,100.0,0,0,0,0,6.45,True
1698,ko-KR,94.5,5,0,2,3,5.84,True
1699,es-ES,75.5,5,2,2,1,2.76,False
1699,it-IT,95.0,7,0,1,6,6.7,True
1702,fr-FR,93.5,10,0,1,9,7.17,True
1702,es-ES,97.0,3,0,1,2,5.67,True
1702,da-DK,97.5,5,0,0,5,3.48,True
1702,de-DE,92.0,7,0,3,4,2.98,True
1703,de-DE,91.5,11,0,2,9,2.96,False
1703,it-IT,97.5,5,0,0,5,2.9,True
1703,fr-FR,100.0,0,0,0,0,2.07,True
1704,es-ES,100.0,0,0,0,0,3.22,True
1704,fr-FR,100.0,0,0,0,0,2.26,True
1704,da-DK,97.0,6,0,0,6,1.66,True
1707,de-DE,91.0,9,0,3,6,4.12,False
1707,es-ES,99.0,2,0,0,2,3.59,True
1707,fr-FR,97.5,2,0,1,1,5.33,True
1707,ja-JP,90.5,7,0,4,3,4.36,False
1710,ja-JP,96.0,8,0,0,8,2.98,True
1710,de-DE,97.5,2,0,1,1,6.76,True
1711,it-IT,92.0,7,0,3,4,4.81,True
1711,fr-FR,95.0,4,0,2,2,1.46,True
1711,de-DE,89.5,2,1,0,1,2.4,False
1711,es-ES,100.0,0,0,0,0,1.29,True
1711,ja-JP,98.0,4,0,0,4,6.53,True
1712,de-DE,93.0,8,0,2,6,1.29,True
1712,fr-FR,95.5,3,0,2,1,7.97,True
1712,zh-CN,88.5,4,1,0,3,4.39,False
1714,fr-FR,89.5,6,0,5,1,6.03,False
1714,de-DE,89.5,9,0,4,5,1.3,False
1715,de-DE,90.0,11,0,3,8,1.78,False
1715,fr-FR,95.5,9,0,0,9,5.38,True
1715,ja-JP,99.0,2,0,0,2,1.12,True
1715,zh-CN,99.5,1,0,0,1,2.54,True
1716,fr-FR,93.0,11,0,1,10,5.66,True
1716,en-GB,97.0,6,0,0,6,1.19,True
1716,de-DE,94.0,3,0,3,0,7.09,True
1717,zh-CN,84.5,9,1,1,7,7.98,False
1717,de-DE,91.0,9,0,3,6,1.98,False
1717,es-ES,95.0,4,0,2,2,7.18,True
1717,ja-JP,97.5,2,0,1,1,5.62,True
1717,fr-FR,85.5,7,1,1,5,3.44,False
1719,fr-FR,87.5,3,1,1,1,3.73,False
1719,zh-CN,97.0,3,0,1,2,3.14,True
1719,de-DE,98.5,3,0,0,3,2.84,True
1720,es-ES,100.0,0,0,0,0,5.44,True
1720,de-DE,100.0,0,0,0,0,1.31,True
1726,fr-FR,94.0,6,0,2,4,3.56,True
1728,ja-JP,97.0,3,0,1,2,2.69,True
1728,es-ES,96.0,5,0,1,4,7.58,True
1728,fr-FR,96.5,7,0,0,7,4.37,True
1728,it-IT,93.5,4,0,3,1,3.69,True
1728,de-DE,81.5,12,1,2,9,3.07,False
1731,de-DE,91.5,8,0,3,5,5.04,False
1731,ja-JP,95.5,6,0,1,5,2.65,True
1731,es-ES,95.5,6,0,1,5,6.17,True
1733,ko-KR,96.0,8,0,0,8,7.87,True
1733,es-ES,90.0,11,0,3,8,5.76,False
1733,de-DE,99.5,1,0,0,1,6.94,True
1733,fr-FR,99.0,2,0,0,2,1.4,True
1737,es-ES,93.5,7,0,2,5,6.99,True
1737,en-GB,90.0,8,0,4,4,2.19,False
1737,ja-JP,97.0,3,0,1,2,5.29,True
1737,fr-FR,93.5,7,0,2,5,5.39,True
1737,de-DE,86.5,5,1,1,3,1.18,False
1738,de-DE,87.5,6,1,0,5,1.74,False
1738,ko-KR,98.0,1,0,1,0,6.33,True
1738,ja-JP,97.5,5,0,0,5,5.18,True
1738,fr-FR,96.5,7,0,0,7,3.29,True
1738,zh-CN,92.0,4,0,4,0,2.5,True
1741,en-US,97.0,6,0,0,6,3.98,True
1741,de-DE,85.5,4,1,2,1,5.91,False
1741,es-ES,100.0,0,0,0,0,3.71,True
1741,fr-FR,96.0,5,0,1,4,1.83,True
1742,es-ES,99.5,1,0,0,1,6.97,True
1742,de-DE,94.0,9,0,1,8,3.43,True
1742,ja-JP,97.0,3,0,1,2,3.79,True
1742,fr-FR,98.0,4,0,0,4,2.2,True
1742,it-IT,88.0,5,1,0,4,5.08,False
1743,zh-CN,99.5,1,0,0,1,6.25,True
1743,fr-FR,91.0,9,0,3,6,3.99,False
1743,es-ES,96.5,4,0,1,3,5.97,True
1743,de-DE,99.0,2,0,0,2,3.04,True
1744,it-IT,94.0,9,0,1,8,7.97,True
1746,es-ES,94.0,9,0,1,8,3.26,True
1746,ja-JP,95.0,4,0,2,2,4.93,True
1746,ko-KR,92.0,4,0,4,0,4.25,True
1746,fr-FR,94.0,9,0,1,8,7.05,True
1746,de-DE,96.0,5,0,1,4,3.19,True
1747,fr-FR,89.0,7,0,5,2,4.52,False
1747,ja-JP,93.0,5,0,3,2,3.65,True
1747,es-ES,98.0,1,0,1,0,6.11,True
1747,de-DE,93.5,7,0,2,5,3.85,True
1749,it-IT,91.0,6,0,4,2,4.55,False
1749,fr-FR,94.5,5,0,2,3,1.22,True
1749,de-DE,95.0,7,0,1,6,3.31,True
1752,es-ES,97.5,2,0,1,1,5.48,True
1752,ja-JP,100.0,0,0,0,0,6.36,True
1752,de-DE,97.5,2,0,1,1,6.72,True
1756,ko-KR,97.0,6,0,0,6,7.85,True
1761,de-DE,98.5,3,0,0,3,2.7,True
1762,es-ES,86.5,8,1,0,7,4.58,False
1762,fr-FR,92.0,7,0,3,4,3.21,True
1762,de-DE,91.5,11,0,2,9,2.93,False
1762,ja-JP,97.5,2,0,1,1,7.89,True
1764,fr-FR,89.0,13,0,3,10,2.59,False
1764,de-DE,94.5,5,0,2,3,5.39,True
1764,es-ES,95.5,6,0,1,5,4.03,True
1764,zh-CN,88.0,12,0,4,8,5.52,False
1765,fr-FR,100.0,0,0,0,0,6.01,True
1765,de-DE,100.0,0,0,0,0,1.05,True
1765,es-ES,100.0,0,0,0,0,5.67,True
1765,ja-JP,95.0,7,0,1,6,1.86,True
1767,es-ES,97.5,2,0,1,1,3.97,True
1767,fr-FR,95.5,6,0,1,5,7.51,True
1767,de-DE,95.5,3,0,2,1,7.97,True
1767,it-IT,94.0,6,0,2,4,1.71,True
1767,nl-NL,89.5,12,0,3,9,1.43,False
1767,pl-PL,96.5,4,0,1,3,6.44,True
1768,de-DE,89.0,13,0,3,10,3.5,False
1768,fr-FR,100.0,0,0,0,0,3.1,True
1771,fr-FR,97.5,2,0,1,1,1.63,True
1771,en-GB,94.0,9,0,1,8,3.85,True
1771,de-DE,98.5,3,0,0,3,4.1,True
1772,es-ES,99.0,2,0,0,2,1.84,True
1772,ja-JP,80.0,2,2,0,0,2.44,False
1772,de-DE,96.5,4,0,1,3,1.02,True
1774,fr-FR,95.0,7,0,1,6,7.97,True
1774,es-ES,96.5,7,0,0,7,3.81,True
1777,it-IT,87.5,3,1,1,1,2.48,False
1777,ja-JP,97.0,6,0,0,6,2.84,True
1777,fr-FR,96.5,7,0,0,7,3.19,True
1777,es-ES,95.0,7,0,1,6,4.77,True
1777,de-DE,98.0,1,0,1,0,3.86,True
1779,de-DE,100.0,0,0,0,0,5.19,True
1779,fr-FR,95.0,4,0,2,2,5.71,True
1779,it-IT,97.0,3,0,1,2,1.15,True
1779,es-ES,99.0,2,0,0,2,1.14,True
1779,ja-JP,97.0,6,0,0,6,5.61,True
1780,es-ES,94.5,8,0,1,7,3.56,True
1780,de-DE,94.0,6,0,2,4,3.34,True
1780,zh-CN,99.5,1,0,0,1,2.83,True
1782,it-IT,98.0,4,0,0,4,3.96,True
1782,fr-FR,94.5,8,0,1,7,5.86,True
1782,de-DE,95.5,3,0,2,1,4.78,True
1782,es-ES,94.5,5,0,2,3,1.02,True
1782,ja-JP,97.0,6,0,0,6,5.82,True
1783,de-DE,97.5,5,0,0,5,2.64,True
1783,es-ES,98.0,4,0,0,4,2.12,True
1783,fr-FR,99.5,1,0,0,1,1.57,True
1783,ja-JP,88.5,4,1,0,3,6.31,False
1783,it-IT,96.5,4,0,1,3,5.21,True
1784,ja-JP,94.5,5,0,2,3,6.69,True
1785,ja-JP,91.5,8,0,3,5,2.34,False
1785,ko-KR,90.0,1,1,0,0,4.55,False
1785,de-DE,93.5,4,0,3,1,4.63,True
1785,zh-CN,92.5,9,0,2,7,1.79,True
1785,fr-FR,93.0,8,0,2,6,1.69,True
1787,es-ES,96.5,4,0,1,3,6.62,True
1787,ja-JP,100.0,0,0,0,0,7.09,True
1787,fr-FR,78.0,3,2,1,0,6.47,False
1787,de-DE,97.5,2,0,1,1,2.92,True
1787,it-IT,100.0,0,0,0,0,6.61,True
1790,de-DE,91.5,5,0,4,1,5.39,False
1792,pl-PL,96.0,5,0,1,4,2.47,True
1797,de-DE,86.0,13,0,5,8,6.88,False
1797,fr-FR,97.5,2,0,1,1,5.95,True
1802,es-ES,97.5,2,0,1,1,7.45,True
1802,ja-JP,98.5,3,0,0,3,6.32,True
1803,ko-KR,97.0,3,0,1,2,2.09,True
1803,fr-FR,84.0,7,1,2,4,4.87,False
1805,fr-FR,78.0,3,2,1,0,3.7,False
1806,de-DE,97.0,3,0,1,2,1.3,True
1806,da-DK,100.0,0,0,0,0,1.07,True
1807,it-IT,95.0,4,0,2,2,6.03,True
1807,de-DE,95.5,3,0,2,1,2.07,True
1808,de-DE,97.5,5,0,0,5,7.22,True
1808,fr-FR,98.0,1,0,1,0,2.68,True
1808,ja-JP,96.5,4,0,1,3,5.82,True
1808,pt-BR,85.0,5,1,2,2,5.13,False
1808,es-ES,97.0,6,0,0,6,3.0,True
1816,zh-CN,81.5,6,1,4,1,2.9,False
1816,fr-FR,85.5,7,1,1,5,4.07,False
1816,ja-JP,98.0,1,0,1,0,7.29,True
1817,zh-CN,95.0,7,0,1,6,3.15,True
1817,fr-FR,96.5,7,0,0,7,3.88,True
1817,es-ES,93.5,10,0,1,9,6.69,True
1817,de-DE,93.5,4,0,3,1,3.14,True
1818,es-ES,97.5,2,0,1,1,1.48,True
1818,nl-NL,99.5,1,0,0,1,5.92,True
1818,fr-FR,96.0,5,0,1,4,3.76,True
1818,it-IT,90.5,10,0,3,7,5.27,False
1819,ja-JP,95.0,10,0,0,10,4.33,True
1819,zh-CN,99.5,1,0,0,1,5.17,True
1819,fr-FR,96.0,5,0,1,4,7.64,True
1819,de-DE,96.0,5,0,1,4,4.41,True
1820,it-IT,87.5,10,0,5,5,7.98,False
1820,nl-NL,89.5,6,0,5,1,2.06,False
1829,es-ES,99.5,1,0,0,1,6.34,True
1829,de-DE,92.5,9,0,2,7,5.74,True
1829,ja-JP,99.5,1,0,0,1,1.96,True
1830,es-ES,93.0,5,0,3,2,2.02,True
1830,de-DE,92.0,7,0,3,4,3.42,True
1830,fr-FR,98.0,4,0,0,4,6.99,True
1830,it-IT,96.0,8,0,0,8,5.23,True
1831,fr-FR,96.5,4,0,1,3,4.19,True
1831,zh-CN,98.0,1,0,1,0,1.0,True
1831,es-ES,93.5,10,0,1,9,4.22,True
1836,de-DE,90.0,11,0,3,8,6.5,False
1836,it-IT,82.0,5,1,4,0,1.61,False
1836,fr-FR,93.0,8,0,2,6,3.59,True
1836,es-ES,98.5,3,0,0,3,6.36,True
1837,de-DE,94.5,5,0,2,3,5.97,True
1837,it-IT,100.0,0,0,0,0,7.68,True
1837,ja-JP,100.0,0,0,0,0,6.73,True
1837,es-ES,100.0,0,0,0,0,5.5,True
1837,fr-FR,98.0,4,0,0,4,5.12,True
1840,en-GB,89.0,7,0,5,2,6.68,False
1840,de-DE,98.0,4,0,0,4,5.99,True
1840,fr-FR,96.0,5,0,1,4,2.89,True
1844,es-ES,92.0,7,0,3,4,2.51,True
1844,fr-FR,99.5,1,0,0,1,5.39,True
1844,en-US,90.5,10,0,3,7,5.29,False
1844,de-DE,93.0,8,0,2,6,2.57,True
1845,ko-KR,99.5,1,0,0,1,2.59,True
1845,ja-JP,94.0,6,0,2,4,6.35,True
1845,fr-FR,98.5,3,0,0,3,6.87,True
1845,de-DE,94.0,3,0,3,0,1.95,True
1845,es-ES,88.5,4,1,0,3,6.68,False
1846,es-ES,86.0,6,1,1,4,1.55,False
1846,it-IT,92.5,6,0,3,3,4.52,True
1846,de-DE,97.0,6,0,0,6,7.97,True
1846,pt-BR,97.5,2,0,1,1,1.26,True
1846,fr-FR,95.0,7,0,1,6,3.49,True
1849,fr-FR,98.0,1,0,1,0,7.54,True
1849,en-US,96.5,4,0,1,3,1.75,True
1849,es-ES,94.0,3,0,3,0,1.75,True
1849,de-DE,99.5,1,0,0,1,7.81,True
1855,de-DE,97.0,3,0,1,2,1.82,True
1855,ko-KR,99.0,2,0,0,2,3.38,True
1855,fr-FR,95.0,10,0,0,10,1.14,True
1857,de-DE,96.5,4,0,1,3,4.3,True
1857,ja-JP,94.0,9,0,1,8,4.32,True
1859,de-DE,94.5,8,0,1,7,4.16,True
1859,es-ES,93.5,7,0,2,5,4.83,True
1859,ja-JP,98.0,1,0,1,0,3.72,True
1864,en-GB,94.0,3,0,3,0,5.15,True
1864,de-DE,99.0,2,0,0,2,7.88,True
1864,fr-FR,97.0,6,0,0,6,1.65,True
1864,es-ES,98.0,1,0,1,0,7.09,True
1864,ja-JP,86.0,3,1,2,0,3.66,False
1865,de-DE,100.0,0,0,0,0,6.48,True
1865,fr-FR,94.0,9,0,1,8,5.74,True
1865,es-ES,88.5,8,0,5,3,3.28,False
1865,ja-JP,95.0,4,0,2,2,6.72,True
1867,de-DE,99.0,2,0,0,2,6.68,True
1867,es-ES,99.0,2,0,0,2,7.3,True
1867,zh-CN,89.0,3,1,0,2,2.58,False
1872,ko-KR,70.5,12,2,3,7,2.11,False
1874,fr-FR,83.0,12,1,1,10,2.79,False
1874,de-DE,91.5,8,0,3,5,1.88,False
1874,ja-JP,95.0,4,0,2,2,4.45,True
1875,de-DE,97.5,2,0,1,1,3.49,True
1875,ko-KR,89.5,9,0,4,5,3.06,False
1875,zh-CN,95.0,4,0,2,2,6.47,True
1875,ja-JP,89.0,7,0,5,2,5.23,False
1875,fr-FR,97.5,2,0,1,1,1.58,True
1876,de-DE,88.0,12,0,4,8,1.28,False
1876,fr-FR,97.5,5,0,0,5,4.58,True
1876,pt-BR,92.0,4,0,4,0,4.0,True
1880,de-DE,97.0,3,0,1,2,7.22,True
1880,fr-FR,94.0,9,0,1,8,1.67,True
1880,ja-JP,93.5,7,0,2,5,2.96,True
1880,es-ES,99.0,2,0,0,2,5.74,True
1881,fr-FR,92.5,6,0,3,3,7.83,True
1881,es-ES,94.5,8,0,1,7,1.19,True
1881,ja-JP,98.5,3,0,0,3,6.24,True
1881,ko-KR,88.0,9,0,5,4,7.65,False
1882,it-IT,98.0,4,0,0,4,4.14,True
1882,fr-FR,96.5,4,0,1,3,6.33,True
1882,de-DE,97.5,5,0,0,5,7.45,True
1882,pl-PL,98.0,1,0,1,0,6.38,True
1882,es-ES,97.5,2,0,1,1,4.34,True
1885,es-ES,95.5,9,0,0,9,7.2,True
1885,it-IT,97.5,5,0,0,5,7.45,True
1885,fr-FR,97.0,3,0,1,2,6.61,True
1885,de-DE,85.5,4,1,2,1,6.32,False
1885,pt-BR,96.5,4,0,1,3,3.83,True
1886,fr-FR,92.0,10,0,2,8,5.17,True
1887,de-DE,95.5,9,0,0,9,5.22,True
1887,es-ES,94.0,3,0,3,0,2.98,True
1887,fr-FR,96.0,5,0,1,4,5.32,True
1887,ja-JP,99.5,1,0,0,1,7.3,True
1890,zh-CN,100.0,0,0,0,0,6.58,True
1890,de-DE,86.0,6,1,1,4,3.7,False
1893,fr-FR,94.5,5,0,2,3,4.4,True
1893,zh-CN,95.0,7,0,1,6,1.29,True
1893,de-DE,97.5,2,0,1,1,5.42,True
1894,ja-JP,99.0,2,0,0,2,6.53,True
1895,es-ES,92.0,4,0,4,0,4.95,True
1895,de-DE,88.0,5,1,0,4,2.48,False
1895,fr-FR,98.0,1,0,1,0,4.98,True
1895,it-IT,97.5,5,0,0,5,6.41,True
1902,de-DE,98.0,1,0,1,0,7.72,True
1902,zh-CN,90.5,10,0,3,7,6.25,False
1902,ja-JP,86.0,6,1,1,4,1.71,False
1902,fr-FR,92.0,7,0,3,4,4.86,True
1903,it-IT,94.5,5,0,2,3,7.8,True
1905,de-DE,96.5,4,0,1,3,2.0,True
1906,ja-JP,99.5,1,0,0,1,7.49,True
1906,fr-FR,99.0,2,0,0,2,5.26,True
1906,de-DE,97.5,2,0,1,1,1.01,True
1906,it-IT,98.5,3,0,0,3,1.93,True
1906,es-ES,95.0,4,0,2,2,6.21,True
1908,it-IT,100.0,0,0,0,0,4.69,True
1908,es-ES,99.0,2,0,0,2,1.05,True
1908,de-DE,100.0,0,0,0,0,2.05,True
1908,fr-FR,95.5,3,0,2,1,3.77,True
1908,ja-JP,89.5,12,0,3,9,1.29,False
1912,fr-FR,96.0,2,0,2,0,7.77,True
1912,es-ES,92.5,6,0,3,3,1.48,True
1912,ko-KR,99.5,1,0,0,1,5.12,True
1912,ja-JP,96.5,4,0,1,3,5.31,True
1914,de-DE,84.0,4,1,3,0,7.87,False
1914,ja-JP,100.0,0,0,0,0,6.62,True
1914,fr-FR,94.5,8,0,1,7,4.91,True
1914,en-US,96.5,4,0,1,3,2.8,True
1916,de-DE,90.0,8,0,4,4,3.31,False
1916,es-ES,99.0,2,0,0,2,1.76,True
1916,it-IT,94.5,8,0,1,7,2.09,True
1919,fr-FR,91.0,9,0,3,6,5.17,False
1919,zh-CN,100.0,0,0,0,0,2.93,True
1919,ko-KR,94.0,3,0,3,0,4.63,True
1919,de-DE,89.0,3,1,0,2,6.6,False
1920,es-ES,97.5,5,0,0,5,7.63,True
1921,fr-FR,92.0,4,0,4,0,7.16,True
1921,de-DE,90.0,8,0,4,4,1.97,False
1921,zh-CN,91.5,5,0,4,1,1.81,False
1921,ja-JP,98.5,3,0,0,3,4.48,True
1927,ja-JP,95.5,3,0,2,1,1.02,True
1927,es-ES,99.5,1,0,0,1,6.61,True
1927,de-DE,97.0,6,0,0,6,3.91,True
1929,de-DE,93.0,8,0,2,6,2.96,True
1929,es-ES,98.5,3,0,0,3,4.42,True
1929,ja-JP,92.0,7,0,3,4,1.31,True
1929,ko-KR,99.0,2,0,0,2,1.22,True
1929,fr-FR,97.0,3,0,1,2,4.14,True
1930,de-DE,99.0,2,0,0,2,5.43,True
1930,es-ES,82.5,10,1,2,7,7.62,False
1930,zh-CN,98.0,1,0,1,0,7.87,True
1930,fr-FR,94.5,5,0,2,3,7.89,True
1930,ja-JP,89.0,7,0,5,2,2.8,False
1934,it-IT,98.5,3,0,0,3,2.85,True
1934,de-DE,96.5,4,0,1,3,6.02,True
1934,pt-BR,92.0,10,0,2,8,4.15,True
1934,es-ES,98.5,3,0,0,3,6.22,True
1934,fr-FR,92.5,6,0,3,3,6.94,True
1937,ja-JP,97.0,6,0,0,6,2.21,True
1937,es-ES,93.5,10,0,1,9,2.8,True
1937,fr-FR,98.0,1,0,1,0,7.03,True
1939,es-ES,95.5,3,0,2,1,4.0,True
1939,ja-JP,96.0,5,0,1,4,2.32,True
1939,fr-FR,96.0,2,0,2,0,1.7,True
1939,de-DE,97.0,3,0,1,2,6.96,True
1940,es-ES,86.0,9,1,0,8,2.41,False
1940,ja-JP,75.5,11,2,0,9,1.96,False
1940,fr-FR,95.0,4,0,2,2,2.71,True
1942,de-DE,95.0,7,0,1,6,7.9,True
1942,fr-FR,93.5,10,0,1,9,6.36,True
1944,it-IT,94.0,6,0,2,4,3.12,True
1944,fr-FR,90.0,1,1,0,0,6.51,False
1944,de-DE,94.5,5,0,2,3,1.79,True
1944,nl-NL,96.0,5,0,1,4,1.51,True
1944,es-ES,92.0,7,0,3,4,4.37,True
1949,de-DE,90.5,10,0,3,7,1.81,False
1949,es-ES,94.5,5,0,2,3,5.46,True
1952,de-DE,99.0,2,0,0,2,5.27,True
1952,fr-FR,99.0,2,0,0,2,4.24,True
1952,ja-JP,98.0,1,0,1,0,6.43,True
1952,en-US,93.0,5,0,3,2,5.46,True
1956,es-ES,91.0,9,0,3,6,5.24,False
1956,de-DE,96.5,7,0,0,7,3.59,True
1957,fr-FR,90.5,7,0,4,3,1.65,False
1957,en-GB,97.5,2,0,1,1,2.55,True
1957,de-DE,97.5,2,0,1,1,6.25,True
1959,de-DE,98.5,3,0,0,3,2.02,True
1959,es-ES,96.5,4,0,1,3,6.84,True
1959,ko-KR,97.5,2,0,1,1,2.15,True
1961,en-US,95.5,6,0,1,5,5.86,True
1961,de-DE,100.0,0,0,0,0,1.43,True
1961,es-ES,92.5,6,0,3,3,6.97,True
1961,fr-FR,89.5,6,0,5,1,2.86,False
1963,es-ES,87.5,6,1,0,5,3.04,False
1963,fr-FR,99.0,2,0,0,2,7.96,True
1963,ja-JP,98.0,1,0,1,0,7.58,True
1963,de-DE,96.0,8,0,0,8,4.54,True
1964,fr-FR,97.5,2,0,1,1,6.07,True
1964,de-DE,92.5,9,0,2,7,7.36,True
1964,ja-JP,97.5,2,0,1,1,4.32,True
1964,es-ES,95.5,3,0,2,1,7.14,True
1966,fr-FR,96.0,5,0,1,4,6.61,True
1967,de-DE,97.0,6,0,0,6,4.21,True
1970,es-ES,90.5,7,0,4,3,2.31,False
1970,ja-JP,97.5,5,0,0,5,1.18,True
1970,fr-FR,100.0,0,0,0,0,1.07,True
1970,de-DE,97.0,3,0,1,2,1.77,True
1972,zh-CN,96.5,4,0,1,3,6.6,True
1972,de-DE,94.5,8,0,1,7,1.22,True
1972,fr-FR,94.5,5,0,2,3,3.69,True
1972,ko-KR,94.0,6,0,2,4,6.95,True
1973,nl-NL,95.0,7,0,1,6,7.48,True
1977,de-DE,97.5,5,0,0,5,5.4,True
1977,es-ES,99.0,2,0,0,2,2.37,True
1977,fr-FR,92.5,9,0,2,7,3.58,True
1977,ja-JP,95.0,7,0,1,6,5.68,True
1977,zh-CN,99.0,2,0,0,2,3.18,True
1978,es-ES,91.0,9,0,3,6,1.86,False
1978,de-DE,76.0,4,2,2,0,4.11,False
1978,fr-FR,99.5,1,0,0,1,4.9,True
1978,pt-BR,90.5,10,0,3,7,5.42,False
1979,zh-CN,99.0,2,0,0,2,3.16,True
1980,ja-JP,96.5,4,0,1,3,1.49,True
1981,de-DE,85.5,10,1,0,9,7.19,False
1981,fr-FR,92.0,7,0,3,4,5.77,True
1981,it-IT,99.0,2,0,0,2,6.75,True
1981,ja-JP,91.0,12,0,2,10,3.32,False
1981,es-ES,93.5,4,0,3,1,3.97,True
1983,ja-JP,95.5,3,0,2,1,1.87,True
1983,fr-FR,98.0,4,0,0,4,5.31,True
1983,en-US,86.5,5,1,1,3,6.06,False
1984,es-ES,98.0,4,0,0,4,4.3,True
1985,fr-FR,99.0,2,0,0,2,4.08,True
1985,de-DE,95.0,4,0,2,2,7.61,True
1985,es-ES,89.0,3,1,0,2,5.31,False
1985,ja-JP,92.0,4,0,4,0,6.13,True
1989,ja-JP,93.0,5,0,3,2,3.31,True
1989,fr-FR,99.0,2,0,0,2,6.75,True
1989,es-ES,96.0,8,0,0,8,1.61,True
1990,ko-KR,96.5,4,0,1,3,3.19,True
1990,de-DE,94.5,8,0,1,7,1.7,True
1990,ja-JP,94.0,6,0,2,4,1.07,True
1990,es-ES,91.5,5,0,4,1,2.62,False
1990,fr-FR,99.0,2,0,0,2,2.2,True
1991,de-DE,97.0,6,0,0,6,3.79,True
1991,ja-JP,90.5,10,0,3,7,6.14,False
1991,es-ES,93.5,10,0,1,9,1.55,True
1991,fr-FR,95.5,6,0,1,5,7.67,True
1991,pt-BR,94.0,3,0,3,0,4.25,True
1992,fr-FR,98.0,4,0,0,4,7.28,True
1992,pt-BR,94.0,9,0,1,8,1.85,True
1992,es-ES,91.0,9,0,3,6,6.24,False
1993,pt-BR,92.5,6,0,3,3,1.68,True
1993,de-DE,92.5,9,0,2,7,2.55,True
1993,fr-FR,91.5,8,0,3,5,2.38,False
1993,es-ES,94.5,5,0,2,3,4.54,True
1996,de-DE,93.0,5,0,3,2,1.41,True
1998,fr-FR,94.0,3,0,3,0,6.03,True
1998,es-ES,94.0,9,0,1,8,5.03,True
2002,ko-KR,96.0,8,0,0,8,5.98,True
2002,fr-FR,91.0,6,0,4,2,5.31,False
2002,zh-CN,91.5,8,0,3,5,1.95,False
2002,de-DE,99.5,1,0,0,1,1.75,True
2002,ja-JP,98.0,4,0,0,4,1.1,True
2003,fr-FR,98.5,3,0,0,3,4.64,True
2003,de-DE,98.0,4,0,0,4,6.4,True
2003,zh-CN,100.0,0,0,0,0,5.62,True
2010,de-DE,92.5,6,0,3,3,3.71,True
2010,fr-FR,94.0,3,0,3,0,2.51,True
2010,it-IT,98.0,1,0,1,0,1.57,True
2010,ja-JP,95.0,7,0,1,6,4.91,True
2010,es-ES,90.5,7,0,4,3,7.13,False
2012,de-DE,98.0,1,0,1,0,6.93,True
2012,zh-CN,87.0,4,1,1,2,3.95,False
2013,ko-KR,93.5,10,0,1,9,4.02,True
2015,fr-FR,91.5,8,0,3,5,1.88,False
2015,es-ES,98.0,1,0,1,0,1.9,True
2015,de-DE,98.5,3,0,0,3,7.35,True
2015,ja-JP,87.0,4,1,1,2,6.56,False
2016,ja-JP,91.5,5,0,4,1,2.44,False
2016,de-DE,94.5,5,0,2,3,3.03,True
2016,zh-CN,100.0,0,0,0,0,7.8,True
2016,fr-FR,95.0,4,0,2,2,2.28,True
2016,es-ES,99.5,1,0,0,1,4.44,True
2018,fr-FR,96.5,7,0,0,7,7.15,True
2018,ja-JP,95.0,4,0,2,2,6.42,True
2018,es-ES,100.0,0,0,0,0,2.19,True
2018,de-DE,98.5,3,0,0,3,2.36,True
2018,ko-KR,97.5,5,0,0,5,7.62,True
2019,nl-NL,99.0,2,0,0,2,2.31,True
2020,fr-FR,98.5,3,0,0,3,7.94,True
2020,de-DE,96.5,4,0,1,3,3.28,True
2021,fr-FR,95.0,4,0,2,2,3.21,True
2021,zh-CN,98.0,1,0,1,0,6.93,True
2021,de-DE,96.0,5,0,1,4,4.9,True
2023,ko-KR,92.0,10,0,2,8,7.34,True
2023,es-ES,87.5,13,0,4,9,2.96,False
2023,fr-FR,96.0,2,0,2,0,6.39,True
2023,ja-JP,97.0,6,0,0,6,3.65,True
2024,es-ES,95.0,4,0,2,2,5.85,True
2025,fr-FR,91.5,8,0,3,5,2.53,False
2027,it-IT,98.5,3,0,0,3,4.44,True
2027,nl-NL,99.0,2,0,0,2,2.67,True
2027,pl-PL,90.0,11,0,3,8,6.44,False
2027,fr-FR,94.0,3,0,3,0,3.97,True
2027,de-DE,96.0,2,0,2,0,6.11,True
2027,es-ES,87.0,4,1,1,2,6.87,False
2028,fr-FR,91.5,11,0,2,9,6.41,False
2031,en-GB,94.0,6,0,2,4,7.07,True
2031,fr-FR,95.5,9,0,0,9,4.08,True
2031,es-ES,97.5,2,0,1,1,1.66,True
2031,ja-JP,91.5,8,0,3,5,2.76,False
2031,de-DE,91.5,8,0,3,5,6.33,False
2033,fr-FR,90.0,5,0,5,0,1.09,False
2033,de-DE,94.0,3,0,3,0,6.15,True
2034,ja-JP,95.5,3,0,2,1,6.15,True
2034,es-ES,93.5,4,0,3,1,6.11,True
2034,de-DE,92.0,4,0,4,0,1.56,True
2034,fr-FR,97.5,2,0,1,1,4.05,True
2035,en-GB,92.5,6,0,3,3,2.87,True
2036,es-ES,95.5,6,0,1,5,5.5,True
2036,it-IT,93.0,11,0,1,10,3.45,True
2036,fr-FR,94.5,5,0,2,3,6.13,True
2036,de-DE,94.5,5,0,2,3,1.69,True
2036,ja-JP,96.0,8,0,0,8,5.21,True
2039,es-ES,96.5,7,0,0,7,1.38,True
2041,fr-FR,91.5,11,0,2,9,6.6,False
2050,es-ES,97.0,3,0,1,2,1.15,True
2054,de-DE,89.5,9,0,4,5,6.15,False
2054,fr-FR,98.5,3,0,0,3,4.62,True
2054,it-IT,97.0,3,0,1,2,7.8,True
2056,ja-JP,87.5,3,1,1,1,1.12,False
2056,es-ES,88.0,12,0,4,8,3.32,False
2057,es-ES,86.5,12,0,5,7,7.41,False
2057,ja-JP,97.5,5,0,0,5,1.28,True
2057,ko-KR,94.5,8,0,1,7,7.99,True
2057,fr-FR,96.5,7,0,0,7,2.98,True
2057,de-DE,97.5,2,0,1,1,7.93,True
2058,fr-FR,95.5,6,0,1,5,7.96,True
2062,es-ES,91.5,11,0,2,9,5.76,False
2062,pt-BR,94.5,5,0,2,3,3.11,True
2062,fr-FR,97.0,3,0,1,2,4.11,True
2064,es-ES,94.5,5,0,2,3,3.88,True
2064,pl-PL,98.0,4,0,0,4,7.0,True
2068,pl-PL,97.0,3,0,1,2,1.48,True
2068,nl-NL,96.5,7,0,0,7,3.41,True
2068,fr-FR,94.5,5,0,2,3,2.34,True
2068,de-DE,94.5,8,0,1,7,5.03,True
2068,it-IT,93.5,4,0,3,1,7.51,True
2068,es-ES,90.0,5,0,5,0,4.64,False
2069,ja-JP,93.5,4,0,3,1,7.81,True
2071,fr-FR,100.0,0,0,0,0,5.74,True
2071,en-US,97.5,2,0,1,1,7.19,True
2071,es-ES,95.5,3,0,2,1,2.43,True
2074,fr-FR,100.0,0,0,0,0,7.19,True
2076,es-ES,94.5,5,0,2,3,4.38,True
2076,ja-JP,100.0,0,0,0,0,4.36,True
2076,de-DE,94.0,9,0,1,8,6.7,True
2076,it-IT,100.0,0,0,0,0,7.63,True
2076,fr-FR,97.0,6,0,0,6,4.47,True
2078,de-DE,97.0,6,0,0,6,1.57,True
2078,es-ES,98.5,3,0,0,3,3.36,True
2079,es-ES,89.5,9,0,4,5,3.95,False
2079,ko-KR,97.5,5,0,0,5,5.64,True
2079,fr-FR,99.0,2,0,0,2,1.56,True
2079,de-DE,81.5,12,1,2,9,3.23,False
2080,ko-KR,96.5,4,0,1,3,2.93,True
2080,de-DE,89.5,6,0,5,1,5.83,False
2080,ja-JP,86.5,5,1,1,3,2.14,False
2080,fr-FR,93.0,5,0,3,2,3.6,True
2081,es-ES,96.0,5,0,1,4,7.81,True
2081,fr-FR,98.0,4,0,0,4,7.77,True
2081,ja-JP,94.0,6,0,2,4,1.6,True
2081,de-DE,96.0,2,0,2,0,7.04,True
2084,it-IT,88.0,2,1,1,0,2.2,False
2084,de-DE,91.0,9,0,3,6,6.16,False
2084,fr-FR,98.5,3,0,0,3,6.93,True
2084,nl-NL,85.5,10,1,0,9,2.54,False
2084,es-ES,95.5,6,0,1,5,3.94,True
2086,zh-CN,96.0,8,0,0,8,3.38,True
2086,es-ES,96.0,2,0,2,0,6.34,True
2086,fr-FR,95.5,6,0,1,5,6.82,True
2086,de-DE,95.5,6,0,1,5,5.22,True
2087,ko-KR,99.5,1,0,0,1,5.07,True
2087,fr-FR,94.0,9,0,1,8,4.51,True
2087,zh-CN,94.5,5,0,2,3,3.61,True
2087,ja-JP,84.5,6,1,2,3,6.5,False
2087,de-DE,95.5,6,0,1,5,3.71,True
2088,ko-KR,100.0,0,0,0,0,6.23,True
2088,ja-JP,96.0,8,0,0,8,1.78,True
2088,fr-FR,95.5,9,0,0,9,3.59,True
2088,de-DE,99.0,2,0,0,2,3.14,True
2088,es-ES,93.5,7,0,2,5,1.02,True
2095,de-DE,93.0,5,0,3,2,6.17,True
2096,fr-FR,99.5,1,0,0,1,4.99,True
2097,de-DE,97.5,2,0,1,1,6.66,True
2097,es-ES,98.0,1,0,1,0,7.86,True
2097,fr-FR,94.5,5,0,2,3,4.37,True
2098,fr-FR,99.5,1,0,0,1,4.68,True
2098,es-ES,95.5,6,0,1,5,2.91,True
2098,ja-JP,95.5,3,0,2,1,5.22,True
2098,de-DE,97.5,2,0,1,1,7.11,True
2104,it-IT,95.5,6,0,1,5,5.29,True
2104,es-ES,95.5,6,0,1,5,4.69,True
2104,pt-BR,97.5,2,0,1,1,6.04,True
2104,fr-FR,96.5,4,0,1,3,3.42,True
2104,de-DE,96.5,4,0,1,3,6.04,True
2107,fr-FR,85.0,11,1,0,10,3.44,False
2107,de-DE,100.0,0,0,0,0,6.66,True
2107,ja-JP,92.0,7,0,3,4,2.65,True
2107,zh-CN,95.5,6,0,1,5,3.52,True
2108,fr-FR,98.0,1,0,1,0,7.59,True
2108,ja-JP,93.0,5,0,3,2,5.67,True
2108,de-DE,83.5,5,1,3,1,7.36,False
2111,fr-FR,96.0,2,0,2,0,3.76,True
2112,es-ES,95.0,4,0,2,2,5.42,True
2115,zh-CN,100.0,0,0,0,0,3.83,True
2115,fr-FR,87.0,11,0,5,6,4.77,False
2115,es-ES,95.5,6,0,1,5,5.91,True
2123,de-DE,98.0,1,0,1,0,5.26,True
2125,es-ES,97.5,2,0,1,1,4.01,True
2125,de-DE,86.5,5,1,1,3,2.52,False
2125,ja-JP,95.5,3,0,2,1,5.68,True
2125,fr-FR,99.0,2,0,0,2,1.39,True
2125,ko-KR,95.0,10,0,0,10,5.85,True
2129,es-ES,98.0,1,0,1,0,4.76,True
2129,ja-JP,98.5,3,0,0,3,3.86,True
2129,de-DE,98.0,4,0,0,4,1.15,True
2131,ja-JP,96.5,4,0,1,3,2.85,True
2131,es-ES,98.5,3,0,0,3,4.33,True
2131,de-DE,95.5,6,0,1,5,3.26,True
2131,fr-FR,96.0,8,0,0,8,5.95,True
2131,ko-KR,95.5,6,0,1,5,3.48,True
2132,fr-FR,96.0,2,0,2,0,5.35,True
2132,en-US,97.0,3,0,1,2,5.81,True
2132,ja-JP,97.5,5,0,0,5,2.87,True
2132,de-DE,87.5,10,0,5,5,7.51,False
2133,de-DE,100.0,0,0,0,0,4.52,True
2133,fr-FR,97.5,5,0,0,5,4.41,True
2133,ja-JP,89.5,12,0,3,9,3.25,False
2135,es-ES,72.0,9,2,3,4,3.74,False
2135,ja-JP,95.5,6,0,1,5,5.02,True
2135,de-DE,98.0,1,0,1,0,1.99,True
2135,fr-FR,93.0,5,0,3,2,5.72,True
2141,ja-JP,99.5,1,0,0,1,7.65,True
2141,es-ES,98.0,1,0,1,0,6.43,True
2141,de-DE,92.5,6,0,3,3,3.94,True
2141,fr-FR,88.5,8,0,5,3,7.25,False
2144,de-DE,94.5,8,0,1,7,5.84,True
2144,pt-BR,99.0,2,0,0,2,7.1,True
2144,it-IT,98.0,1,0,1,0,7.51,True
2144,fr-FR,94.0,3,0,3,0,7.7,True
2144,es-ES,100.0,0,0,0,0,1.18,True
2146,de-DE,94.0,6,0,2,4,1.57,True
2146,it-IT,94.0,9,0,1,8,7.5,True
2146,nl-NL,96.0,5,0,1,4,7.05,True
2146,fr-FR,99.0,2,0,0,2,4.05,True
2146,es-ES,100.0,0,0,0,0,6.2,True
2147,ko-KR,97.5,2,0,1,1,1.59,True
2147,de-DE,94.5,5,0,2,3,5.59,True
2147,ja-JP,86.0,6,1,1,4,2.46,False
2148,de-DE,97.5,2,0,1,1,5.09,True
2152,en-GB,100.0,0,0,0,0,6.17,True
2152,fr-FR,97.0,3,0,1,2,1.46,True
2152,de-DE,95.5,3,0,2,1,7.32,True
2154,es-ES,100.0,0,0,0,0,6.96,True
2154,ja-JP,94.5,5,0,2,3,1.79,True
2154,fr-FR,100.0,0,0,0,0,3.63,True
2154,de-DE,98.5,3,0,0,3,1.48,True
2162,de-DE,94.5,8,0,1,7,6.64,True
2162,zh-CN,92.5,9,0,2,7,3.78,True
2162,fr-FR,91.5,5,0,4,1,6.47,False
2163,ja-JP,99.0,2,0,0,2,1.52,True
2166,en-GB,96.5,7,0,0,7,4.92,True
2168,en-US,100.0,0,0,0,0,5.57,True
2168,fr-FR,94.5,5,0,2,3,6.21,True
2171,ja-JP,97.5,2,0,1,1,7.55,True
2171,de-DE,91.5,5,0,4,1,1.11,False
2171,fr-FR,93.5,10,0,1,9,4.0,True
2171,es-ES,76.0,7,2,1,4,2.31,False
2172,fr-FR,94.0,3,0,3,0,7.67,True
2172,pt-BR,96.5,4,0,1,3,1.26,True
2172,de-DE,100.0,0,0,0,0,6.5,True
2172,es-ES,93.0,5,0,3,2,1.05,True
2172,ja-JP,98.0,4,0,0,4,7.1,True
2173,es-ES,94.0,3,0,3,0,7.23,True
2173,zh-CN,95.5,3,0,2,1,3.34,True
2173,ja-JP,94.5,8,0,1,7,4.03,True
2173,de-DE,89.0,7,0,5,2,7.89,False
2173,fr-FR,90.5,10,0,3,7,5.51,False
2175,fr-FR,96.5,4,0,1,3,7.24,True
2175,ja-JP,94.5,5,0,2,3,7.77,True
2178,fr-FR,93.5,4,0,3,1,2.87,True
2178,es-ES,90.5,10,0,3,7,1.29,False
2182,ja-JP,94.0,3,0,3,0,6.54,True
2182,de-DE,92.0,10,0,2,8,6.66,True
2182,fr-FR,100.0,0,0,0,0,3.96,True
2182,es-ES,94.0,9,0,1,8,6.39,True
2183,es-ES,98.0,4,0,0,4,2.18,True
2183,fr-FR,94.0,6,0,2,4,1.92,True
2183,de-DE,96.0,2,0,2,0,4.39,True
2183,zh-CN,96.5,4,0,1,3,6.48,True
2186,en-GB,86.0,3,1,2,0,7.34,False
2186,fr-FR,99.5,1,0,0,1,7.85,True
2186,de-DE,95.0,7,0,1,6,1.09,True
2188,de-DE,99.5,1,0,0,1,7.17,True
2188,fr-FR,100.0,0,0,0,0,3.55,True
2188,ja-JP,88.0,12,0,4,8,3.75,False
2188,es-ES,98.0,4,0,0,4,3.34,True
2195,de-DE,97.5,5,0,0,5,7.35,True
2195,es-ES,96.5,7,0,0,7,6.28,True
2195,zh-CN,96.5,7,0,0,7,7.06,True
2195,ja-JP,99.5,1,0,0,1,2.55,True
2195,fr-FR,93.0,8,0,2,6,3.33,True
2197,de-DE,98.0,1,0,1,0,4.37,True
2197,fr-FR,91.0,9,0,3,6,5.33,False
2197,es-ES,99.5,1,0,0,1,4.71,True
2197,ja-JP,95.0,4,0,2,2,6.3,True
2197,ko-KR,96.0,2,0,2,0,3.06,True
2198,en-GB,98.0,4,0,0,4,5.16,True
2198,fr-FR,98.0,1,0,1,0,7.07,True
2199,en-US,94.5,8,0,1,7,7.37,True
2199,de-DE,97.0,3,0,1,2,7.0,True
2201,fr-FR,97.0,6,0,0,6,5.44,True
2204,ja-JP,95.0,7,0,1,6,3.98,True
2204,zh-CN,97.0,3,0,1,2,5.2,True
2204,ko-KR,99.5,1,0,0,1,6.42,True
2204,de-DE,92.5,6,0,3,3,6.84,True
2205,es-ES,93.5,10,0,1,9,4.57,True
2205,pl-PL,96.5,4,0,1,3,3.74,True
2207,de-DE,92.5,6,0,3,3,2.64,True
2207,ko-KR,95.5,9,0,0,9,5.61,True
2207,es-ES,98.0,4,0,0,4,1.57,True
2208,ja-JP,95.5,3,0,2,1,4.02,True
2211,zh-CN,88.0,12,0,4,8,2.15,False
2212,fr-FR,97.5,2,0,1,1,4.19,True
2212,de-DE,95.0,4,0,2,2,6.24,True
2212,it-IT,95.0,7,0,1,6,1.77,True
2213,fr-FR,97.5,5,0,0,5,7.07,True
2213,es-ES,93.0,5,0,3,2,4.82,True
2217,it-IT,93.5,10,0,1,9,6.7,True
2217,es-ES,98.0,4,0,0,4,6.26,True
2217,de-DE,95.5,3,0,2,1,4.69,True
2217,fr-FR,96.5,7,0,0,7,2.37,True
2219,fr-FR,97.0,3,0,1,2,6.22,True
2219,it-IT,98.5,3,0,0,3,5.0,True
2219,de-DE,96.5,4,0,1,3,2.7,True
2227,fr-FR,100.0,0,0,0,0,4.54,True
2227,zh-CN,99.5,1,0,0,1,5.1,True
2227,ja-JP,90.0,1,1,0,0,7.45,False
2227,de-DE,97.5,2,0,1,1,2.76,True
2231,es-ES,95.0,7,0,1,6,5.7,True
2231,de-DE,92.0,7,0,3,4,2.76,True
2231,fr-FR,89.0,3,1,0,2,8.0,False
2231,ja-JP,88.5,11,0,4,7,1.14,False
2234,ja-JP,98.0,1,0,1,0,4.05,True
2234,es-ES,93.5,10,0,1,9,7.96,True
2234,de-DE,97.5,2,0,1,1,3.98,True
2243,zh-CN,87.5,6,1,0,5,1.62,False
2243,fr-FR,96.5,4,0,1,3,1.11,True
2243,de-DE,99.0,2,0,0,2,5.5,True
2244,zh-CN,99.0,2,0,0,2,3.18,True
2244,fr-FR,96.5,7,0,0,7,5.56,True
2244,de-DE,94.5,5,0,2,3,7.0,True
2245,de-DE,96.5,7,0,0,7,2.22,True
2245,da-DK,92.5,9,0,2,7,4.62,True
2245,fr-FR,98.5,3,0,0,3,7.19,True
2245,es-ES,96.5,4,0,1,3,7.0,True
2246,es-ES,90.0,8,0,4,4,1.16,False
2246,en-US,96.0,8,0,0,8,6.51,True
2246,fr-FR,97.5,2,0,1,1,1.02,True
2247,it-IT,98.0,4,0,0,4,2.83,True
2247,de-DE,98.0,4,0,0,4,1.33,True
2247,fr-FR,97.5,2,0,1,1,1.37,True
2247,es-ES,97.0,3,0,1,2,6.0,True
2247,ja-JP,89.5,6,0,5,1,2.45,False
2249,de-DE,92.0,7,0,3,4,3.27,True
2250,es-ES,96.0,8,0,0,8,3.7,True
2250,it-IT,97.5,2,0,1,1,2.64,True
2250,fr-FR,93.5,4,0,3,1,6.3,True
2250,pt-BR,96.0,5,0,1,4,1.37,True
2250,de-DE,92.5,9,0,2,7,7.73,True
2253,es-ES,91.0,9,0,3,6,6.9,False
2253,ja-JP,95.0,4,0,2,2,5.3,True
2253,it-IT,100.0,0,0,0,0,3.66,True
2253,de-DE,98.5,3,0,0,3,5.95,True
2253,fr-FR,100.0,0,0,0,0,3.2,True
2255,de-DE,96.0,2,0,2,0,6.97,True
2260,es-ES,94.0,6,0,2,4,6.98,True
2260,fr-FR,97.0,3,0,1,2,6.02,True
2261,es-ES,82.0,5,1,4,0,3.52,False
2261,ja-JP,95.0,4,0,2,2,1.3,True
2261,de-DE,94.5,5,0,2,3,2.28,True
2261,zh-CN,99.0,2,0,0,2,4.24,True
2261,fr-FR,88.0,5,1,0,4,3.23,False
2263,de-DE,94.0,9,0,1,8,4.96,True
2263,fr-FR,98.5,3,0,0,3,7.07,True
2263,nl-NL,96.0,5,0,1,4,4.21,True
2264,de-DE,99.5,1,0,0,1,6.92,True
2264,es-ES,94.0,6,0,2,4,3.33,True
2267,fr-FR,97.0,3,0,1,2,3.85,True
2267,it-IT,97.5,2,0,1,1,6.15,True
2267,es-ES,100.0,0,0,0,0,2.57,True
2268,ko-KR,94.5,5,0,2,3,3.5,True
2269,ja-JP,93.0,8,0,2,6,2.25,True
2270,fr-FR,95.5,3,0,2,1,6.55,True
2270,ja-JP,95.0,4,0,2,2,6.49,True
2270,en-US,95.5,6,0,1,5,2.62,True
2270,de-DE,97.5,2,0,1,1,5.85,True
2271,ja-JP,97.5,2,0,1,1,1.25,True
2271,fr-FR,89.5,9,0,4,5,7.52,False
2271,es-ES,91.0,6,0,4,2,4.43,False
2271,ko-KR,99.0,2,0,0,2,7.62,True
2271,de-DE,91.5,11,0,2,9,6.07,False
2275,ja-JP,93.5,7,0,2,5,2.06,True
2275,en-US,93.5,10,0,1,9,4.33,True
2275,fr-FR,94.0,3,0,3,0,1.32,True
2276,ja-JP,89.5,2,1,0,1,1.14,False
2278,fr-FR,100.0,0,0,0,0,5.07,True
2278,es-ES,90.0,1,1,0,0,6.69,False
2278,de-DE,99.5,1,0,0,1,4.89,True
2280,ja-JP,85.5,10,1,0,9,7.55,False
2280,it-IT,100.0,0,0,0,0,6.21,True
2280,es-ES,99.5,1,0,0,1,2.42,True
2280,de-DE,100.0,0,0,0,0,3.25,True
2280,fr-FR,96.5,4,0,1,3,4.08,True
2283,ko-KR,93.0,8,0,2,6,7.72,True
2283,de-DE,95.0,7,0,1,6,1.7,True
2283,fr-FR,97.5,2,0,1,1,7.34,True
2283,es-ES,97.0,3,0,1,2,6.55,True
2287,es-ES,95.5,3,0,2,1,6.02,True
2287,ja-JP,97.5,2,0,1,1,1.25,True
2287,it-IT,100.0,0,0,0,0,4.18,True
2287,fr-FR,96.0,2,0,2,0,3.05,True
2287,de-DE,93.0,11,0,1,10,4.91,True
2288,es-ES,97.5,2,0,1,1,3.67,True
2288,zh-CN,93.0,5,0,3,2,2.99,True
2288,ja-JP,88.0,2,1,1,0,5.28,False
2288,de-DE,96.0,5,0,1,4,1.55,True
2288,fr-FR,97.5,5,0,0,5,4.06,True
2290,fr-FR,78.5,9,1,5,3,5.25,False
2290,de-DE,98.0,1,0,1,0,4.99,True
2290,en-GB,92.0,7,0,3,4,3.03,True
2292,fr-FR,82.5,7,1,3,3,3.72,False
2292,da-DK,92.0,4,0,4,0,5.87,True
2292,es-ES,100.0,0,0,0,0,3.36,True
2292,de-DE,92.5,6,0,3,3,3.78,True
2294,fr-FR,93.0,5,0,3,2,3.33,True
2297,ja-JP,94.0,3,0,3,0,4.53,True
2297,es-ES,97.0,3,0,1,2,4.04,True
2299,de-DE,92.5,6,0,3,3,6.69,True
2299,zh-CN,100.0,0,0,0,0,3.7,True
2299,es-ES,88.0,5,1,0,4,3.84,False
2299,fr-FR,95.5,3,0,2,1,5.31,True
2305,fr-FR,98.0,4,0,0,4,3.82,True
2305,ko-KR,93.5,7,0,2,5,1.55,True
2305,es-ES,98.0,1,0,1,0,1.32,True
2306,fr-FR,98.0,4,0,0,4,2.01,True
2306,es-ES,96.5,4,0,1,3,5.41,True
2306,pl-PL,84.5,6,1,2,3,5.27,False
2306,it-IT,86.5,12,0,5,7,3.1,False
2306,nl-NL,100.0,0,0,0,0,4.97,True
2306,de-DE,100.0,0,0,0,0,3.42,True
2307,es-ES,91.0,6,0,4,2,3.97,False
2307,de-DE,93.5,7,0,2,5,7.27,True
2307,fr-FR,99.5,1,0,0,1,5.57,True
2307,zh-CN,93.5,7,0,2,5,5.33,True
2309,de-DE,95.5,9,0,0,9,6.22,True
2309,zh-CN,98.0,1,0,1,0,3.44,True
2313,es-ES,94.0,6,0,2,4,4.35,True
2313,it-IT,98.0,4,0,0,4,3.81,True
2313,de-DE,98.0,1,0,1,0,2.28,True
2313,fr-FR,100.0,0,0,0,0,5.84,True
2314,de-DE,93.5,7,0,2,5,2.25,True
2314,es-ES,95.5,6,0,1,5,1.09,True
2314,ja-JP,98.5,3,0,0,3,1.59,True
2316,de-DE,98.0,1,0,1,0,5.71,True
2316,ja-JP,83.0,9,1,2,6,6.64,False
2316,ko-KR,93.5,7,0,2,5,2.3,True
2319,de-DE,91.0,6,0,4,2,6.99,False
2319,ko-KR,98.0,4,0,0,4,1.71,True
2319,fr-FR,93.0,8,0,2,6,3.73,True
2319,zh-CN,81.0,10,1,3,6,4.76,False
2319,ja-JP,97.5,2,0,1,1,5.26,True
2322,fr-FR,98.0,1,0,1,0,4.05,True
2322,de-DE,94.0,3,0,3,0,6.81,True
2322,es-ES,98.5,3,0,0,3,5.55,True
2322,da-DK,98.0,1,0,1,0,6.92,True
2326,fr-FR,98.0,4,0,0,4,1.01,True
2326,de-DE,98.0,4,0,0,4,4.27,True
2326,da-DK,98.5,3,0,0,3,6.38,True
2327,de-DE,100.0,0,0,0,0,5.79,True
2327,es-ES,100.0,0,0,0,0,2.4,True
2327,fr-FR,99.0,2,0,0,2,7.39,True
2327,ja-JP,97.5,2,0,1,1,7.31,True
2327,ko-KR,94.0,3,0,3,0,1.7,True
2329,es-ES,97.5,2,0,1,1,3.03,True
2329,ja-JP,95.5,3,0,2,1,1.99,True
2329,de-DE,99.0,2,0,0,2,7.18,True
2329,ko-KR,92.0,7,0,3,4,7.98,True
2329,fr-FR,95.5,3,0,2,1,4.98,True
2334,de-DE,97.0,3,0,1,2,3.4,True
2334,es-ES,95.0,4,0,2,2,1.62,True
2334,en-US,94.0,9,0,1,8,2.37,True
2334,fr-FR,93.0,5,0,3,2,2.29,True
2338,de-DE,100.0,0,0,0,0,3.28,True
2339,ja-JP,98.0,4,0,0,4,6.08,True
2339,de-DE,95.0,7,0,1,6,4.98,True
2339,ko-KR,97.0,3,0,1,2,7.81,True
2339,es-ES,93.0,11,0,1,10,2.55,True
2339,fr-FR,94.5,5,0,2,3,7.85,True
2340,de-DE,99.0,2,0,0,2,1.62,True
2340,es-ES,93.0,8,0,2,6,5.48,True
2340,fr-FR,99.5,1,0,0,1,7.86,True
2340,ja-JP,95.5,9,0,0,9,7.23,True
2341,it-IT,98.0,1,0,1,0,5.44,True
2341,es-ES,84.5,6,1,2,3,2.77,False
2342,de-DE,96.0,2,0,2,0,7.64,True
2345,de-DE,96.0,8,0,0,8,7.54,True
2345,ja-JP,89.5,9,0,4,5,2.31,False
2345,es-ES,91.5,5,0,4,1,3.19,False
2346,fr-FR,97.0,3,0,1,2,5.54,True
2346,de-DE,97.0,3,0,1,2,5.61,True
2346,es-ES,94.0,9,0,1,8,3.7,True
2346,da-DK,96.0,2,0,2,0,6.52,True
2347,de-DE,100.0,0,0,0,0,5.31,True
2347,zh-CN,93.5,7,0,2,5,7.64,True
2347,ja-JP,96.0,2,0,2,0,5.49,True
2347,fr-FR,94.0,3,0,3,0,4.97,True
2347,ko-KR,93.5,4,0,3,1,1.66,True
2349,de-DE,97.5,5,0,0,5,3.48,True
2354,zh-CN,79.5,10,1,4,5,6.57,False
2354,de-DE,97.0,3,0,1,2,5.84,True
2354,fr-FR,94.5,5,0,2,3,2.29,True
2356,ja-JP,96.5,4,0,1,3,5.97,True
2356,de-DE,93.5,7,0,2,5,4.96,True
2356,pt-BR,96.0,8,0,0,8,5.31,True
2356,es-ES,97.5,5,0,0,5,7.67,True
2356,fr-FR,94.0,9,0,1,8,4.53,True
2360,fr-FR,98.5,3,0,0,3,2.34,True
2360,de-DE,93.5,4,0,3,1,6.15,True
2360,en-GB,83.0,9,1,2,6,7.72,False
2361,ja-JP,100.0,0,0,0,0,4.28,True
2361,de-DE,94.0,3,0,3,0,2.64,True
2363,de-DE,95.0,4,0,2,2,5.01,True
2363,fr-FR,94.0,3,0,3,0,5.81,True
2363,es-ES,95.5,9,0,0,9,4.25,True
2363,ja-JP,99.5,1,0,0,1,3.6,True
2363,it-IT,98.5,3,0,0,3,5.32,True
2368,de-DE,100.0,0,0,0,0,2.69,True
2368,en-US,96.5,4,0,1,3,6.19,True
2368,ja-JP,87.0,7,1,0,6,4.2,False
2368,fr-FR,96.5,4,0,1,3,7.86,True
2369,fr-FR,85.5,4,1,2,1,1.05,False
2369,zh-CN,100.0,0,0,0,0,6.39,True
2369,de-DE,92.5,9,0,2,7,3.3,True
2370,de-DE,93.0,8,0,2,6,3.64,True
2371,de-DE,96.0,8,0,0,8,2.09,True
2371,ja-JP,97.5,2,0,1,1,5.73,True
2372,fr-FR,95.0,7,0,1,6,5.3,True
2372,ja-JP,97.0,3,0,1,2,1.35,True
2372,es-ES,98.0,1,0,1,0,1.07,True
2372,de-DE,96.0,8,0,0,8,2.53,True
2375,en-US,100.0,0,0,0,0,5.94,True
2375,de-DE,87.5,10,0,5,5,5.43,False
2375,es-ES,99.5,1,0,0,1,5.38,True
2377,de-DE,70.0,12,2,5,5,2.96,False
2377,ja-JP,89.5,2,1,0,1,2.67,False
2377,fr-FR,95.0,7,0,1,6,5.13,True
2377,es-ES,89.5,12,0,3,9,1.99,False
2381,de-DE,90.0,8,0,4,4,6.34,False
2382,en-GB,96.0,2,0,2,0,3.64,True
2382,ja-JP,95.0,4,0,2,2,2.25,True
2382,es-ES,96.5,4,0,1,3,3.31,True
2382,de-DE,90.0,8,0,4,4,3.99,False
2382,fr-FR,97.5,2,0,1,1,1.1,True
2383,es-ES,87.5,6,1,0,5,3.06,False
2383,ja-JP,94.0,9,0,1,8,2.23,True
2383,de-DE,99.5,1,0,0,1,6.03,True
2383,fr-FR,89.0,10,0,4,6,2.47,False
2384,ja-JP,95.5,3,0,2,1,4.45,True
2384,de-DE,95.0,4,0,2,2,6.51,True
2384,it-IT,95.0,7,0,1,6,2.92,True
2384,es-ES,95.5,3,0,2,1,7.37,True
2384,fr-FR,91.0,9,0,3,6,7.21,False
2385,es-ES,94.0,9,0,1,8,4.65,True
2385,fr-FR,90.5,10,0,3,7,5.8,False
2385,zh-CN,96.5,4,0,1,3,7.41,True
2385,de-DE,99.5,1,0,0,1,1.32,True
2387,es-ES,95.5,3,0,2,1,3.36,True
2387,ja-JP,90.5,7,0,4,3,4.57,False
2388,fr-FR,91.5,11,0,2,9,4.76,False
2388,zh-CN,95.0,4,0,2,2,2.59,True
2388,de-DE,97.0,3,0,1,2,1.34,True
2394,es-ES,96.0,5,0,1,4,4.24,True
2396,fr-FR,97.5,2,0,1,1,4.28,True
2396,ko-KR,91.5,11,0,2,9,4.82,False
2396,ja-JP,95.5,9,0,0,9,2.61,True
2396,de-DE,91.5,8,0,3,5,3.44,False
2396,es-ES,95.0,7,0,1,6,6.02,True
2401,es-ES,85.0,15,0,5,10,4.88,False
2401,de-DE,93.5,10,0,1,9,2.51,True
2401,ja-JP,92.5,9,0,2,7,2.21,True
2402,fr-FR,90.5,10,0,3,7,3.11,False
2402,ja-JP,99.5,1,0,0,1,3.67,True
2402,ko-KR,97.5,2,0,1,1,6.57,True
2402,es-ES,98.5,3,0,0,3,6.85,True
2403,ja-JP,100.0,0,0,0,0,4.16,True
2403,it-IT,95.5,3,0,2,1,2.94,True
2403,es-ES,98.0,4,0,0,4,1.63,True
2409,de-DE,97.5,2,0,1,1,4.1,True
2409,fr-FR,96.5,4,0,1,3,3.71,True
2409,ko-KR,85.5,7,1,1,5,4.89,False
2410,fr-FR,95.0,7,0,1,6,4.77,True
2410,es-ES,81.5,12,1,2,9,7.52,False
2410,de-DE,99.5,1,0,0,1,4.66,True
2410,ja-JP,100.0,0,0,0,0,3.72,True
2413,de-DE,97.0,6,0,0,6,2.78,True
2416,fr-FR,99.0,2,0,0,2,6.95,True
2416,nl-NL,95.5,3,0,2,1,6.54,True
2417,fr-FR,97.5,2,0,1,1,7.76,True
2417,en-GB,94.0,6,0,2,4,3.86,True
2417,de-DE,80.0,9,1,4,4,7.45,False
2418,ja-JP,85.5,7,1,1,5,7.05,False
2418,de-DE,98.0,1,0,1,0,1.39,True
2418,es-ES,95.0,7,0,1,6,7.45,True
2418,fr-FR,98.0,1,0,1,0,4.82,True
2419,de-DE,97.5,2,0,1,1,3.42,True
2419,es-ES,82.0,11,1,2,8,5.59,False
2419,fr-FR,100.0,0,0,0,0,7.05,True
2422,es-ES,95.0,7,0,1,6,6.63,True
2422,de-DE,95.5,9,0,0,9,3.69,True
2422,ja-JP,87.5,6,1,0,5,3.21,False
2422,fr-FR,97.0,3,0,1,2,6.41,True
2422,it-IT,79.0,11,1,4,6,1.98,False
2425,zh-CN,88.5,4,1,0,3,5.6,False
2429,pt-BR,95.0,7,0,1,6,2.34,True
2429,it-IT,96.0,5,0,1,4,6.66,True
2429,es-ES,93.5,4,0,3,1,6.05,True
2429,fr-FR,99.0,2,0,0,2,3.45,True
2429,de-DE,89.0,13,0,3,10,2.66,False
2432,zh-CN,93.0,8,0,2,6,4.59,True
2432,ja-JP,98.5,3,0,0,3,1.46,True
2435,es-ES,93.5,7,0,2,5,4.62,True
2435,de-DE,83.0,9,1,2,6,2.43,False
2435,fr-FR,88.0,5,1,0,4,5.66,False
2435,it-IT,98.0,1,0,1,0,7.08,True
2439,fr-FR,97.5,5,0,0,5,2.53,True
2439,ja-JP,97.5,2,0,1,1,4.96,True
2439,de-DE,98.5,3,0,0,3,6.69,True
2440,es-ES,94.5,8,0,1,7,7.44,True
2443,ja-JP,96.0,2,0,2,0,7.24,True
2443,es-ES,99.0,2,0,0,2,1.0,True
2444,ja-JP,96.5,4,0,1,3,5.71,True
2444,fr-FR,96.0,5,0,1,4,5.27,True
2444,de-DE,91.5,8,0,3,5,4.95,False
2444,en-US,98.0,4,0,0,4,1.48,True
2445,es-ES,98.0,1,0,1,0,6.36,True
2445,fr-FR,97.5,2,0,1,1,6.28,True
2445,ja-JP,98.0,4,0,0,4,7.64,True
2445,de-DE,95.0,4,0,2,2,4.12,True
2446,fr-FR,83.0,6,1,3,2,5.97,False
2446,es-ES,95.5,6,0,1,5,5.77,True
2446,it-IT,89.0,10,0,4,6,5.82,False
2446,de-DE,97.5,2,0,1,1,4.78,True
2446,pt-BR,92.5,6,0,3,3,1.62,True
2447,ko-KR,100.0,0,0,0,0,3.3,True
2447,zh-CN,95.0,7,0,1,6,1.25,True
2447,ja-JP,93.5,10,0,1,9,3.36,True
2447,de-DE,99.5,1,0,0,1,3.07,True
2447,fr-FR,97.5,5,0,0,5,6.59,True
2450,ja-JP,94.5,5,0,2,3,5.61,True
2450,it-IT,83.5,11,1,1,9,6.01,False
2452,es-ES,96.5,7,0,0,7,1.79,True
2452,de-DE,98.0,1,0,1,0,7.45,True
2452,fr-FR,96.5,7,0,0,7,1.15,True
2452,nl-NL,91.0,9,0,3,6,6.53,False
2452,it-IT,95.0,10,0,0,10,6.23,True
2456,es-ES,96.0,2,0,2,0,7.28,True
2456,it-IT,97.5,2,0,1,1,4.73,True
2457,de-DE,99.0,2,0,0,2,4.08,True
2457,es-ES,98.0,4,0,0,4,4.37,True
2457,ja-JP,98.0,4,0,0,4,1.08,True
2457,fr-FR,95.5,3,0,2,1,5.59,True
2459,ja-JP,89.5,12,0,3,9,2.25,False
2459,de-DE,91.0,12,0,2,10,7.06,False
2459,en-GB,98.0,4,0,0,4,4.93,True
2459,fr-FR,95.5,6,0,1,5,2.32,True
2459,es-ES,94.0,9,0,1,8,5.01,True
2467,fr-FR,92.5,6,0,3,3,5.49,True
2467,de-DE,82.5,10,1,2,7,4.51,False
2467,ko-KR,93.5,4,0,3,1,4.12,True
2467,es-ES,98.5,3,0,0,3,1.83,True
2468,fr-FR,96.5,7,0,0,7,3.83,True
2468,de-DE,87.5,6,1,0,5,1.93,False
2469,it-IT,88.0,9,0,5,4,1.24,False
2469,es-ES,97.5,5,0,0,5,7.03,True
2469,pt-BR,90.0,1,1,0,0,6.63,False
2469,fr-FR,100.0,0,0,0,0,3.99,True
2470,fr-FR,94.0,6,0,2,4,1.29,True
2470,de-DE,82.0,11,1,2,8,4.48,False
2470,en-GB,92.0,10,0,2,8,2.31,True
2472,ja-JP,96.5,4,0,1,3,2.25,True
2477,fr-FR,87.5,6,1,0,5,3.24,False
2477,es-ES,99.5,1,0,0,1,4.35,True
2477,pt-BR,91.5,11,0,2,9,5.66,False
2477,de-DE,95.5,3,0,2,1,7.24,True
2477,it-IT,89.5,6,0,5,1,6.43,False
2478,ja-JP,94.0,9,0,1,8,7.42,True
2478,ko-KR,94.0,9,0,1,8,7.55,True
2478,de-DE,97.5,2,0,1,1,2.3,True
2478,fr-FR,94.5,5,0,2,3,2.09,True
2478,zh-CN,96.5,4,0,1,3,4.85,True
2480,ja-JP,97.0,3,0,1,2,7.08,True
2481,zh-CN,87.0,4,1,1,2,3.37,False
2481,de-DE,97.0,3,0,1,2,3.1,True
2481,fr-FR,95.5,3,0,2,1,1.96,True
2483,de-DE,98.5,3,0,0,3,1.89,True
2483,pl-PL,91.5,11,0,2,9,1.64,False
2483,fr-FR,98.5,3,0,0,3,7.83,True
2484,it-IT,98.5,3,0,0,3,4.36,True
2486,de-DE,98.0,4,0,0,4,2.92,True
2486,es-ES,96.5,4,0,1,3,3.1,True
2486,fr-FR,84.0,7,1,2,4,5.61,False
2486,en-US,92.0,4,0,4,0,1.47,True
2487,fr-FR,89.0,13,0,3,10,7.68,False
2487,es-ES,96.5,4,0,1,3,3.93,True
2487,zh-CN,96.5,4,0,1,3,6.56,True
2487,de-DE,95.5,6,0,1,5,2.98,True
2488,it-IT,81.0,7,1,4,2,5.92,False
2488,de-DE,92.5,6,0,3,3,7.78,True
2488,fr-FR,100.0,0,0,0,0,2.46,True
2491,de-DE,98.5,3,0,0,3,3.83,True
2491,fr-FR,99.5,1,0,0,1,1.93,True
2491,ja-JP,96.5,7,0,0,7,5.99,True
2491,zh-CN,96.0,5,0,1,4,4.39,True
2491,ko-KR,93.5,7,0,2,5,5.63,True
2492,de-DE,92.0,10,0,2,8,2.77,True
2495,fr-FR,93.0,8,0,2,6,1.72,True
2495,ja-JP,95.0,4,0,2,2,2.66,True
2496,ja-JP,95.0,10,0,0,10,6.7,True
2496,de-DE,95.5,3,0,2,1,3.71,True
2496,zh-CN,95.0,10,0,0,10,7.7,True
2496,ko-KR,98.0,4,0,0,4,6.15,True
2496,fr-FR,97.0,3,0,1,2,6.56,True
2497,es-ES,84.0,4,1,3,0,4.8,False
2497,fr-FR,91.5,5,0,4,1,6.59,False
2497,zh-CN,99.5,1,0,0,1,1.57,True
2497,de-DE,97.5,5,0,0,5,5.21,True
2498,ko-KR,91.5,11,0,2,9,2.78,False
2498,ja-JP,86.5,8,1,0,7,3.52,False
2500,es-ES,97.5,5,0,0,5,2.52,True
2500,ja-JP,98.0,4,0,0,4,2.32,True
